step,task_loss,bias_loss,total_loss,sps
0,22.300199508666992,0.1512451171875,22.30776023864746,
1,19.596345901489258,0.1396484375,19.60332679748535,
2,14.270048141479492,0.128173828125,14.276456832885742,
3,18.395967483520508,0.1502685546875,18.40348243713379,
4,15.096420288085938,0.135986328125,15.103218078613281,
5,13.776301383972168,0.164794921875,13.784541130065918,
6,9.665239334106445,0.1474609375,9.672613143920898,
7,6.00593376159668,0.132080078125,6.012537002563477,
8,3.1683881282806396,0.1331787109375,3.175048589706421,
9,2.5352962017059326,0.126220703125,2.5416057109832764,
10,2.1539297103881836,0.1546630859375,2.1616621017456055,
11,2.1377627849578857,0.1470947265625,2.1451175212860107,
12,2.1477158069610596,0.13818359375,2.1546242237091064,
13,2.277095317840576,0.1522216796875,2.284705638885498,
14,1.7454627752304077,0.1363525390625,1.7522796392440796,
15,2.186211585998535,0.13818359375,2.193120002746582,
16,1.4403607845306396,0.1397705078125,1.4473493099212646,
17,1.5412602424621582,0.1395263671875,1.5482373237609863,
18,1.6682912111282349,0.1419677734375,1.675390362739563,
19,2.280467987060547,0.1273193359375,2.286834716796875,
20,1.929925799369812,0.1226806640625,1.936059832572937,
21,2.094796895980835,0.120849609375,2.100839376449585,
22,1.5466400384902954,0.125732421875,1.5529266595840454,
23,1.344404697418213,0.12481689453125,1.3506455421447754,
24,1.089219331741333,0.1259765625,1.0955173969268799,
25,1.5160086154937744,0.11968994140625,1.52199387550354,
26,1.8282204866409302,0.1337890625,1.8349114656448364,
27,1.1536579132080078,0.133544921875,1.1603336334228516,
28,1.17829430103302,0.1170654296875,1.1841460466384888,
29,1.0463515520095825,0.1300048828125,1.0528517961502075,
30,1.141495943069458,0.1163330078125,1.1473133563995361,
31,1.222081184387207,0.11895751953125,1.2280282974243164,
32,1.8944019079208374,0.11932373046875,1.900368094444275,
33,1.5959516763687134,0.11651611328125,1.6017767190933228,
34,1.1969066858291626,0.1240234375,1.2031093835830688,
35,0.8810425996780396,0.1302490234375,0.8875542879104614,
36,1.729259967803955,0.1214599609375,1.73533296585083,
37,0.9876652956008911,0.10809326171875,0.9930707216262817,
38,1.2608424425125122,0.12286376953125,1.2669841051101685,
39,0.6507430076599121,0.11041259765625,0.6562628746032715,
40,1.9413625001907349,0.11395263671875,1.9470616579055786,
41,1.0121171474456787,0.11822509765625,1.0180299282073975,
42,1.1654866933822632,0.11798095703125,1.1713842153549194,
43,1.2572675943374634,0.115966796875,1.2630659341812134,
44,0.8786630630493164,0.11541748046875,0.884434700012207,
45,0.5458793640136719,0.118408203125,0.5517997741699219,
46,0.8085364103317261,0.11151123046875,0.8141134977340698,
47,0.7593929171562195,0.1104736328125,0.7649165987968445,
48,0.7782710790634155,0.1192626953125,0.7842334508895874,
49,0.5036554336547852,0.113525390625,0.5093317031860352,
50,1.2644047737121582,0.12237548828125,1.2705235481262207,
51,0.8888248205184937,0.10760498046875,0.8942035436630249,
52,1.0391935110092163,0.11456298828125,1.044923186302185,
53,0.5631071329116821,0.1123046875,0.5687223672866821,
54,0.6053798794746399,0.10406494140625,0.6105831265449524,
55,1.106924057006836,0.1162109375,1.1127338409423828,
56,1.2427892684936523,0.11395263671875,1.248488426208496,
57,0.8718963861465454,0.1080322265625,0.8772979974746704,
58,0.7123228907585144,0.10308837890625,0.7174765467643738,
59,0.7311938405036926,0.104248046875,0.7364047169685364,
60,0.8580667972564697,0.1123046875,0.8636820316314697,
61,0.42154476046562195,0.1051025390625,0.4268014132976532,
62,0.9147433042526245,0.1007080078125,0.9197787046432495,
63,1.1068512201309204,0.11224365234375,1.1124626398086548,
64,0.7509583830833435,0.10772705078125,0.756344735622406,
65,0.8497733473777771,0.0977783203125,0.8546637892723083,
66,0.6729733347892761,0.10205078125,0.6780773997306824,
67,1.2469326257705688,0.10943603515625,1.252402901649475,
68,0.9711607098579407,0.111572265625,0.9767377972602844,
69,0.38888129591941833,0.1065673828125,0.39421042799949646,
70,0.9193636178970337,0.104248046875,0.9245744943618774,
71,1.3414294719696045,0.104736328125,1.3466670513153076,
72,0.5967056155204773,0.10430908203125,0.6019203066825867,
73,1.2326873540878296,0.10443115234375,1.2379096746444702,
74,0.6832818984985352,0.10479736328125,0.6885232925415039,
75,0.5741096138954163,0.11248779296875,0.5797324776649475,
76,0.4681653082370758,0.11053466796875,0.47369280457496643,
77,0.44118911027908325,0.1046142578125,0.4464190602302551,
78,0.31029772758483887,0.11029052734375,0.3158137798309326,
79,0.6191125512123108,0.09991455078125,0.6241098046302795,
80,0.6635770201683044,0.110107421875,0.6690816283226013,
81,0.6429598331451416,0.0997314453125,0.6479456424713135,
82,0.4904312789440155,0.104736328125,0.49566885828971863,
83,0.5933749675750732,0.121826171875,0.5994670391082764,
84,1.2142308950424194,0.1021728515625,1.2193387746810913,
85,0.40424832701683044,0.11383056640625,0.40993985533714294,
86,0.5637725591659546,0.1162109375,0.5695823431015015,
87,0.4647035002708435,0.1092529296875,0.4701661467552185,
88,0.8045963644981384,0.11669921875,0.8104328513145447,
89,1.0515093803405762,0.10260009765625,1.0566401481628418,
90,0.5339424014091492,0.10986328125,0.5394355654716492,
91,0.3091225028038025,0.1107177734375,0.31465762853622437,
92,1.190325379371643,0.118408203125,1.196245789527893,
93,0.6610099673271179,0.1156005859375,0.6667892336845398,
94,0.9104725122451782,0.10772705078125,0.9158588647842407,
95,0.7602334022521973,0.12139892578125,0.7663025856018066,
96,1.093578815460205,0.11920166015625,1.0995373725891113,
97,0.8467717170715332,0.12445068359375,0.8529934883117676,
98,1.1789000034332275,0.126953125,1.1852476596832275,
99,0.5189293622970581,0.1075439453125,0.5243080854415894,
100,1.0969040393829346,0.1275634765625,1.1032822132110596,
101,0.6645004749298096,0.125732421875,0.6707870960235596,
102,0.49184146523475647,0.1209716796875,0.4978915750980377,
103,0.571108877658844,0.1270751953125,0.5774641633033752,
104,0.83279949426651,0.1231689453125,0.8389564156532288,
105,0.9859872460365295,0.11279296875,0.9916253685951233,
106,0.4219496250152588,0.1136474609375,0.42763352394104004,
107,0.9138020277023315,0.11346435546875,0.9194744825363159,
108,0.524648129940033,0.1251220703125,0.530904233455658,
109,1.0893986225128174,0.1124267578125,1.0950214862823486,
110,0.441986083984375,0.1148681640625,0.44773101806640625,
111,0.5283945202827454,0.11810302734375,0.5342996716499329,
112,0.8882601261138916,0.1168212890625,0.8941004276275635,
113,0.7004364728927612,0.1123046875,0.7060517072677612,
114,0.9418821930885315,0.11614990234375,0.9476881623268127,
115,0.4862055778503418,0.1102294921875,0.4917178153991699,
116,0.9906898140907288,0.11346435546875,0.9963622689247131,
117,0.8569587469100952,0.11541748046875,0.8627303838729858,
118,0.8763701319694519,0.1181640625,0.882279098033905,
119,1.2557886838912964,0.1165771484375,1.2616175413131714,
120,0.353101521730423,0.11181640625,0.3586938679218292,
121,0.5354436039924622,0.10601806640625,0.5407460331916809,
122,0.6232026219367981,0.11492919921875,0.6289475560188293,
123,0.9815444946289062,0.1085205078125,0.986968994140625,
124,0.7012905478477478,0.10821533203125,0.706699788570404,
125,0.34498655796051025,0.10931396484375,0.3504530191421509,
126,0.8928616046905518,0.12420654296875,0.8990719318389893,
127,0.6374695897102356,0.10125732421875,0.64253169298172,
128,0.8129587173461914,0.105224609375,0.8182191848754883,
129,0.6732091903686523,0.104736328125,0.6784467697143555,
130,0.5796020030975342,0.10565185546875,0.5848853588104248,
131,1.0935773849487305,0.11187744140625,1.0991697311401367,
132,0.598196268081665,0.105224609375,0.6034567356109619,
133,0.5908010601997375,0.103271484375,0.5959661602973938,
134,0.7250638604164124,0.10223388671875,0.7301755547523499,
135,1.4219567775726318,0.10845947265625,1.4273812770843506,
136,1.115883469581604,0.11322021484375,1.1215444803237915,
137,0.7836931943893433,0.11383056640625,0.7893847227096558,
138,0.4614633619785309,0.0997314453125,0.46644917130470276,
139,0.5906420350074768,0.109619140625,0.5961237549781799,
140,0.6056051254272461,0.10430908203125,0.6108198165893555,
141,0.7634299397468567,0.09796142578125,0.7683280110359192,
142,0.49966105818748474,0.09820556640625,0.5045706033706665,
143,0.5578347444534302,0.10076904296875,0.5628739595413208,
144,0.7034955620765686,0.106201171875,0.7088056206703186,
145,0.9612588286399841,0.10498046875,0.9665078520774841,
146,0.8988487720489502,0.115234375,0.904608964920044,
147,0.8463255763053894,0.10894775390625,0.8517729640007019,
148,0.3337816596031189,0.10394287109375,0.33897727727890015,
149,0.8151178956031799,0.1021728515625,0.8202257752418518,
150,1.2937709093093872,0.11273193359375,1.299409031867981,
151,1.2877248525619507,0.107666015625,1.2931073904037476,
152,1.2409573793411255,0.11181640625,1.2465497255325317,
153,0.5482535362243652,0.09674072265625,0.5530905723571777,
154,0.8039349317550659,0.1107177734375,0.8094700574874878,
155,0.5471645593643188,0.1060791015625,0.5524669885635376,
156,0.5965766310691833,0.10272216796875,0.6017112135887146,
157,0.7539913058280945,0.10247802734375,0.7591144442558289,
158,0.5540174245834351,0.09503173828125,0.5587705373764038,
159,0.7280893325805664,0.107421875,0.7334604263305664,
160,0.8999398946762085,0.1112060546875,0.9055017232894897,
161,0.4968867897987366,0.104248046875,0.5020976662635803,
162,1.177878975868225,0.1060791015625,1.1831814050674438,
163,0.9037732481956482,0.1060791015625,0.9090756773948669,
164,1.203216791152954,0.09954833984375,1.2081949710845947,
165,1.204270601272583,0.10076904296875,1.2093098163604736,
166,0.6528967618942261,0.11236572265625,0.6585158109664917,
167,0.49453210830688477,0.1058349609375,0.49982309341430664,
168,0.4260263741016388,0.098388671875,0.43094733357429504,
169,0.4272773563861847,0.0928955078125,0.43192365765571594,
170,0.547024667263031,0.10595703125,0.5523232817649841,
171,0.9283787608146667,0.11273193359375,0.9340168833732605,
172,0.7329739332199097,0.09661865234375,0.7378033399581909,
173,0.6092370748519897,0.10400390625,0.6144365072250366,
174,0.6572281122207642,0.10235595703125,0.6623474359512329,
175,0.5096404552459717,0.1026611328125,0.5147750377655029,
176,0.8361774682998657,0.1085205078125,0.8416019678115845,
177,0.9972715973854065,0.0960693359375,1.0020742416381836,
178,0.45105233788490295,0.09063720703125,0.45558419823646545,
179,0.7242230772972107,0.09228515625,0.7288388609886169,
180,0.7293299436569214,0.09271240234375,0.7339648008346558,
181,0.7693268060684204,0.10498046875,0.7745758295059204,
182,0.9939228296279907,0.1015625,0.9990001916885376,
183,0.6054862141609192,0.10064697265625,0.6105177998542786,
184,0.45000866055488586,0.10430908203125,0.45522335171699524,
185,0.49132007360458374,0.095703125,0.4961037039756775,
186,0.7356261014938354,0.1019287109375,0.7407225370407104,
187,0.5409009456634521,0.0965576171875,0.5457303524017334,
188,0.9791245460510254,0.105224609375,0.9843850135803223,
189,0.5774754285812378,0.09375,0.5821636915206909,
190,0.6803823709487915,0.0943603515625,0.6851011514663696,
191,0.35661581158638,0.08740234375,0.36098745465278625,
192,0.5577314496040344,0.09857177734375,0.5626600384712219,
193,0.6209269762039185,0.096435546875,0.6257487535476685,
194,0.6497986912727356,0.093994140625,0.6544983983039856,
195,0.506956934928894,0.09844970703125,0.5118778944015503,
196,0.2966748774051666,0.08233642578125,0.300790935754776,
197,0.4279167652130127,0.0941162109375,0.43262410163879395,
198,0.9038376212120056,0.09967041015625,0.9088196158409119,
199,0.3393608033657074,0.0855712890625,0.34364089369773865,
200,0.5062748789787292,0.09259033203125,0.510905921459198,
201,0.9892114400863647,0.101318359375,0.9942773580551147,
202,0.4765039086341858,0.09857177734375,0.4814324975013733,
203,0.35283777117729187,0.09234619140625,0.3574535548686981,
204,0.5969163179397583,0.09716796875,0.6017762422561646,
205,0.7820308804512024,0.101806640625,0.7871196866035461,
206,0.546265184879303,0.091064453125,0.5508199334144592,
207,0.6645371317863464,0.08905029296875,0.6689888834953308,
208,0.861752986907959,0.10491943359375,0.8669981956481934,
209,0.9401179552078247,0.1060791015625,0.9454203844070435,
210,1.4711949825286865,0.1043701171875,1.4764134883880615,
211,0.6677992343902588,0.1007080078125,0.6728346347808838,
212,0.5780805945396423,0.08984375,0.5825743079185486,
213,1.5056670904159546,0.1187744140625,1.5116065740585327,
214,0.6930833458900452,0.10369873046875,0.6982675194740295,
215,0.6726641058921814,0.10302734375,0.6778139472007751,
216,0.6618733406066895,0.10198974609375,0.6669735908508301,
217,0.48949676752090454,0.11083984375,0.49503952264785767,
218,0.6751923561096191,0.10174560546875,0.6802811622619629,
219,0.8139696717262268,0.1114501953125,0.8195429444313049,
220,0.7379197478294373,0.11041259765625,0.7434396147727966,
221,0.9603263735771179,0.10577392578125,0.9656135439872742,
222,0.7682688236236572,0.11334228515625,0.773937463760376,
223,0.5477318167686462,0.0987548828125,0.552668035030365,
224,0.5000756978988647,0.09820556640625,0.5049852132797241,
225,0.6618728637695312,0.10699462890625,0.6672210693359375,
226,0.6349886059761047,0.1048583984375,0.6402300000190735,
227,0.5865500569343567,0.09918212890625,0.5915091633796692,
228,0.4150925278663635,0.0865478515625,0.4194183945655823,
229,0.5554537773132324,0.09674072265625,0.5602908134460449,
230,0.7757092714309692,0.09661865234375,0.7805386781692505,
231,0.7319797277450562,0.0966796875,0.736812949180603,
232,1.0531947612762451,0.09796142578125,1.0580928325653076,
233,0.8208182454109192,0.10205078125,0.8259223103523254,
234,0.47049397230148315,0.08984375,0.4749876856803894,
235,0.6323862075805664,0.093017578125,0.6370363235473633,
236,0.7594954371452332,0.09368896484375,0.7641798853874207,
237,0.6276260614395142,0.10052490234375,0.6326538324356079,
238,0.8334823846817017,0.09564208984375,0.8382660150527954,
239,0.6689274311065674,0.09564208984375,0.6737110614776611,
240,0.7156544327735901,0.1044921875,0.7208805680274963,
241,0.4084720015525818,0.0828857421875,0.41261476278305054,
242,1.453635334968567,0.1064453125,1.4589568376541138,
243,0.47749149799346924,0.09771728515625,0.48237812519073486,
244,0.6273008584976196,0.10369873046875,0.632485032081604,
245,0.37002867460250854,0.09832763671875,0.37494581937789917,
246,0.535393238067627,0.09539794921875,0.5401616096496582,
247,0.722379207611084,0.09344482421875,0.7270522117614746,
248,0.8074062466621399,0.08984375,0.8118999600410461,
249,0.6245231032371521,0.091552734375,0.6291007399559021,
250,0.6105777621269226,0.08319091796875,0.6147357821464539,
251,1.4961817264556885,0.08642578125,1.5005037784576416,
252,0.6941264867782593,0.09521484375,0.6988872289657593,
253,1.088873028755188,0.1024169921875,1.0939923524856567,
254,0.4187031090259552,0.08868408203125,0.42313578724861145,
255,0.6715134978294373,0.08642578125,0.6758355498313904,
256,0.8551509976387024,0.09844970703125,0.8600719571113586,
257,0.5817004442214966,0.085205078125,0.5859614610671997,
258,0.4106142818927765,0.09173583984375,0.41519954800605774,
259,1.101842999458313,0.1031494140625,1.107000470161438,
260,0.7564640641212463,0.09405517578125,0.761167585849762,
261,0.6171395182609558,0.0928955078125,0.6217858195304871,
262,0.5113887190818787,0.09375,0.5160769820213318,
263,0.7785597443580627,0.0882568359375,0.7829733490943909,
264,0.6196957230567932,0.08734130859375,0.6240635514259338,
265,0.9034920930862427,0.09259033203125,0.9081231355667114,
266,0.6356338262557983,0.0892333984375,0.6400970220565796,
267,0.6567758321762085,0.08197021484375,0.6608728170394897,
268,0.5294033288955688,0.0875244140625,0.5337787866592407,
269,0.38443028926849365,0.072509765625,0.3880561590194702,
270,0.5645407438278198,0.07861328125,0.5684698820114136,
271,0.5455868244171143,0.0780029296875,0.5494873523712158,
272,0.5735682845115662,0.0777587890625,0.577455461025238,
273,0.5900431871414185,0.08233642578125,0.5941592454910278,
274,0.6446387767791748,0.0836181640625,0.6488196849822998,
275,0.6989823579788208,0.07696533203125,0.7028313875198364,
276,0.8575524091720581,0.08502197265625,0.8618019819259644,
277,0.5814275741577148,0.08465576171875,0.5856618881225586,
278,0.3173277974128723,0.06964111328125,0.32081061601638794,
279,1.0815783739089966,0.08935546875,1.0860453844070435,
280,0.46748223900794983,0.07745361328125,0.4713541567325592,
281,1.374017596244812,0.09710693359375,1.3788737058639526,
282,0.7734788060188293,0.07708740234375,0.7773335576057434,
283,0.4785297214984894,0.07330322265625,0.482195645570755,
284,0.4814234972000122,0.07574462890625,0.48521149158477783,
285,0.4977380633354187,0.08917236328125,0.5021974444389343,
286,0.38951635360717773,0.068359375,0.39293432235717773,
287,0.3962329626083374,0.07611083984375,0.40003812313079834,
288,0.6705507636070251,0.07965087890625,0.6745333075523376,
289,0.5873919129371643,0.0799560546875,0.5913897156715393,
290,0.8055042028427124,0.07684326171875,0.8093456029891968,
291,0.5849014520645142,0.07177734375,0.5884910821914673,
292,0.5900915265083313,0.07720947265625,0.5939520001411438,
293,0.6287438273429871,0.07586669921875,0.6325375437736511,
294,1.0800825357437134,0.08160400390625,1.0841642618179321,
295,0.8893653154373169,0.074462890625,0.8930884599685669,
296,0.5075957775115967,0.080322265625,0.5116126537322998,
297,0.6160605549812317,0.0738525390625,0.6197531819343567,
298,0.8195575475692749,0.0831298828125,0.8237155675888062,
299,0.5141292214393616,0.07427978515625,0.5178428292274475,
300,0.6836881041526794,0.07525634765625,0.6874513030052185,
301,0.4799613654613495,0.07421875,0.4836730659008026,
302,1.2360433340072632,0.0831298828125,1.2402013540267944,
303,0.5822516083717346,0.0704345703125,0.5857725739479065,
304,0.5711981058120728,0.0655517578125,0.5744749307632446,
305,0.5851026177406311,0.06829833984375,0.5885167717933655,
306,0.542770266532898,0.0670166015625,0.5461214780807495,
307,0.4679156243801117,0.07086181640625,0.4714594781398773,
308,0.4542649984359741,0.07476806640625,0.4580034017562866,
309,0.7030792236328125,0.079833984375,0.7070693969726562,
310,0.5832411050796509,0.075927734375,0.5870367288589478,
311,0.6306098103523254,0.07550048828125,0.6343844532966614,
312,0.8677584528923035,0.07049560546875,0.871283233165741,
313,0.8157489895820618,0.07293701171875,0.8193958401679993,
314,0.8540402054786682,0.08905029296875,0.8584919571876526,
315,0.6308351755142212,0.07330322265625,0.6345010995864868,
316,0.8562262654304504,0.07928466796875,0.8601897358894348,
317,0.7038297057151794,0.07470703125,0.7075642943382263,
318,0.6870223879814148,0.08294677734375,0.6911689639091492,
319,0.7314534187316895,0.0777587890625,0.7353405952453613,
320,0.4488612115383148,0.07818603515625,0.45277127623558044,
321,0.8748816847801208,0.08282470703125,0.8790244460105896,
322,0.43830180168151855,0.06365966796875,0.4414851665496826,
323,0.6767188310623169,0.08551025390625,0.6809951066970825,
324,0.6782278418540955,0.0819091796875,0.6823248267173767,
325,0.7289629578590393,0.07843017578125,0.7328844666481018,
326,1.2576305866241455,0.091064453125,1.2621853351593018,
327,0.7836205363273621,0.06976318359375,0.7871090769767761,
328,0.9245627522468567,0.07830810546875,0.9284766316413879,
329,0.9250472784042358,0.07843017578125,0.9289687871932983,
330,0.7452118992805481,0.0762939453125,0.7490265965461731,
331,0.7590645551681519,0.08502197265625,0.7633141279220581,
332,0.6702869534492493,0.08642578125,0.6746090054512024,
333,1.201952576637268,0.07794189453125,1.205849289894104,
334,0.653005063533783,0.061248779296875,0.6560682654380798,
335,0.4732401371002197,0.071044921875,0.4767916202545166,
336,0.5140860676765442,0.06884765625,0.5175288319587708,
337,0.4751594066619873,0.08184814453125,0.47925257682800293,
338,0.6464195251464844,0.08123779296875,0.650482177734375,
339,0.8037068247795105,0.06842041015625,0.8071286082267761,
340,0.9484432339668274,0.0755615234375,0.952221691608429,
341,0.7841742634773254,0.09112548828125,0.7887290120124817,
342,0.690701425075531,0.0789794921875,0.6946496367454529,
343,0.7128199338912964,0.06365966796875,0.7160032987594604,
344,0.687038242816925,0.08441162109375,0.6912572979927063,
345,0.7676516175270081,0.0828857421875,0.7717943787574768,
346,0.5650526285171509,0.0797119140625,0.569038987159729,
347,0.5826534628868103,0.08056640625,0.5866817831993103,
348,0.3679472804069519,0.07476806640625,0.3716856837272644,
349,0.6906636357307434,0.082763671875,0.6948025822639465,
350,0.9813438653945923,0.07452392578125,0.9850708246231079,
351,1.0297633409500122,0.0794677734375,1.0337382555007935,
352,0.7936541438102722,0.0828857421875,0.797796905040741,
353,0.6376601457595825,0.07354736328125,0.641337513923645,
354,0.9420331716537476,0.09039306640625,0.9465535879135132,
355,0.6295190453529358,0.072998046875,0.6331697106361389,
356,0.6609257459640503,0.0782470703125,0.6648396253585815,
357,0.9365271925926208,0.08795166015625,0.9409255385398865,
358,0.7682070136070251,0.07281494140625,0.7718481421470642,
359,0.7713828086853027,0.06494140625,0.7746291160583496,
360,0.7754685282707214,0.08184814453125,0.7795616984367371,
361,0.5574412941932678,0.0714111328125,0.5610118508338928,
362,1.2392408847808838,0.09405517578125,1.2439444065093994,
363,0.4866672456264496,0.0611572265625,0.489724725484848,
364,0.41351041197776794,0.071044921875,0.4170618951320648,
365,0.5768394470214844,0.0771484375,0.5806961059570312,
366,0.3591354191303253,0.059326171875,0.36210134625434875,
367,0.8022414445877075,0.075927734375,0.8060370683670044,
368,0.3293493390083313,0.0565185546875,0.3321760296821594,
369,1.0128405094146729,0.08056640625,1.0168688297271729,
370,0.6369979977607727,0.0706787109375,0.6405323147773743,
371,0.862790584564209,0.0767822265625,0.8666300773620605,
372,0.5282689929008484,0.06585693359375,0.5315610766410828,
373,0.7359151840209961,0.07208251953125,0.7395200729370117,
374,0.6740710735321045,0.058349609375,0.6769893169403076,
375,0.9255236387252808,0.08203125,0.9296244382858276,
376,0.4924289584159851,0.06787109375,0.49582213163375854,
377,0.3944617807865143,0.060638427734375,0.39749446511268616,
378,0.9101479053497314,0.0828857421875,0.9142906665802002,
379,0.6659523844718933,0.07440185546875,0.6696717143058777,
380,0.6253066658973694,0.0640869140625,0.6285110116004944,
381,0.7828916311264038,0.0867919921875,0.7872327566146851,
382,0.6504505276679993,0.06719970703125,0.6538112759590149,
383,1.0744436979293823,0.0782470703125,1.0783575773239136,
384,0.8138924837112427,0.063720703125,0.8170777559280396,
385,0.5533082485198975,0.05914306640625,0.5562646389007568,
386,0.5503734946250916,0.07159423828125,0.5539535880088806,
387,0.5034751892089844,0.063720703125,0.5066604614257812,
388,0.48156800866127014,0.060272216796875,0.4845816195011139,
389,0.840153157711029,0.0736083984375,0.8438343405723572,
390,0.584909975528717,0.0743408203125,0.5886273980140686,
391,0.7190567255020142,0.0703125,0.7225719690322876,
392,0.6323126554489136,0.0693359375,0.6357802152633667,
393,0.5089393854141235,0.0540771484375,0.5116440057754517,
394,0.7464765310287476,0.0670166015625,0.7498277425765991,
395,0.73297119140625,0.076171875,0.7367801666259766,
396,0.3257732093334198,0.059417724609375,0.3287448585033417,
397,1.0137287378311157,0.0780029296875,1.0176292657852173,
398,0.5712596774101257,0.0670166015625,0.5746108889579773,
399,0.5143508315086365,0.067138671875,0.5177077651023865,
400,0.6620028018951416,0.05657958984375,0.6648313999176025,
401,0.9247978329658508,0.06695556640625,0.9281452298164368,
402,0.6804764270782471,0.07659912109375,0.6843063831329346,
403,0.5571718215942383,0.06341552734375,0.5603418350219727,
404,0.7532671689987183,0.06671142578125,0.7566031217575073,
405,0.6405007243156433,0.060638427734375,0.6435334086418152,
406,0.442217618227005,0.059722900390625,0.4452045261859894,
407,0.7363939881324768,0.07080078125,0.7399340271949768,
408,0.5369272828102112,0.05487060546875,0.5396700501441956,
409,0.7585896253585815,0.06817626953125,0.7619980573654175,
410,0.7626550793647766,0.073486328125,0.7663286328315735,
411,0.6043646931648254,0.06817626953125,0.6077731251716614,
412,0.4066725969314575,0.050933837890625,0.4092189073562622,
413,0.3938891589641571,0.06268310546875,0.39702293276786804,
414,0.9634389877319336,0.0753173828125,0.9672040939331055,
415,0.6567078828811646,0.07177734375,0.6602975130081177,
416,0.5484098792076111,0.07025146484375,0.5519232153892517,
417,0.9019531011581421,0.07080078125,0.9054931402206421,
418,0.6591159701347351,0.07513427734375,0.6628734469413757,
419,0.5440361499786377,0.0589599609375,0.5469849109649658,
420,0.5721619725227356,0.06634521484375,0.5754788517951965,
421,0.9319546222686768,0.079345703125,0.9359219074249268,
422,0.7612651586532593,0.0782470703125,0.7651790380477905,
423,0.8605207800865173,0.08233642578125,0.8646368384361267,
424,1.0022947788238525,0.07464599609375,1.0060274600982666,
425,0.4889177680015564,0.064697265625,0.4921526312828064,
426,0.6219406723976135,0.0645751953125,0.6251698136329651,
427,0.5110730528831482,0.06201171875,0.5141744017601013,
428,0.5333858132362366,0.054290771484375,0.5360999703407288,
429,0.3934333324432373,0.05377197265625,0.39612269401550293,
430,0.7530441284179688,0.0740966796875,0.7567481994628906,
431,0.28293657302856445,0.0341796875,0.28464555740356445,
432,0.3130118250846863,0.04095458984375,0.3150603175163269,
433,0.8159106969833374,0.07366943359375,0.8195937871932983,
434,0.7061888575553894,0.059173583984375,0.7091471552848816,
435,0.5182755589485168,0.0557861328125,0.5210641026496887,
436,0.38469985127449036,0.05364990234375,0.38738158345222473,
437,0.6081439852714539,0.065673828125,0.611428439617157,
438,0.4495890736579895,0.060546875,0.45261603593826294,
439,0.7134854793548584,0.05804443359375,0.716388463973999,
440,0.8647751808166504,0.06744384765625,0.8681473731994629,
441,0.7816974520683289,0.061737060546875,0.7847835421562195,
442,0.383409708738327,0.059906005859375,0.38640424609184265,
443,0.6531444787979126,0.0675048828125,0.6565204858779907,
444,0.5891332030296326,0.06573486328125,0.5924195647239685,
445,0.6442063450813293,0.060302734375,0.6472218632698059,
446,0.7479987740516663,0.059600830078125,0.7509780526161194,
447,0.5148327350616455,0.06170654296875,0.5179188251495361,
448,0.3745233714580536,0.06732177734375,0.37788984179496765,
449,0.5797332525253296,0.07098388671875,0.5832828283309937,
450,0.33065420389175415,0.05804443359375,0.3335571885108948,
451,0.5676103830337524,0.0772705078125,0.5714746713638306,
452,0.7406233549118042,0.07763671875,0.7445048093795776,
453,0.6553060412406921,0.0665283203125,0.6586324572563171,
454,0.7685766816139221,0.0721435546875,0.7721834778785706,
455,0.371005117893219,0.06378173828125,0.3741942048072815,
456,1.0946277379989624,0.087890625,1.0990222692489624,
457,0.6175192594528198,0.06317138671875,0.6206778287887573,
458,0.8374232649803162,0.08404541015625,0.8416270613670349,
459,0.3878132700920105,0.06329345703125,0.39097756147384644,
460,0.33293840289115906,0.046630859375,0.33526918292045593,
461,0.5244252681732178,0.055023193359375,0.5271756649017334,
462,0.5083901286125183,0.057037353515625,0.511241614818573,
463,0.4464346468448639,0.05694580078125,0.44928231835365295,
464,0.8010269403457642,0.0712890625,0.8045917749404907,
465,0.6094409823417664,0.06634521484375,0.6127578616142273,
466,0.7469995617866516,0.08416748046875,0.751207172870636,
467,0.9894967675209045,0.09027099609375,0.9940095543861389,
468,0.8980453014373779,0.0853271484375,0.9023101329803467,
469,0.4129836857318878,0.0635986328125,0.41616323590278625,
470,0.5522536039352417,0.06475830078125,0.5554922819137573,
471,0.6780329346656799,0.077392578125,0.6819029450416565,
472,0.9536513090133667,0.0906982421875,0.9581869840621948,
473,0.8208252191543579,0.0740966796875,0.8245292901992798,
474,0.893117368221283,0.07989501953125,0.8971113562583923,
475,0.8618377447128296,0.08709716796875,0.8661941289901733,
476,0.6315584182739258,0.07415771484375,0.6352663040161133,
477,0.3362836539745331,0.055694580078125,0.33906838297843933,
478,1.051621675491333,0.0828857421875,1.0557644367218018,
479,0.8473004102706909,0.0848388671875,0.8515423536300659,
480,0.866725742816925,0.0850830078125,0.8709791302680969,
481,0.7979500889778137,0.07403564453125,0.8016522526741028,
482,0.3690071105957031,0.053955078125,0.3717041015625,
483,0.9117547869682312,0.06256103515625,0.9148828387260437,
484,1.001606822013855,0.09124755859375,1.0061691999435425,
485,0.6297429800033569,0.07794189453125,0.6336396932601929,
486,0.5298523902893066,0.061279296875,0.5329155921936035,
487,0.7749246954917908,0.06854248046875,0.7783522009849548,
488,0.34387221932411194,0.05133056640625,0.34643951058387756,
489,0.5030575394630432,0.064208984375,0.5062676072120667,
490,0.6189003586769104,0.07049560546875,0.6224251389503479,
491,0.6319939494132996,0.0770263671875,0.635844886302948,
492,0.6331538558006287,0.066162109375,0.6364611983299255,
493,1.0441733598709106,0.077392578125,1.0480433702468872,
494,1.0938786268234253,0.074462890625,1.0976017713546753,
495,0.6459925770759583,0.07110595703125,0.6495478749275208,
496,0.8512981534004211,0.0731201171875,0.8549545407295227,
497,0.8805524706840515,0.06597900390625,0.8838521838188171,
498,0.7521392107009888,0.07269287109375,0.7557746171951294,
499,0.44414570927619934,0.060699462890625,0.44718030095100403,
500,0.5951210856437683,0.06256103515625,0.5982491374015808,
501,0.5680985450744629,0.0557861328125,0.5708870887756348,
502,0.8589940071105957,0.07073974609375,0.8625302314758301,
503,0.5194228887557983,0.06280517578125,0.5225623846054077,
504,0.4417722225189209,0.0615234375,0.44484877586364746,
505,0.5690193772315979,0.055084228515625,0.5717735886573792,
506,0.5925799012184143,0.05682373046875,0.5954218506813049,
507,0.7248354554176331,0.07012939453125,0.7283411622047424,
508,1.4006935358047485,0.07635498046875,1.4045120477676392,
509,0.6583738923072815,0.07025146484375,0.6618872284889221,
510,0.6011102199554443,0.057159423828125,0.6039674282073975,
511,0.915461540222168,0.08160400390625,0.9195432662963867,
512,0.7997317910194397,0.0694580078125,0.8032050728797913,
513,1.0068624019622803,0.0849609375,1.0111119747161865,
514,0.9935154318809509,0.08099365234375,0.9975666403770447,
515,0.6282007098197937,0.07135009765625,0.6317674517631531,
516,1.0006660223007202,0.07647705078125,1.0044902563095093,
517,0.4400020241737366,0.06573486328125,0.4432883858680725,
518,0.5002124905586243,0.06011962890625,0.5032184720039368,
519,0.76637864112854,0.0792236328125,0.7703382968902588,
520,0.5526606440544128,0.06353759765625,0.5558382868766785,
521,0.330595463514328,0.040740966796875,0.33263251185417175,
522,1.4292336702346802,0.08111572265625,1.4332886934280396,
523,1.2041923999786377,0.07257080078125,1.207820177078247,
524,0.4601188600063324,0.05035400390625,0.4626365602016449,
525,1.2225468158721924,0.07672119140625,1.2263824939727783,
526,0.5221951007843018,0.0618896484375,0.5252888202667236,
527,0.7543648481369019,0.0704345703125,0.7578858137130737,
528,0.7006704211235046,0.06781005859375,0.7040616869926453,
529,0.40125197172164917,0.055084228515625,0.4040061831474304,
530,0.5446352958679199,0.048187255859375,0.5470442771911621,
531,0.4121688902378082,0.054473876953125,0.4148925840854645,
532,0.5210233926773071,0.055877685546875,0.5238176584243774,
533,0.31813499331474304,0.049224853515625,0.32059547305107117,
534,0.8073344230651855,0.07257080078125,0.8109622001647949,
535,0.5919604301452637,0.06060791015625,0.5949912071228027,
536,1.1902625560760498,0.07855224609375,1.1941916942596436,
537,0.5021372437477112,0.061431884765625,0.5052080750465393,
538,0.726475179195404,0.057403564453125,0.7293457388877869,
539,0.3639945983886719,0.045623779296875,0.3662757873535156,
540,0.6568563580513,0.06439208984375,0.6600759625434875,
541,0.9001289010047913,0.076171875,0.9039378762245178,
542,0.4405340552330017,0.0565185546875,0.44336074590682983,
543,0.3042869567871094,0.04547119140625,0.3065605163574219,
544,0.677489161491394,0.07086181640625,0.6810330152511597,
545,0.5325919389724731,0.049774169921875,0.5350810289382935,
546,1.2177412509918213,0.07550048828125,1.2215158939361572,
547,0.4569302797317505,0.06170654296875,0.4600163698196411,
548,0.627166748046875,0.055908203125,0.6299629211425781,
549,0.7305612564086914,0.074951171875,0.734309196472168,
550,0.7412985563278198,0.055206298828125,0.7440584897994995,
551,0.46169883012771606,0.05999755859375,0.4646990895271301,
552,0.6835291981697083,0.0589599609375,0.6864779591560364,
553,0.2545488178730011,0.05010986328125,0.2570550739765167,
554,0.5023869276046753,0.055633544921875,0.5051678419113159,
555,0.9650181531906128,0.0751953125,0.9687775373458862,
556,0.4787876307964325,0.053375244140625,0.4814560115337372,
557,0.5541033148765564,0.0679931640625,0.5575022101402283,
558,0.9637903571128845,0.0765380859375,0.9676164984703064,
559,0.5498589277267456,0.06329345703125,0.5530232191085815,
560,0.9161567091941833,0.07904052734375,0.9201087355613708,
561,1.0098756551742554,0.06781005859375,1.013266921043396,
562,0.4949786067008972,0.059600830078125,0.49795788526535034,
563,0.7147903442382812,0.0655517578125,0.7180671691894531,
564,0.3290401101112366,0.052734375,0.33167606592178345,
565,1.2997783422470093,0.09197998046875,1.304378867149353,
566,1.162484049797058,0.084716796875,1.1667183637619019,
567,0.5511884689331055,0.0572509765625,0.554051399230957,
568,0.4519437849521637,0.06097412109375,0.45499172806739807,
569,0.4071774482727051,0.0594482421875,0.41014909744262695,
570,0.5506626963615417,0.059783935546875,0.5536515116691589,
571,0.28663450479507446,0.046722412109375,0.2889710068702698,
572,0.656389057636261,0.067138671875,0.659745991230011,
573,0.8719136118888855,0.07928466796875,0.8758770823478699,
574,0.5487827658653259,0.060821533203125,0.551823079586029,
575,0.4549063444137573,0.06182861328125,0.4579981565475464,
576,0.7500731348991394,0.0721435546875,0.7536799311637878,
577,0.7756073474884033,0.07623291015625,0.7794182300567627,
578,0.5386872887611389,0.060302734375,0.5417028069496155,
579,0.9266998171806335,0.07550048828125,0.9304744601249695,
580,0.5854277610778809,0.07342529296875,0.5890994071960449,
581,0.9010948538780212,0.06573486328125,0.9043812155723572,
582,0.7923449873924255,0.06768798828125,0.7957286238670349,
583,0.3806562125682831,0.044952392578125,0.3829030692577362,
584,0.8548979163169861,0.0732421875,0.8585600256919861,
585,0.46483114361763,0.05743408203125,0.46770361065864563,
586,0.7583417296409607,0.07574462890625,0.7621297240257263,
587,1.0993332862854004,0.08099365234375,1.1033844947814941,
588,0.3559146523475647,0.046875,0.35825878381729126,
589,0.2290244698524475,0.04498291015625,0.23127323389053345,
590,0.39620068669319153,0.0615234375,0.3992772400379181,
591,0.7811081409454346,0.06610107421875,0.7844135761260986,
592,0.3774348795413971,0.052978515625,0.38008418679237366,
593,1.1317330598831177,0.06982421875,1.1352235078811646,
594,0.47737154364585876,0.057464599609375,0.4802440106868744,
595,0.44980886578559875,0.062103271484375,0.4529140293598175,
596,0.6990630030632019,0.0748291015625,0.70280522108078,
597,0.5448119044303894,0.056427001953125,0.5476328730583191,
598,0.7522099614143372,0.060028076171875,0.755212128162384,
599,0.9030949473381042,0.07000732421875,0.9065949320793152,
600,0.6342077255249023,0.054656982421875,0.6369409561157227,
601,0.8841789960861206,0.05853271484375,0.887104868888855,
602,1.2751389741897583,0.07159423828125,1.2787190675735474,
603,0.5022270083427429,0.0489501953125,0.5046741366386414,
604,0.9193556308746338,0.0714111328125,0.9229261875152588,
605,0.5657749772071838,0.0594482421875,0.5687466263771057,
606,0.5691801905632019,0.0570068359375,0.5720297694206238,
607,0.5451119542121887,0.062042236328125,0.5482133030891418,
608,0.5013676285743713,0.055572509765625,0.5041466355323792,
609,0.5302807092666626,0.057952880859375,0.5331779718399048,
610,0.5595203042030334,0.07293701171875,0.563167154788971,
611,0.6826971769332886,0.07037353515625,0.6862162351608276,
612,0.8272356390953064,0.06561279296875,0.8305162787437439,
613,0.4349113404750824,0.0626220703125,0.4380432069301605,
614,0.8373285531997681,0.0701904296875,0.8408380746841431,
615,0.4368405044078827,0.051788330078125,0.43943068385124207,
616,0.8772603273391724,0.07366943359375,0.8809434175491333,
617,0.38444191217422485,0.042083740234375,0.38654571771621704,
618,0.4576999843120575,0.056884765625,0.46054384112358093,
619,0.4989013373851776,0.0472412109375,0.5012626647949219,
620,0.5918920040130615,0.05596923828125,0.5946900844573975,
621,0.7807260155677795,0.06842041015625,0.7841477990150452,
622,1.0934302806854248,0.0704345703125,1.0969512462615967,
623,0.539162814617157,0.06365966796875,0.542346179485321,
624,0.8556098341941833,0.0628662109375,0.8587531447410583,
625,1.1101047992706299,0.0762939453125,1.1139194965362549,
626,1.3598672151565552,0.08154296875,1.3639451265335083,
627,0.8457190990447998,0.07073974609375,0.8492553234100342,
628,0.6649867296218872,0.06976318359375,0.6684752702713013,
629,0.9209367036819458,0.07183837890625,0.9245282411575317,
630,0.7947536110877991,0.07708740234375,0.7986083626747131,
631,0.5921229720115662,0.07061767578125,0.5956534743309021,
632,0.6583407521247864,0.06451416015625,0.6615660786628723,
633,0.4189104735851288,0.0648193359375,0.4221510589122772,
634,0.9067602157592773,0.07647705078125,0.9105844497680664,
635,0.7627670168876648,0.08526611328125,0.7670318484306335,
636,0.7083998322486877,0.0677490234375,0.7117872834205627,
637,1.2927525043487549,0.07684326171875,1.2965939044952393,
638,0.6878058314323425,0.0606689453125,0.6908385157585144,
639,0.6035720705986023,0.070068359375,0.6070758700370789,
640,0.7452328205108643,0.06329345703125,0.7483971118927002,
641,0.9986932873725891,0.071044921875,1.0022447109222412,
642,0.541687548160553,0.05633544921875,0.544504702091217,
643,1.1199299097061157,0.07635498046875,1.1237484216690063,
644,0.6575655937194824,0.06634521484375,0.6608824729919434,
645,0.6735079288482666,0.06884765625,0.6769506931304932,
646,0.6014493703842163,0.050567626953125,0.6039785146713257,
647,0.8026516437530518,0.06903076171875,0.8061039447784424,
648,0.9241682887077332,0.061920166015625,0.9272639155387878,
649,0.746357262134552,0.060791015625,0.7493975758552551,
650,0.5405391454696655,0.053741455078125,0.5432265996932983,
651,0.5631447434425354,0.056732177734375,0.5659809708595276,
652,0.3192206621170044,0.0543212890625,0.3219367265701294,
653,0.7596855759620667,0.0789794921875,0.7636337876319885,
654,0.5455583930015564,0.053985595703125,0.5482572913169861,
655,0.5062394142150879,0.048431396484375,0.5086617469787598,
656,0.5593968033790588,0.061370849609375,0.5624657273292542,
657,0.8984888792037964,0.076171875,0.902297854423523,
658,0.618115246295929,0.06732177734375,0.621481716632843,
659,0.40682122111320496,0.045867919921875,0.4091138541698456,
660,0.4258711338043213,0.0489501953125,0.4283182621002197,
661,0.7804626822471619,0.07464599609375,0.7841953635215759,
662,0.6848602890968323,0.060577392578125,0.6878891587257385,
663,0.5788191556930542,0.05682373046875,0.5816611051559448,
664,0.6071169376373291,0.05926513671875,0.6100809574127197,
665,0.8973240256309509,0.0714111328125,0.9008945822715759,
666,0.34147995710372925,0.0467529296875,0.3438183665275574,
667,0.3292367160320282,0.03656005859375,0.331064909696579,
668,0.40000104904174805,0.051849365234375,0.40259313583374023,
669,0.6272292733192444,0.06304931640625,0.6303821206092834,
670,0.6248974204063416,0.064697265625,0.6281322836875916,
671,0.682324230670929,0.05914306640625,0.6852806210517883,
672,0.5167769193649292,0.055023193359375,0.5195273160934448,
673,0.439700722694397,0.05517578125,0.44245874881744385,
674,1.2400282621383667,0.0673828125,1.2433966398239136,
675,0.666495680809021,0.0521240234375,0.6691011190414429,
676,0.7175449132919312,0.06488037109375,0.7207893133163452,
677,0.7585324048995972,0.060150146484375,0.7615402936935425,
678,0.5426805019378662,0.0533447265625,0.5453469753265381,
679,0.6285476684570312,0.0687255859375,0.6319847106933594,
680,0.4307977557182312,0.043853759765625,0.4329912066459656,
681,0.6028603315353394,0.0626220703125,0.6059921979904175,
682,0.4721885025501251,0.048431396484375,0.474610835313797,
683,1.5840970277786255,0.07611083984375,1.5879021883010864,
684,0.6885129809379578,0.058074951171875,0.6914159655570984,
685,0.5410603284835815,0.052734375,0.5436962842941284,
686,0.6801422238349915,0.06402587890625,0.6833427548408508,
687,0.6436955332756042,0.055816650390625,0.6464859843254089,
688,0.5160359144210815,0.05902099609375,0.5189865827560425,
689,0.3581210970878601,0.043701171875,0.36030691862106323,
690,0.49611201882362366,0.06341552734375,0.49928203225135803,
691,0.5603053569793701,0.06109619140625,0.5633609294891357,
692,1.0810242891311646,0.07171630859375,1.084610104560852,
693,0.4585832357406616,0.04345703125,0.46075570583343506,
694,0.30536893010139465,0.042877197265625,0.3075127899646759,
695,0.6636137366294861,0.059326171875,0.6665796637535095,
696,0.7290395498275757,0.07110595703125,0.7325948476791382,
697,0.8705272078514099,0.0675048828125,0.873903214931488,
698,0.5325338244438171,0.048919677734375,0.5349790453910828,
699,0.8136745691299438,0.058837890625,0.8166157007217407,
700,0.4959268867969513,0.055877685546875,0.4987211525440216,
701,0.47365185618400574,0.054656982421875,0.47638508677482605,
702,0.7692436575889587,0.0631103515625,0.7723984122276306,
703,0.8471590280532837,0.0654296875,0.8504301309585571,
704,0.6843008399009705,0.0643310546875,0.6875166296958923,
705,0.5656813383102417,0.0567626953125,0.5685194730758667,
706,0.4208085238933563,0.044647216796875,0.42304012179374695,
707,0.8568955063819885,0.06463623046875,0.8601265549659729,
708,0.8146956562995911,0.06524658203125,0.8179572224617004,
709,0.5885557532310486,0.0643310546875,0.5917715430259705,
710,0.6810471415519714,0.0633544921875,0.684215247631073,
711,0.6923785209655762,0.06549072265625,0.6956534385681152,
712,0.7106732130050659,0.05999755859375,0.71367347240448,
713,0.4865410327911377,0.053497314453125,0.4892151355743408,
714,0.6911810040473938,0.06671142578125,0.6945169568061829,
715,0.4734865725040436,0.051727294921875,0.47607293725013733,
716,1.2073471546173096,0.07568359375,1.2111313343048096,
717,0.4812736213207245,0.045623779296875,0.48355481028556824,
718,0.7887069582939148,0.06903076171875,0.7921592593193054,
719,0.7835613489151001,0.061737060546875,0.7866474390029907,
720,0.6744269728660583,0.0648193359375,0.6776675581932068,
721,0.700043797492981,0.0555419921875,0.702820897102356,
722,0.34960702061653137,0.055755615234375,0.35239556431770325,
723,0.8686896562576294,0.06585693359375,0.8719817399978638,
724,0.3620325028896332,0.04742431640625,0.3644033372402191,
725,0.6678934097290039,0.062103271484375,0.6709985733032227,
726,0.5051130056381226,0.050323486328125,0.5076287984848022,
727,0.48253333568573,0.038482666015625,0.4844578504562378,
728,0.6594122052192688,0.061737060546875,0.6624982953071594,
729,0.7285444140434265,0.0733642578125,0.732212245464325,
730,1.123707890510559,0.0704345703125,1.127228856086731,
731,0.5709435343742371,0.06298828125,0.5740925669670105,
732,0.8494815230369568,0.06683349609375,0.8528231978416443,
733,0.9216432571411133,0.0653076171875,0.9249086380004883,
734,0.55756014585495,0.062225341796875,0.5606710314750671,
735,0.32182228565216064,0.05322265625,0.3244830369949341,
736,0.7719746232032776,0.056671142578125,0.774808943271637,
737,0.39443686604499817,0.05010986328125,0.3969431221485138,
738,0.32392847537994385,0.0309600830078125,0.3254762887954712,
739,0.6285692453384399,0.0526123046875,0.6311994791030884,
740,0.5229546427726746,0.06329345703125,0.5261189341545105,
741,1.1266613006591797,0.0655517578125,1.1299381256103516,
742,0.6370344758033752,0.04327392578125,0.6391974091529846,
743,0.44871485233306885,0.05224609375,0.451327919960022,
744,0.8022937178611755,0.0657958984375,0.8055838942527771,
745,0.470107764005661,0.04632568359375,0.4724232852458954,
746,0.7211166620254517,0.0589599609375,0.7240654230117798,
747,0.6305539608001709,0.068603515625,0.6339833736419678,
748,0.4103981554508209,0.047119140625,0.41275373101234436,
749,0.8518074154853821,0.06591796875,0.8551033139228821,
750,0.587634265422821,0.05670166015625,0.5904685854911804,
751,1.0885061025619507,0.077880859375,1.0924009084701538,
752,1.3115609884262085,0.08062744140625,1.3155931234359741,
753,0.6619601845741272,0.052581787109375,0.6645885109901428,
754,0.8992094993591309,0.0557861328125,0.9019980430603027,
755,0.5355873703956604,0.061370849609375,0.5386562943458557,
756,0.4026402533054352,0.0487060546875,0.40507593750953674,
757,0.40610238909721375,0.051239013671875,0.40866395831108093,
758,0.40098467469215393,0.050262451171875,0.4034985601902008,
759,0.7874041795730591,0.074951171875,0.7911521196365356,
760,0.9615092277526855,0.06982421875,0.9649996757507324,
761,0.9713579416275024,0.06634521484375,0.9746748208999634,
762,0.726333498954773,0.0628662109375,0.729476809501648,
763,0.8220162987709045,0.06536865234375,0.8252854943275452,
764,0.8577406406402588,0.07183837890625,0.8613321781158447,
765,0.4147583544254303,0.050811767578125,0.41729894280433655,
766,0.47194191813468933,0.0615234375,0.4750184714794159,
767,0.9753615260124207,0.07830810546875,0.9792754054069519,
768,0.28818342089653015,0.029052734375,0.28963586688041687,
769,0.6130109429359436,0.0615234375,0.6160874962806702,
770,0.3183653950691223,0.03662109375,0.3201964497566223,
771,0.7370784878730774,0.062042236328125,0.7401798367500305,
772,0.5841974020004272,0.05853271484375,0.5871232748031616,
773,1.508202075958252,0.08367919921875,1.5123867988586426,
774,0.8236803412437439,0.071533203125,0.8272566199302673,
775,0.9474589228630066,0.06414794921875,0.9506670832633972,
776,0.5669448375701904,0.06060791015625,0.5699756145477295,
777,0.7668383121490479,0.0587158203125,0.7697737216949463,
778,1.1025669574737549,0.07623291015625,1.1063778400421143,
779,0.8271944522857666,0.058135986328125,0.8301012516021729,
780,1.0741921663284302,0.0772705078125,1.0780564546585083,
781,0.6151835322380066,0.059326171875,0.61814945936203,
782,0.47911524772644043,0.049285888671875,0.4815795421600342,
783,0.7919560670852661,0.060638427734375,0.794988751411438,
784,1.0299351215362549,0.0626220703125,1.033066987991333,
785,1.0865598917007446,0.07305908203125,1.0902124643325806,
786,1.0253889560699463,0.06976318359375,1.0288774967193604,
787,0.6183151602745056,0.053131103515625,0.6209720969200134,
788,1.0936756134033203,0.072998046875,1.0973262786865234,
789,0.6120632290840149,0.056884765625,0.6149070858955383,
790,1.026383638381958,0.072998046875,1.0300343036651611,
791,0.6135568022727966,0.0584716796875,0.6164807677268982,
792,0.7404072880744934,0.06146240234375,0.7434800267219543,
793,0.5908365249633789,0.0709228515625,0.5943822860717773,
794,0.6896730661392212,0.07666015625,0.6935068368911743,
795,0.6392256617546082,0.0648193359375,0.6424662470817566,
796,0.7476657629013062,0.07171630859375,0.7512515783309937,
797,0.9901302456855774,0.07208251953125,0.993735134601593,
798,0.3617573082447052,0.037689208984375,0.36364176869392395,
799,0.3735935091972351,0.049652099609375,0.376076877117157,
800,0.696889340877533,0.061676025390625,0.6999735236167908,
801,0.4789591133594513,0.059967041015625,0.48195746541023254,
802,1.1753193140029907,0.07525634765625,1.1790825128555298,
803,0.3660993278026581,0.048980712890625,0.36854836344718933,
804,0.40265071392059326,0.046905517578125,0.40499675273895264,
805,0.6151939034461975,0.04400634765625,0.6173949837684631,
806,0.9434200525283813,0.058990478515625,0.9463688135147095,
807,0.5338565111160278,0.0478515625,0.5362483263015747,
808,0.308015376329422,0.0380859375,0.3099198639392853,
809,0.6265798807144165,0.0562744140625,0.6293932199478149,
810,0.45374226570129395,0.043243408203125,0.4559051990509033,
811,0.6411122679710388,0.052581787109375,0.6437405943870544,
812,0.8094467520713806,0.0548095703125,0.8121876120567322,
813,0.9754406213760376,0.0587158203125,0.978376030921936,
814,0.6880660057067871,0.057647705078125,0.6909480094909668,
815,0.6319388747215271,0.058624267578125,0.6348704695701599,
816,1.177355408668518,0.06854248046875,1.1807829141616821,
817,0.6829628348350525,0.056396484375,0.6857818961143494,
818,0.9862638711929321,0.0760498046875,0.9900671243667603,
819,0.6145853996276855,0.061187744140625,0.6176447868347168,
820,0.39821159839630127,0.046142578125,0.4005194902420044,
821,1.3288066387176514,0.07904052734375,1.3327586650848389,
822,0.31859710812568665,0.045257568359375,0.32085922360420227,
823,0.7305919528007507,0.0633544921875,0.7337600588798523,
824,0.47942355275154114,0.056976318359375,0.482273131608963,
825,0.7176283001899719,0.0570068359375,0.7204778790473938,
826,0.679300844669342,0.06884765625,0.6827436089515686,
827,0.6674012541770935,0.05487060546875,0.6701440215110779,
828,0.7945701479911804,0.07861328125,0.7984992861747742,
829,0.9379441738128662,0.06988525390625,0.9414384365081787,
830,0.8419135212898254,0.0655517578125,0.8451903462409973,
831,1.2045785188674927,0.07379150390625,1.208267331123352,
832,1.1724923849105835,0.0889892578125,1.1769403219223022,
833,0.8357810378074646,0.07183837890625,0.8393725752830505,
834,1.0091668367385864,0.0782470703125,1.0130807161331177,
835,0.7065140008926392,0.07232666015625,0.7101303339004517,
836,0.7369908690452576,0.05572509765625,0.7397775053977966,
837,0.4493425190448761,0.04962158203125,0.45182397961616516,
838,0.5159330368041992,0.054168701171875,0.518641471862793,
839,0.42649146914482117,0.052947998046875,0.4291388690471649,
840,0.5554712414741516,0.04742431640625,0.5578420758247375,
841,0.38887494802474976,0.048919677734375,0.3913201689720154,
842,0.3892394006252289,0.04998779296875,0.39173802733421326,
843,0.7078626155853271,0.064208984375,0.7110726833343506,
844,0.3931465148925781,0.0560302734375,0.3959484100341797,
845,0.6277552247047424,0.0491943359375,0.6302157044410706,
846,1.0767444372177124,0.056365966796875,1.0795634984970093,
847,1.4390838146209717,0.067138671875,1.4424407482147217,
848,0.5156006813049316,0.046661376953125,0.5179333686828613,
849,0.9968238472938538,0.06903076171875,1.0002760887145996,
850,0.9730273485183716,0.05706787109375,0.9758807420730591,
851,0.617215633392334,0.05950927734375,0.6201910972595215,
852,0.3674636781215668,0.049530029296875,0.3699394166469574,
853,1.1443620920181274,0.071533203125,1.1479383707046509,
854,1.1337507963180542,0.0703125,1.1372660398483276,
855,0.5599206686019897,0.054443359375,0.5626424551010132,
856,0.9794618487358093,0.0662841796875,0.9827768206596375,
857,0.4696841835975647,0.053192138671875,0.4723430275917053,
858,0.4636060297489166,0.0577392578125,0.46649375557899475,
859,0.4938276708126068,0.045013427734375,0.49607834219932556,
860,0.6618085503578186,0.059295654296875,0.6647725701332092,
861,0.557945966720581,0.0626220703125,0.5610778331756592,
862,0.6108025312423706,0.06439208984375,0.6140221357345581,
863,0.7804116606712341,0.0699462890625,0.7839097380638123,
864,0.5706623792648315,0.0394287109375,0.5726345777511597,
865,0.48206812143325806,0.052032470703125,0.4846697449684143,
866,1.4449024200439453,0.0645751953125,1.4481315612792969,
867,0.5952553749084473,0.0615234375,0.5983319282531738,
868,0.9031685590744019,0.07037353515625,0.9066876173019409,
869,0.5168774724006653,0.05181884765625,0.5194676518440247,
870,0.531140148639679,0.045928955078125,0.5334365963935852,
871,0.594289243221283,0.052734375,0.5969251990318298,
872,0.8168767094612122,0.07000732421875,0.8203766942024231,
873,0.44066256284713745,0.06475830078125,0.4439012408256531,
874,0.36894935369491577,0.04541015625,0.37121909856796265,
875,0.6103535294532776,0.045745849609375,0.6126404404640198,
876,0.5571569800376892,0.06414794921875,0.5603651404380798,
877,0.7520540356636047,0.06231689453125,0.7551706433296204,
878,0.9428410530090332,0.062347412109375,0.9459576606750488,
879,0.6113354563713074,0.06475830078125,0.614574134349823,
880,0.5466233491897583,0.054107666015625,0.5493279695510864,
881,0.5836724042892456,0.0587158203125,0.586607813835144,
882,0.36821383237838745,0.040618896484375,0.37024515867233276,
883,0.666558563709259,0.060333251953125,0.6695759892463684,
884,0.48288553953170776,0.04339599609375,0.4850561022758484,
885,0.48833683133125305,0.05023193359375,0.4908488094806671,
886,0.6858172416687012,0.05572509765625,0.6886038780212402,
887,0.6221400499343872,0.05450439453125,0.6248656511306763,
888,0.6576105952262878,0.059173583984375,0.66056889295578,
889,0.4912964105606079,0.044281005859375,0.4935108423233032,
890,0.7975252270698547,0.06622314453125,0.8008363842964172,
891,0.6255350708961487,0.0576171875,0.6284151673316956,
892,0.7475207448005676,0.04998779296875,0.750019371509552,
893,0.9646720886230469,0.0689697265625,0.9681205749511719,
894,0.7367983460426331,0.056793212890625,0.7396383881568909,
895,0.27905330061912537,0.043487548828125,0.2812276780605316,
896,0.6738881468772888,0.06268310546875,0.6770219206809998,
897,0.6053392887115479,0.05401611328125,0.6080400943756104,
898,0.35286980867385864,0.0445556640625,0.35509759187698364,
899,0.6420563459396362,0.0706787109375,0.6455906629562378,
900,0.4761483371257782,0.06298828125,0.47929736971855164,
901,0.31391364336013794,0.042144775390625,0.31602126359939575,
902,0.5437745451927185,0.043731689453125,0.5459603667259216,
903,0.42687690258026123,0.059295654296875,0.42984092235565186,
904,1.0375950336456299,0.0640869140625,1.0407993793487549,
905,0.7119295001029968,0.0655517578125,0.7152063250541687,
906,1.243064045906067,0.07794189453125,1.2469607591629028,
907,0.264760285615921,0.04425048828125,0.2669728100299835,
908,0.8743422031402588,0.064697265625,0.8775770664215088,
909,0.8526475429534912,0.06884765625,0.8560903072357178,
910,0.4856654405593872,0.041717529296875,0.4877520799636841,
911,0.7282549142837524,0.071044921875,0.7318063974380493,
912,0.4420155882835388,0.048675537109375,0.44444936513900757,
913,0.693443775177002,0.06060791015625,0.696474552154541,
914,0.789404034614563,0.064697265625,0.792638897895813,
915,1.0425732135772705,0.06500244140625,1.045823335647583,
916,0.3463992774486542,0.052978515625,0.34904858469963074,
917,1.099876880645752,0.0675048828125,1.10325288772583,
918,0.40803080797195435,0.04644775390625,0.41035395860671997,
919,0.7094693779945374,0.06011962890625,0.7124753594398499,
920,0.8383772373199463,0.063720703125,0.8415625095367432,
921,0.5171692371368408,0.05279541015625,0.5198090076446533,
922,0.4540160894393921,0.044677734375,0.4562495946884155,
923,0.8056080937385559,0.057830810546875,0.8084996342658997,
924,0.7014649510383606,0.056671142578125,0.70429927110672,
925,0.3859332799911499,0.035400390625,0.3877032995223999,
926,0.7342209815979004,0.052490234375,0.7368454933166504,
927,0.6954163312911987,0.053680419921875,0.6980999708175659,
928,0.9818993806838989,0.07147216796875,0.9854737520217896,
929,0.5607210397720337,0.04229736328125,0.5628362894058228,
930,0.6883009672164917,0.048248291015625,0.6907137632369995,
931,1.1721751689910889,0.066162109375,1.1754825115203857,
932,0.5800856351852417,0.02978515625,0.5815752744674683,
933,0.7076975703239441,0.046600341796875,0.710028350353241,
934,0.6177857518196106,0.0506591796875,0.6203187108039856,
935,0.37291833758354187,0.046905517578125,0.37526437640190125,
936,0.8610686659812927,0.06658935546875,0.8643988966941833,
937,0.9718601107597351,0.06719970703125,0.9752208590507507,
938,0.5963570475578308,0.04754638671875,0.5987336039543152,
939,0.5320242643356323,0.050384521484375,0.5345438718795776,
940,1.3073803186416626,0.07366943359375,1.3110634088516235,
941,0.6984911561012268,0.06378173828125,0.7016802430152893,
942,0.6179701685905457,0.06463623046875,0.62120121717453,
943,0.8903915286064148,0.063232421875,0.8935539126396179,
944,0.41592806577682495,0.053131103515625,0.41858500242233276,
945,0.6801739931106567,0.0469970703125,0.6825238466262817,
946,0.42973825335502625,0.049530029296875,0.43221399188041687,
947,0.645832359790802,0.06781005859375,0.6492236256599426,
948,0.6843183636665344,0.06231689453125,0.68743497133255,
949,0.7397092580795288,0.055938720703125,0.7425054311752319,
950,0.7781267762184143,0.05902099609375,0.7810774445533752,
951,0.5082624554634094,0.05181884765625,0.5108526349067688,
952,0.6398875713348389,0.056640625,0.6427199840545654,
953,0.895823061466217,0.062042236328125,0.8989244103431702,
954,0.9220291972160339,0.06500244140625,0.9252793192863464,
955,0.4517167806625366,0.040069580078125,0.45371949672698975,
956,0.523860514163971,0.05029296875,0.5263743996620178,
957,0.7705665230751038,0.0595703125,0.7735458016395569,
958,0.6098101139068604,0.045623779296875,0.6120913028717041,
959,0.459225058555603,0.05712890625,0.46208226680755615,
960,0.3807397484779358,0.053619384765625,0.38342148065567017,
961,0.7047586441040039,0.056243896484375,0.7075700759887695,
962,0.3844146728515625,0.0333251953125,0.3860807418823242,
963,0.7532265186309814,0.04974365234375,0.755713701248169,
964,0.6492955684661865,0.046142578125,0.6516034603118896,
965,0.4607768654823303,0.052764892578125,0.46341472864151,
966,0.4379384517669678,0.050201416015625,0.440448522567749,
967,0.7382523417472839,0.05572509765625,0.741038978099823,
968,0.497077614068985,0.042694091796875,0.4992119371891022,
969,0.9537949562072754,0.0689697265625,0.9572434425354004,
970,1.0371943712234497,0.06805419921875,1.0405970811843872,
971,0.5884961485862732,0.041259765625,0.5905598998069763,
972,0.6668842434883118,0.048828125,0.6693256497383118,
973,0.5084501504898071,0.05523681640625,0.5112119913101196,
974,0.6221274137496948,0.059112548828125,0.6250838041305542,
975,0.5474770665168762,0.050140380859375,0.5499833226203918,
976,0.5007568001747131,0.04412841796875,0.5029636025428772,
977,0.5310758352279663,0.055419921875,0.5338472127914429,
978,0.5787738561630249,0.05206298828125,0.581377387046814,
979,1.2910771369934082,0.0787353515625,1.2950139045715332,
980,0.5112074017524719,0.05535888671875,0.5139749646186829,
981,0.9471343755722046,0.0638427734375,0.9503272771835327,
982,0.4363926351070404,0.0428466796875,0.43853458762168884,
983,0.7095857858657837,0.0650634765625,0.7128397226333618,
984,0.6633446216583252,0.058074951171875,0.6662476062774658,
985,0.4445858597755432,0.04931640625,0.4470520615577698,
986,0.7753671407699585,0.061920166015625,0.7784627676010132,
987,0.6009045839309692,0.054534912109375,0.6036320924758911,
988,0.4641358554363251,0.05267333984375,0.46676990389823914,
989,0.9687801599502563,0.05609130859375,0.9715839624404907,
990,0.6416720747947693,0.05517578125,0.6444301009178162,
991,0.6921897530555725,0.05230712890625,0.6948047280311584,
992,0.5578802824020386,0.05194091796875,0.5604780912399292,
993,0.7406870722770691,0.0528564453125,0.7433306574821472,
994,1.1821337938308716,0.05999755859375,1.1851340532302856,
995,0.8054947853088379,0.054473876953125,0.8082184791564941,
996,0.5740196108818054,0.060455322265625,0.5770427584648132,
997,0.5523182153701782,0.045318603515625,0.5545841455459595,
998,0.9124923348426819,0.06842041015625,0.9159141182899475,
999,0.339397668838501,0.047454833984375,0.3417704105377197,
1000,0.6082155704498291,0.05218505859375,0.6108248233795166,53.05343511450382
1001,0.5122560858726501,0.050018310546875,0.5147566199302673,
1002,0.7011780738830566,0.0594482421875,0.7041497230529785,
1003,0.6022546887397766,0.045501708984375,0.6045301556587219,
1004,0.8359153270721436,0.06060791015625,0.8389461040496826,
1005,0.4728468656539917,0.049835205078125,0.4753378629684448,
1006,0.6197295784950256,0.046966552734375,0.6220775246620178,
1007,0.8366833925247192,0.06439208984375,0.8399029970169067,
1008,0.5932396054267883,0.06097412109375,0.5962875485420227,
1009,0.8091245293617249,0.05633544921875,0.8119416832923889,
1010,0.6036503314971924,0.04254150390625,0.6057770252227783,
1011,1.7109198570251465,0.07904052734375,1.714871883392334,
1012,0.2843140959739685,0.025665283203125,0.2855977416038513,
1013,0.7175220251083374,0.0662841796875,0.7208369970321655,
1014,0.9660601019859314,0.0687255859375,0.9694971442222595,
1015,0.5933976769447327,0.05364990234375,0.596079409122467,
1016,0.9420732855796814,0.0556640625,0.9448561072349548,
1017,0.8130460381507874,0.051055908203125,0.8155980706214905,
1018,0.5830419659614563,0.057281494140625,0.5859068036079407,
1019,0.7316203117370605,0.056732177734375,0.7344565391540527,
1020,0.7704789638519287,0.06854248046875,0.7739064693450928,
1021,0.8855003714561462,0.062286376953125,0.888615071773529,
1022,0.7033548355102539,0.07574462890625,0.7071428298950195,
1023,0.37306642532348633,0.0396728515625,0.37505006790161133,
1024,0.5029904842376709,0.049835205078125,0.505481481552124,
1025,0.718617856502533,0.05841064453125,0.7215380072593689,
1026,1.3422553539276123,0.08349609375,1.346428632736206,
1027,0.6310931444168091,0.0576171875,0.633973240852356,
1028,0.3197477459907532,0.03179931640625,0.3213375210762024,
1029,0.44943976402282715,0.044677734375,0.4516732692718506,
1030,0.41283947229385376,0.04217529296875,0.4149489998817444,
1031,0.8141038417816162,0.05828857421875,0.8170182704925537,
1032,0.558262825012207,0.055450439453125,0.5610361099243164,
1033,0.5608443021774292,0.05352783203125,0.5635203123092651,
1034,0.9144808650016785,0.068115234375,0.9178873896598816,
1035,1.036220908164978,0.06573486328125,1.039507269859314,
1036,0.4757371246814728,0.051666259765625,0.4783196747303009,
1037,0.5948694348335266,0.043792724609375,0.5970590710639954,
1038,1.2474578619003296,0.0633544921875,1.2506259679794312,
1039,0.390379399061203,0.033447265625,0.39205214381217957,
1040,1.0483787059783936,0.0631103515625,1.0515334606170654,
1041,0.47039058804512024,0.0457763671875,0.47267940640449524,
1042,0.5541791319847107,0.047698974609375,0.5565633177757263,
1043,0.6257532238960266,0.04534912109375,0.6280210614204407,
1044,0.6055618524551392,0.0478515625,0.607953667640686,
1045,0.5345923900604248,0.04296875,0.5367400646209717,
1046,0.4671419560909271,0.04486083984375,0.4693849980831146,
1047,0.9629995226860046,0.04949951171875,0.9654752612113953,
1048,0.4034775197505951,0.03643798828125,0.40529903769493103,
1049,0.5350595712661743,0.04547119140625,0.5373331308364868,
1050,1.0021626949310303,0.061126708984375,1.005218267440796,
1051,0.8051693439483643,0.06170654296875,0.8082554340362549,
1052,0.9467655420303345,0.066650390625,0.9500976800918579,
1053,0.40057578682899475,0.0313720703125,0.40214458107948303,
1054,0.31876274943351746,0.032958984375,0.32041069865226746,
1055,0.46174681186676025,0.04449462890625,0.46397078037261963,
1056,0.7841679453849792,0.04656982421875,0.7864968180656433,
1057,0.49573609232902527,0.040618896484375,0.4977674186229706,
1058,0.4546974301338196,0.0411376953125,0.45675355195999146,
1059,0.7601233124732971,0.06610107421875,0.7634287476539612,
1060,0.5017843246459961,0.044189453125,0.503993034362793,
1061,0.4989662766456604,0.0364990234375,0.500791609287262,
1062,0.8112379312515259,0.04852294921875,0.8136640787124634,
1063,1.0865365266799927,0.061981201171875,1.089635968208313,
1064,0.700146496295929,0.054107666015625,0.7028511166572571,
1065,0.8149951696395874,0.05035400390625,0.8175128698348999,
1066,1.0458940267562866,0.06787109375,1.04928719997406,
1067,0.48687058687210083,0.0362548828125,0.4886835217475891,
1068,0.7922967672348022,0.047119140625,0.7946523427963257,
1069,0.6436192393302917,0.0477294921875,0.6460053324699402,
1070,1.1229461431503296,0.060577392578125,1.1259750127792358,
1071,0.40846362709999084,0.041351318359375,0.4105311930179596,
1072,0.6085801720619202,0.040740966796875,0.6106172204017639,
1073,0.5582045316696167,0.050994873046875,0.560754656791687,
1074,0.6951525211334229,0.048797607421875,0.69759202003479,
1075,0.8499624729156494,0.0577392578125,0.8528501987457275,
1076,0.7840284705162048,0.044677734375,0.7862619757652283,
1077,0.6238585710525513,0.04510498046875,0.6261130571365356,
1078,0.44020113348960876,0.03790283203125,0.442096084356308,
1079,0.9183215498924255,0.054168701171875,0.9210299849510193,
1080,0.4071354269981384,0.034515380859375,0.40886157751083374,
1081,0.9445019364356995,0.05859375,0.9474316239356995,
1082,0.6076947450637817,0.055389404296875,0.6104642152786255,
1083,0.47932982444763184,0.048583984375,0.48175978660583496,
1084,0.438649445772171,0.04425048828125,0.4408619701862335,
1085,0.9622678160667419,0.0579833984375,0.9651669859886169,
1086,0.8584903478622437,0.049530029296875,0.8609660863876343,
1087,0.6178087592124939,0.048187255859375,0.6202177405357361,
1088,0.49122050404548645,0.05206298828125,0.4938240349292755,
1089,0.7398315668106079,0.057342529296875,0.7426983118057251,
1090,0.5973951816558838,0.038116455078125,0.5993006229400635,
1091,0.7886504530906677,0.05035400390625,0.7911681532859802,
1092,0.5617020726203918,0.0482177734375,0.5641129612922668,
1093,0.36099138855934143,0.047027587890625,0.36334314942359924,
1094,0.7836315631866455,0.05877685546875,0.7865707874298096,
1095,0.8529021143913269,0.056671142578125,0.8557364344596863,
1096,1.0104472637176514,0.06396484375,1.013645887374878,
1097,0.4170151650905609,0.044921875,0.41926202178001404,
1098,0.469829797744751,0.045196533203125,0.4720900058746338,
1099,0.4878028929233551,0.04290771484375,0.48994866013526917,
1100,0.5186026096343994,0.055389404296875,0.5213720798492432,
1101,0.4553351402282715,0.050811767578125,0.45787572860717773,
1102,0.6181292533874512,0.054931640625,0.6208758354187012,
1103,0.8931161761283875,0.050323486328125,0.8956319689750671,
1104,0.8314600586891174,0.048828125,0.8339014649391174,
1105,0.4253479242324829,0.03900146484375,0.4272981882095337,
1106,0.6850019097328186,0.05731201171875,0.687866747379303,
1107,0.5211161971092224,0.033843994140625,0.5228080153465271,
1108,0.8149572014808655,0.0479736328125,0.8173566460609436,
1109,0.6970669627189636,0.040863037109375,0.6991097331047058,
1110,0.5004575848579407,0.037200927734375,0.5023172497749329,
1111,0.6333880424499512,0.036041259765625,0.635190486907959,
1112,0.5951645970344543,0.037384033203125,0.5970337986946106,
1113,0.8907694816589355,0.04425048828125,0.892982006072998,
1114,0.9466180801391602,0.060150146484375,0.9496259689331055,
1115,0.5208467841148376,0.0399169921875,0.5228418707847595,
1116,0.49132978916168213,0.042266845703125,0.4934431314468384,
1117,0.6434984803199768,0.043121337890625,0.6456537842750549,
1118,0.9090489149093628,0.054290771484375,0.911763072013855,
1119,0.6041573882102966,0.048095703125,0.6065625548362732,
1120,0.6172385811805725,0.040008544921875,0.6192393898963928,
1121,0.6902304887771606,0.04656982421875,0.6925593614578247,
1122,0.6049168705940247,0.0445556640625,0.6071446537971497,
1123,0.6670424342155457,0.04559326171875,0.6693217158317566,
1124,0.715435802936554,0.043121337890625,0.7175911068916321,
1125,0.8355072140693665,0.05389404296875,0.8382022976875305,
1126,0.43307918310165405,0.038116455078125,0.43498462438583374,
1127,0.9524820446968079,0.05816650390625,0.9553907513618469,
1128,1.04481840133667,0.06365966796875,1.048001766204834,
1129,0.7915233373641968,0.05023193359375,0.7940353155136108,
1130,0.8066523671150208,0.0709228515625,0.8101981282234192,
1131,0.6096551418304443,0.053497314453125,0.6123292446136475,
1132,0.9766630530357361,0.06622314453125,0.9799742102622986,
1133,0.6823351383209229,0.0450439453125,0.6845877170562744,
1134,0.9591684341430664,0.051300048828125,0.9617338180541992,
1135,1.1818150281906128,0.064208984375,1.1850250959396362,
1136,0.4561135470867157,0.049224853515625,0.4585740268230438,
1137,0.5062912702560425,0.046875,0.508635401725769,
1138,0.7761219143867493,0.0631103515625,0.7792766690254211,
1139,0.320434033870697,0.04315185546875,0.32259124517440796,
1140,0.768510103225708,0.0501708984375,0.7710182666778564,
1141,0.572641134262085,0.05145263671875,0.575214147567749,
1142,0.47920241951942444,0.05322265625,0.4818631708621979,
1143,0.5082252621650696,0.037078857421875,0.5100792050361633,
1144,0.38215139508247375,0.0439453125,0.38434866070747375,
1145,0.9703344702720642,0.0546875,0.9730696082115173,
1146,0.6630240678787231,0.051422119140625,0.6655951738357544,
1147,0.9430859088897705,0.050994873046875,0.9456360340118408,
1148,0.26651692390441895,0.032958984375,0.26816487312316895,
1149,0.5394139289855957,0.05108642578125,0.5419678688049316,
1150,0.8025843501091003,0.0565185546875,0.8054110407829285,
1151,0.449372798204422,0.04608154296875,0.4516768753528595,
1152,1.4511150121688843,0.059844970703125,1.454107642173767,
1153,0.7241284847259521,0.056671142578125,0.7269628047943115,
1154,0.7647201418876648,0.0467529296875,0.7670585513114929,
1155,1.068361520767212,0.058502197265625,1.0712873935699463,
1156,0.46277958154678345,0.0496826171875,0.4652629494667053,
1157,1.2500509023666382,0.0672607421875,1.2534135580062866,
1158,0.3998450040817261,0.032806396484375,0.4014853239059448,
1159,0.5046470761299133,0.04632568359375,0.5069625973701477,
1160,0.5119709372520447,0.059173583984375,0.5149292349815369,
1161,0.8768635392189026,0.05694580078125,0.8797112107276917,
1162,0.4984787404537201,0.04351806640625,0.5006550550460815,
1163,0.5545493960380554,0.042083740234375,0.5566532015800476,
1164,0.4636674225330353,0.039306640625,0.46563199162483215,
1165,0.8929610252380371,0.06512451171875,0.896216869354248,
1166,0.511103093624115,0.046539306640625,0.5134300589561462,
1167,0.74294513463974,0.054901123046875,0.7456898093223572,
1168,0.8879414796829224,0.06390380859375,0.8911362886428833,
1169,0.47469642758369446,0.038848876953125,0.476639062166214,
1170,0.5695960521697998,0.053497314453125,0.5722701549530029,
1171,0.7045941948890686,0.05487060546875,0.707336962223053,
1172,0.5570542812347412,0.052825927734375,0.5596959590911865,
1173,1.1868704557418823,0.05609130859375,1.1896742582321167,
1174,0.31692540645599365,0.042572021484375,0.3190540075302124,
1175,0.8324916958808899,0.058349609375,0.835409939289093,
1176,0.7533380389213562,0.043609619140625,0.7555181384086609,
1177,0.5442319512367249,0.052734375,0.5468679070472717,
1178,0.6852647066116333,0.045318603515625,0.6875306367874146,
1179,0.7654308080673218,0.05224609375,0.7680438756942749,
1180,0.5932471752166748,0.052642822265625,0.595879316329956,
1181,0.7735565304756165,0.05743408203125,0.7764289975166321,
1182,0.9509662389755249,0.057403564453125,0.9538367986679077,
1183,0.6183302402496338,0.05340576171875,0.6210005283355713,
1184,0.5425935983657837,0.05560302734375,0.5453745126724243,
1185,0.6520370841026306,0.05584716796875,0.6548294425010681,
1186,0.9367252588272095,0.055450439453125,0.9394985437393188,
1187,0.6250448226928711,0.0516357421875,0.6276273727416992,
1188,0.574192225933075,0.05712890625,0.5770494341850281,
1189,0.4746907353401184,0.042938232421875,0.4768384099006653,
1190,0.8084558844566345,0.042388916015625,0.8105749487876892,
1191,0.49934056401252747,0.05108642578125,0.501894474029541,
1192,1.2400481700897217,0.057647705078125,1.2429301738739014,
1193,0.4050581157207489,0.042816162109375,0.4071981608867645,
1194,0.7675154209136963,0.060089111328125,0.770519495010376,
1195,0.8752291202545166,0.0557861328125,0.8780176639556885,
1196,0.32749950885772705,0.0347900390625,0.32923901081085205,
1197,0.6596673727035522,0.053558349609375,0.662345290184021,
1198,0.554580569267273,0.035003662109375,0.5563305616378784,
1199,0.6966658234596252,0.044189453125,0.6988745331764221,
1200,1.063317060470581,0.05126953125,1.065880537033081,
1201,0.32097479701042175,0.032196044921875,0.3225845992565155,
1202,0.727452278137207,0.05352783203125,0.730128288269043,
1203,1.0389312505722046,0.059967041015625,1.0419296026229858,
1204,0.6742422580718994,0.048431396484375,0.6766645908355713,
1205,0.850607693195343,0.058868408203125,0.8535507321357727,
1206,0.5594563484191895,0.03973388671875,0.5614438056945801,
1207,0.4404609203338623,0.034515380859375,0.4421870708465576,
1208,0.7203894257545471,0.052001953125,0.7229891419410706,
1209,0.8059521913528442,0.05902099609375,0.8089028596878052,
1210,0.5609257817268372,0.045135498046875,0.5631821751594543,
1211,1.0211893320083618,0.0635986328125,1.0243688821792603,
1212,0.5824450254440308,0.03704833984375,0.5842970609664917,
1213,0.606834352016449,0.045684814453125,0.6091193556785583,
1214,0.8199993968009949,0.043426513671875,0.8221699595451355,
1215,0.3000700771808624,0.0265045166015625,0.3013956844806671,
1216,0.8100380301475525,0.04736328125,0.8124069571495056,
1217,0.6973214745521545,0.0452880859375,0.699585497379303,
1218,0.5752683281898499,0.04736328125,0.577637255191803,
1219,0.5121922492980957,0.0400390625,0.5141949653625488,
1220,0.8828442096710205,0.047454833984375,0.8852169513702393,
1221,0.5309374332427979,0.054107666015625,0.533642053604126,
1222,0.29221227765083313,0.03277587890625,0.29385069012641907,
1223,0.717388927936554,0.055694580078125,0.7201736569404602,
1224,0.8869768381118774,0.054443359375,0.8896986246109009,
1225,0.603996753692627,0.040740966796875,0.6060338020324707,
1226,0.6570795178413391,0.04437255859375,0.6592977643013,
1227,0.42755773663520813,0.03814697265625,0.42946508526802063,
1228,0.41491860151290894,0.0289306640625,0.4163653254508972,
1229,0.5409097075462341,0.0443115234375,0.5431260466575623,
1230,0.4730289578437805,0.04327392578125,0.4751918911933899,
1231,0.3306892514228821,0.036651611328125,0.3325222134590149,
1232,0.565265417098999,0.0491943359375,0.5677258968353271,
1233,0.8372855186462402,0.047210693359375,0.8396468162536621,
1234,0.3178892433643341,0.0290679931640625,0.31934264302253723,
1235,0.4572708308696747,0.034210205078125,0.4589817225933075,
1236,0.6001267433166504,0.047149658203125,0.6024842262268066,
1237,0.7809106707572937,0.049285888671875,0.7833749651908875,
1238,0.9274662733078003,0.054718017578125,0.9302014112472534,
1239,0.9041163921356201,0.0452880859375,0.9063804149627686,
1240,0.6410133838653564,0.041534423828125,0.6430904865264893,
1241,0.9874873757362366,0.055389404296875,0.9902568459510803,
1242,1.0176912546157837,0.05712890625,1.0205484628677368,
1243,0.5940276980400085,0.058990478515625,0.5969764590263367,
1244,0.8781467080116272,0.0516357421875,0.8807292580604553,
1245,0.7582876086235046,0.04254150390625,0.7604143023490906,
1246,0.8308545351028442,0.058441162109375,0.833776593208313,
1247,0.8680295348167419,0.0572509765625,0.8708924651145935,
1248,0.6136956810951233,0.04913330078125,0.6161523461341858,
1249,0.5760038495063782,0.055084228515625,0.5787580609321594,
1250,0.608473539352417,0.044036865234375,0.6106746196746826,
1251,0.3115205466747284,0.033935546875,0.3132171332836151,
1252,0.3404649496078491,0.037261962890625,0.34232842922210693,
1253,1.1518731117248535,0.0706787109375,1.155407428741455,
1254,0.4455004036426544,0.0277099609375,0.4468860924243927,
1255,0.5348338484764099,0.045806884765625,0.5371245741844177,
1256,0.6071339845657349,0.037445068359375,0.6090060472488403,
1257,0.3700995147228241,0.04022216796875,0.37210986018180847,
1258,0.7872814536094666,0.045318603515625,0.7895473837852478,
1259,0.36200645565986633,0.038604736328125,0.3639366924762726,
1260,1.3439619541168213,0.0552978515625,1.3467276096343994,
1261,0.5998603105545044,0.047271728515625,0.6022235155105591,
1262,0.5720641613006592,0.04595947265625,0.5743625164031982,
1263,0.7269925475120544,0.045623779296875,0.7292737364768982,
1264,0.6132617592811584,0.032806396484375,0.6149020791053772,
1265,0.5945056080818176,0.045074462890625,0.596760094165802,
1266,0.5126787424087524,0.039459228515625,0.5146509408950806,
1267,0.4786824882030487,0.04278564453125,0.48082253336906433,
1268,0.7383053302764893,0.05194091796875,0.7409031391143799,
1269,0.6959902048110962,0.0408935546875,0.6980348825454712,
1270,0.6106561422348022,0.043853759765625,0.6128495931625366,
1271,0.9921784400939941,0.060302734375,0.9951939582824707,
1272,0.9450649619102478,0.059173583984375,0.94802325963974,
1273,0.4952937066555023,0.036163330078125,0.49710187315940857,
1274,0.7942054867744446,0.0518798828125,0.7967994809150696,
1275,0.26397809386253357,0.037109375,0.26583394408226013,
1276,0.42905932664871216,0.039764404296875,0.4310467839241028,
1277,0.5835924744606018,0.035186767578125,0.5853520035743713,
1278,0.5115179419517517,0.033782958984375,0.5132068991661072,
1279,1.4594109058380127,0.065185546875,1.4626705646514893,
1280,0.6301956176757812,0.04278564453125,0.6323356628417969,
1281,0.5997359156608582,0.03607177734375,0.6015393137931824,
1282,0.6346743106842041,0.047119140625,0.6370298862457275,
1283,0.7383343577384949,0.043609619140625,0.7405144572257996,
1284,0.9318501949310303,0.052032470703125,0.9344518184661865,
1285,0.6386081576347351,0.04998779296875,0.6411067843437195,
1286,0.710771918296814,0.054168701171875,0.7134803533554077,
1287,0.6897633671760559,0.048309326171875,0.6921780705451965,
1288,0.8174625039100647,0.05889892578125,0.8204074501991272,
1289,0.6504417061805725,0.04388427734375,0.6526351571083069,
1290,0.5166700482368469,0.044586181640625,0.5188997387886047,
1291,0.8438464403152466,0.05645751953125,0.8466693162918091,
1292,0.9216826558113098,0.0531005859375,0.9243376851081848,
1293,0.7555992603302002,0.045562744140625,0.7578766345977783,
1294,0.6264718174934387,0.043853759765625,0.6286652684211731,
1295,0.4569002091884613,0.035736083984375,0.4586873948574066,
1296,0.9190983176231384,0.057220458984375,0.9219593405723572,
1297,0.36056429147720337,0.029266357421875,0.36202722787857056,
1298,0.4983159601688385,0.040771484375,0.5003548860549927,
1299,1.1391818523406982,0.060302734375,1.1421973705291748,
1300,0.5497351288795471,0.04901123046875,0.5521860718727112,
1301,0.5003339648246765,0.049560546875,0.5028116106987,
1302,0.40880462527275085,0.03155517578125,0.4103820025920868,
1303,0.5840902328491211,0.0428466796875,0.5862321853637695,
1304,0.4659743010997772,0.0452880859375,0.46823832392692566,
1305,0.8516757488250732,0.055084228515625,0.8544299602508545,
1306,0.6445094347000122,0.030853271484375,0.6460524797439575,
1307,0.6662726402282715,0.0472412109375,0.6686339378356934,
1308,0.5844901204109192,0.0443115234375,0.5867064595222473,
1309,0.5957920551300049,0.05194091796875,0.5983898639678955,
1310,0.7512495517730713,0.04693603515625,0.7535955905914307,
1311,0.5616879463195801,0.048583984375,0.5641179084777832,
1312,0.5479077696800232,0.047576904296875,0.5502862334251404,
1313,0.752277135848999,0.059295654296875,0.7552411556243896,
1314,0.41059228777885437,0.034149169921875,0.41229936480522156,
1315,0.9710195660591125,0.046905517578125,0.9733656048774719,
1316,1.1123870611190796,0.057342529296875,1.1152538061141968,
1317,0.6636555790901184,0.03680419921875,0.6654961705207825,
1318,0.7377879023551941,0.048583984375,0.7402178645133972,
1319,0.8323214054107666,0.059783935546875,0.8353102207183838,
1320,0.5879303216934204,0.048675537109375,0.5903640985488892,
1321,0.5519450902938843,0.051971435546875,0.5545428991317749,
1322,0.3673596978187561,0.028106689453125,0.3687654137611389,
1323,0.43498334288597107,0.038330078125,0.43690022826194763,
1324,0.7503829002380371,0.0474853515625,0.7527575492858887,
1325,0.8930551409721375,0.04449462890625,0.8952791094779968,
1326,1.2819085121154785,0.05377197265625,1.2845978736877441,
1327,0.5520502924919128,0.038604736328125,0.5539805293083191,
1328,0.7818779349327087,0.042938232421875,0.7840256094932556,
1329,0.38402223587036133,0.04132080078125,0.38608789443969727,
1330,0.5350431203842163,0.0528564453125,0.5376867055892944,
1331,0.6907603144645691,0.042724609375,0.6928965449333191,
1332,0.3156702518463135,0.0269622802734375,0.3170187473297119,
1333,0.6161735653877258,0.05096435546875,0.6187217831611633,
1334,0.3888465464115143,0.044769287109375,0.39108577370643616,
1335,1.1987438201904297,0.07586669921875,1.2025375366210938,
1336,0.4745272696018219,0.047332763671875,0.4768942892551422,
1337,0.9712125062942505,0.05487060546875,0.9739552736282349,
1338,0.4977319538593292,0.04644775390625,0.5000550746917725,
1339,0.6447249054908752,0.046142578125,0.6470327973365784,
1340,0.8870193362236023,0.05584716796875,0.8898116946220398,
1341,0.5203630924224854,0.03741455078125,0.5222342014312744,
1342,0.975818932056427,0.059600830078125,0.9787982106208801,
1343,0.8608198761940002,0.053863525390625,0.8635130524635315,
1344,0.7301065921783447,0.054779052734375,0.7328455448150635,
1345,0.5826404690742493,0.0504150390625,0.5851619839668274,
1346,0.5795127153396606,0.0472412109375,0.5818740129470825,
1347,0.6537696123123169,0.057159423828125,0.65662682056427,
1348,0.5446079969406128,0.05450439453125,0.5473335981369019,
1349,0.642419159412384,0.04107666015625,0.6444733738899231,
1350,0.6156184077262878,0.04254150390625,0.6177451014518738,
1351,0.6263043880462646,0.049652099609375,0.6287877559661865,
1352,0.5971489548683167,0.049835205078125,0.5996399521827698,
1353,0.41745448112487793,0.0296783447265625,0.41893839836120605,
1354,0.46816742420196533,0.040008544921875,0.47016823291778564,
1355,0.7734743356704712,0.050628662109375,0.7760053873062134,
1356,0.4600352346897125,0.0347900390625,0.4617747366428375,
1357,0.8091856837272644,0.0654296875,0.8124567866325378,
1358,0.729046642780304,0.064208984375,0.7322567105293274,
1359,0.34697046875953674,0.031768798828125,0.34855929017066956,
1360,0.4380529522895813,0.040985107421875,0.4401014447212219,
1361,0.8592219352722168,0.060699462890625,0.8622565269470215,
1362,0.4764302968978882,0.036834716796875,0.47827184200286865,
1363,0.3580004870891571,0.04217529296875,0.36011001467704773,
1364,1.285430908203125,0.05108642578125,1.287984848022461,
1365,0.9721017479896545,0.06707763671875,0.9754548668861389,
1366,0.5319939255714417,0.052764892578125,0.5346317887306213,
1367,0.5002379417419434,0.03558349609375,0.5020174980163574,
1368,0.6145697832107544,0.059478759765625,0.6175433397293091,
1369,0.5773918628692627,0.051971435546875,0.5799896717071533,
1370,0.4507649838924408,0.037200927734375,0.452624648809433,
1371,0.7809301614761353,0.05462646484375,0.7836614847183228,
1372,0.9678090214729309,0.057525634765625,0.9706853032112122,
1373,0.9150038361549377,0.057037353515625,0.9178553223609924,
1374,0.5593808889389038,0.04925537109375,0.5618432760238647,
1375,0.8990256190299988,0.06536865234375,0.9022948145866394,
1376,0.43040233850479126,0.036712646484375,0.4322381615638733,
1377,0.6920965909957886,0.050018310546875,0.6945971250534058,
1378,0.43919825553894043,0.047027587890625,0.44155001640319824,
1379,0.5039265751838684,0.0411376953125,0.5059826970100403,
1380,0.4786171615123749,0.04718017578125,0.48097655177116394,
1381,0.373935341835022,0.035125732421875,0.3756920099258423,
1382,0.4079015254974365,0.054779052734375,0.4106404781341553,
1383,0.7131131887435913,0.04656982421875,0.7154420614242554,
1384,0.7052145004272461,0.0643310546875,0.708430290222168,
1385,0.48965346813201904,0.047515869140625,0.4920300245285034,
1386,0.6158941984176636,0.055328369140625,0.6186598539352417,
1387,0.8223859071731567,0.05145263671875,0.8249589204788208,
1388,0.34433045983314514,0.0345458984375,0.34605756402015686,
1389,0.49881431460380554,0.043853759765625,0.5010077953338623,
1390,0.6009889245033264,0.043731689453125,0.6031747460365295,
1391,0.5764868259429932,0.051910400390625,0.579082727432251,
1392,0.7635570764541626,0.04620361328125,0.7658668756484985,
1393,0.44780585169792175,0.0426025390625,0.4499363601207733,
1394,0.4499667286872864,0.037841796875,0.4518588185310364,
1395,0.40440332889556885,0.04364013671875,0.40658533573150635,
1396,0.5452494621276855,0.0418701171875,0.5473437309265137,
1397,0.8304516673088074,0.060516357421875,0.833476722240448,
1398,0.648086667060852,0.051849365234375,0.6506787538528442,
1399,0.3234548270702362,0.035858154296875,0.32524773478507996,
1400,0.4765613377094269,0.043121337890625,0.478716641664505,
1401,0.7943302989006042,0.052703857421875,0.7969662547111511,
1402,0.5470336079597473,0.0369873046875,0.548882782459259,
1403,0.45825323462486267,0.036407470703125,0.4600737988948822,
1404,0.7342813611030579,0.04400634765625,0.7364824414253235,
1405,0.9880837202072144,0.052490234375,0.9907082319259644,
1406,0.5870591402053833,0.039581298828125,0.5890389680862427,
1407,0.6624944806098938,0.04718017578125,0.6648538708686829,
1408,1.238407015800476,0.052825927734375,1.2410486936569214,
1409,1.0869834423065186,0.05511474609375,1.0897395610809326,
1410,0.29169636964797974,0.033905029296875,0.29339200258255005,
1411,0.6564024686813354,0.052734375,0.6590384244918823,
1412,0.9810325503349304,0.060302734375,0.984048068523407,
1413,0.8426783680915833,0.06011962890625,0.8456843495368958,
1414,0.5313321948051453,0.049468994140625,0.5338060259819031,
1415,0.5236204862594604,0.039276123046875,0.5255850553512573,
1416,0.38858136534690857,0.035430908203125,0.3903532922267914,
1417,0.6542961001396179,0.05047607421875,0.6568195223808289,
1418,0.8022756576538086,0.058929443359375,0.8052225112915039,
1419,0.513690173625946,0.045013427734375,0.5159408450126648,
1420,0.6346133947372437,0.05401611328125,0.6373142004013062,
1421,0.901260256767273,0.048309326171875,0.9036749601364136,
1422,0.83614581823349,0.050262451171875,0.8386597037315369,
1423,1.1078600883483887,0.055023193359375,1.1106104850769043,
1424,0.7428234815597534,0.058197021484375,0.7457340955734253,
1425,0.5813589096069336,0.043182373046875,0.5835180282592773,
1426,0.5710456967353821,0.044189453125,0.573254406452179,
1427,0.5937271118164062,0.0487060546875,0.5961627960205078,
1428,0.6478759050369263,0.053985595703125,0.650574803352356,
1429,0.530002772808075,0.048187255859375,0.5324117541313171,
1430,0.6309311985969543,0.05328369140625,0.6335957646369934,
1431,0.486383855342865,0.043731689453125,0.4885696768760681,
1432,0.8161521553993225,0.053802490234375,0.8188415169715881,
1433,0.9425913095474243,0.056304931640625,0.9454065561294556,
1434,0.5617932081222534,0.057525634765625,0.5646694898605347,
1435,0.6173076033592224,0.051971435546875,0.619905412197113,
1436,0.5051894187927246,0.0418701171875,0.5072836875915527,
1437,0.677724301815033,0.041534423828125,0.6798014044761658,
1438,0.6175858378410339,0.038848876953125,0.6195284724235535,
1439,0.6676885485649109,0.043365478515625,0.6698572039604187,
1440,0.71101975440979,0.0443115234375,0.7132360935211182,
1441,0.4480421841144562,0.046539306640625,0.4503691494464874,
1442,0.7164602279663086,0.043426513671875,0.7186307907104492,
1443,0.7963621616363525,0.055755615234375,0.7991507053375244,
1444,0.6199709177017212,0.0501708984375,0.6224790811538696,
1445,0.5486530065536499,0.0545654296875,0.5513805150985718,
1446,0.35407567024230957,0.025146484375,0.355332612991333,
1447,0.49208033084869385,0.033905029296875,0.49377596378326416,
1448,0.9324465990066528,0.06207275390625,0.9355498552322388,
1449,0.7846981287002563,0.051666259765625,0.7872806787490845,
1450,0.4535973072052002,0.03179931640625,0.4551870822906494,
1451,0.8843722939491272,0.05364990234375,0.8870540261268616,
1452,0.6452402472496033,0.04827880859375,0.6476549506187439,
1453,0.5848281979560852,0.045166015625,0.5870864987373352,
1454,0.45712152123451233,0.03759765625,0.45900121331214905,
1455,0.4907163381576538,0.02972412109375,0.49220216274261475,
1456,0.6350437998771667,0.041900634765625,0.6371380686759949,
1457,0.9222815632820129,0.05206298828125,0.924885094165802,
1458,0.47753241658210754,0.043243408203125,0.4796953499317169,
1459,1.179136037826538,0.056610107421875,1.1819665431976318,
1460,0.6548091769218445,0.044921875,0.6570560336112976,
1461,0.7100419402122498,0.0435791015625,0.7122201323509216,
1462,0.37462493777275085,0.027008056640625,0.3759753406047821,
1463,0.37932732701301575,0.02825927734375,0.3807406723499298,
1464,0.29994964599609375,0.031768798828125,0.30153846740722656,
1465,0.9763553142547607,0.058135986328125,0.979262113571167,
1466,0.39833083748817444,0.035430908203125,0.40010276436805725,
1467,0.6576074361801147,0.040985107421875,0.6596559286117554,
1468,0.5404586791992188,0.0338134765625,0.542149543762207,
1469,0.7166193127632141,0.048370361328125,0.7190378308296204,
1470,0.5995650887489319,0.038787841796875,0.6015048623085022,
1471,0.5133340954780579,0.04107666015625,0.5153883099555969,
1472,0.6354353427886963,0.046722412109375,0.6377718448638916,
1473,0.8724471926689148,0.053131103515625,0.8751041293144226,
1474,0.4880661964416504,0.038299560546875,0.48998117446899414,
1475,0.6137586236000061,0.040802001953125,0.6157994866371155,
1476,0.5493915677070618,0.0460205078125,0.5516918301582336,
1477,0.6818555593490601,0.04168701171875,0.6839402914047241,
1478,0.345333456993103,0.02777099609375,0.3467220067977905,
1479,0.5363537073135376,0.047088623046875,0.5387073755264282,
1480,0.8151525855064392,0.0550537109375,0.8179048895835876,
1481,0.42586955428123474,0.036590576171875,0.42769870162010193,
1482,0.6043058037757874,0.0416259765625,0.6063867211341858,
1483,0.4978274405002594,0.047698974609375,0.5002115964889526,
1484,0.6461636424064636,0.043670654296875,0.6483475565910339,
1485,0.3219029903411865,0.034942626953125,0.3236501216888428,
1486,0.3593086898326874,0.0313720703125,0.36087748408317566,
1487,0.45443132519721985,0.040557861328125,0.45645883679389954,
1488,0.7290699481964111,0.041717529296875,0.731156587600708,
1489,0.9754137992858887,0.048797607421875,0.9778532981872559,
1490,0.36483481526374817,0.03497314453125,0.36658385396003723,
1491,0.38602983951568604,0.033538818359375,0.3877063989639282,
1492,0.8741224408149719,0.05059814453125,0.8766515851020813,
1493,0.6686993837356567,0.042724609375,0.6708356142044067,
1494,0.40518176555633545,0.027130126953125,0.40653789043426514,
1495,0.3646653890609741,0.029205322265625,0.3661254644393921,
1496,0.9484024047851562,0.059295654296875,0.9513664245605469,
1497,0.4966581165790558,0.0341796875,0.4983671009540558,
1498,0.9075941443443298,0.046630859375,0.9099249243736267,
1499,0.5821832418441772,0.04931640625,0.5846494436264038,
1500,0.4291604161262512,0.0288848876953125,0.4306042790412903,
1501,0.6537042856216431,0.043121337890625,0.6558595895767212,
1502,0.34675732254981995,0.033935546875,0.34845390915870667,
1503,0.4619218707084656,0.034698486328125,0.46365660429000854,
1504,0.7068700194358826,0.051666259765625,0.7094525694847107,
1505,0.7725637555122375,0.037322998046875,0.7744300961494446,
1506,0.40699899196624756,0.031646728515625,0.4085811376571655,
1507,0.7974305152893066,0.04595947265625,0.7997288703918457,
1508,0.7628873586654663,0.0419921875,0.7649873495101929,
1509,0.4379160404205322,0.034881591796875,0.43966031074523926,
1510,0.2574831247329712,0.037567138671875,0.2593618631362915,
1511,0.37314531207084656,0.041168212890625,0.37520334124565125,
1512,0.901634931564331,0.054168701171875,0.9043433666229248,
1513,0.4205373227596283,0.03668212890625,0.4223712384700775,
1514,0.5332072377204895,0.03973388671875,0.5351946949958801,
1515,0.49608632922172546,0.02734375,0.497453898191452,
1516,0.6348466277122498,0.047515869140625,0.6372231841087341,
1517,0.43380647897720337,0.03961181640625,0.43578630685806274,
1518,0.48748815059661865,0.0301513671875,0.48899590969085693,
1519,0.5092785954475403,0.0321044921875,0.510883629322052,
1520,0.5340662002563477,0.03680419921875,0.5359067916870117,
1521,0.6120513081550598,0.04168701171875,0.6141360402107239,
1522,0.6881152987480164,0.042083740234375,0.6902191042900085,
1523,0.3152453601360321,0.0254974365234375,0.31652042269706726,
1524,0.8064203262329102,0.051605224609375,0.8090009689331055,
1525,0.626949667930603,0.040191650390625,0.6289600133895874,
1526,0.6961079239845276,0.04052734375,0.6981335282325745,
1527,0.5761076211929321,0.04290771484375,0.5782533884048462,
1528,0.8427320122718811,0.06097412109375,0.8457799553871155,
1529,0.9254001379013062,0.0482177734375,0.9278110265731812,
1530,0.6015288233757019,0.043792724609375,0.6037184596061707,
1531,0.6145052909851074,0.04443359375,0.616727352142334,
1532,0.2565802335739136,0.0254669189453125,0.2578533887863159,
1533,0.6870627999305725,0.036468505859375,0.6888862252235413,
1534,0.7573654651641846,0.053741455078125,0.7600529193878174,
1535,0.7524551153182983,0.040771484375,0.7544940710067749,
1536,0.7491285800933838,0.0418701171875,0.7512228488922119,
1537,0.8651508688926697,0.035614013671875,0.8669313788414001,
1538,0.697150707244873,0.041290283203125,0.6992144584655762,
1539,0.6493626236915588,0.04083251953125,0.6514034867286682,
1540,0.37303057312965393,0.0267181396484375,0.3743666708469391,
1541,0.7252731919288635,0.0433349609375,0.7274399399757385,
1542,0.7835968732833862,0.04595947265625,0.7858952283859253,
1543,0.6574494242668152,0.040496826171875,0.6594750285148621,
1544,0.8245813250541687,0.04791259765625,0.8269769549369812,
1545,0.5551502108573914,0.038330078125,0.5570670962333679,
1546,0.4689921438694,0.041229248046875,0.47105398774147034,
1547,0.5075523257255554,0.035552978515625,0.5093299746513367,
1548,0.8035581111907959,0.04559326171875,0.8058373928070068,
1549,0.8083521723747253,0.049560546875,0.8108298182487488,
1550,0.3498515188694,0.0281524658203125,0.35125914216041565,
1551,0.9715247750282288,0.05120849609375,0.9740844368934631,
1552,0.6437357068061829,0.048675537109375,0.6461694836616516,
1553,0.587344229221344,0.045745849609375,0.5896311402320862,
1554,0.681547224521637,0.041961669921875,0.6836453080177307,
1555,0.5914684534072876,0.044281005859375,0.5936828851699829,
1556,0.6057247519493103,0.041778564453125,0.60781329870224,
1557,0.6079751253128052,0.04583740234375,0.6102677583694458,
1558,0.504871129989624,0.0308074951171875,0.5064113140106201,
1559,0.8679661750793457,0.043548583984375,0.8701443672180176,
1560,0.7714122533798218,0.043731689453125,0.7735980749130249,
1561,0.4464503824710846,0.03570556640625,0.4482356607913971,
1562,0.7733349204063416,0.037139892578125,0.7751917243003845,
1563,0.6070288419723511,0.03778076171875,0.6089180707931519,
1564,0.3634166121482849,0.0270843505859375,0.3647708296775818,
1565,0.8167790174484253,0.05291748046875,0.8194245100021362,
1566,0.41070955991744995,0.0361328125,0.4125158190727234,
1567,0.29919174313545227,0.0257568359375,0.3004792034626007,
1568,0.4955853521823883,0.04345703125,0.49775782227516174,
1569,0.9612476229667664,0.055023193359375,0.963998019695282,
1570,0.8755592703819275,0.053619384765625,0.8782410025596619,
1571,0.4616685211658478,0.0322265625,0.46328023076057434,
1572,0.5179166197776794,0.036468505859375,0.5197400450706482,
1573,0.7980821132659912,0.0404052734375,0.8001019954681396,
1574,0.8881044983863831,0.057342529296875,0.8909712433815002,
1575,0.6763048768043518,0.040771484375,0.6783438324928284,
1576,0.739338219165802,0.042236328125,0.7414496541023254,
1577,0.5398538112640381,0.04510498046875,0.5421082973480225,
1578,0.9484337568283081,0.054901123046875,0.9511784315109253,
1579,0.6094666719436646,0.05023193359375,0.6119786500930786,
1580,0.5052400827407837,0.033355712890625,0.5069080591201782,
1581,0.360502690076828,0.033538818359375,0.3621792495250702,
1582,0.5639797449111938,0.035888671875,0.5657745599746704,
1583,1.0720947980880737,0.057281494140625,1.074959635734558,
1584,0.4923030436038971,0.047149658203125,0.49466052651405334,
1585,0.5028820633888245,0.04339599609375,0.5050526261329651,
1586,0.5156409740447998,0.0343017578125,0.5173556804656982,
1587,0.6120569705963135,0.05133056640625,0.6146242618560791,
1588,0.753150463104248,0.047149658203125,0.7555079460144043,
1589,0.4830966591835022,0.038848876953125,0.48503929376602173,
1590,0.8659898042678833,0.054779052734375,0.868728756904602,
1591,0.619051456451416,0.03759765625,0.6209311485290527,
1592,0.8802728056907654,0.052947998046875,0.8829202055931091,
1593,0.760606050491333,0.038909912109375,0.7625515460968018,
1594,0.47109875082969666,0.0411376953125,0.47315487265586853,
1595,0.552595853805542,0.039306640625,0.5545604228973389,
1596,0.7985808253288269,0.052886962890625,0.801224410533905,
1597,0.8367763161659241,0.039703369140625,0.8387618660926819,
1598,0.9257807731628418,0.0469970703125,0.9281306266784668,
1599,0.44083651900291443,0.039154052734375,0.44279345870018005,
1600,0.7444729208946228,0.046844482421875,0.7468151450157166,
1601,0.6470103859901428,0.043487548828125,0.6491847634315491,
1602,0.30111730098724365,0.024139404296875,0.30232465267181396,
1603,0.650332510471344,0.046722412109375,0.6526690125465393,
1604,0.5097653865814209,0.023651123046875,0.5109479427337646,
1605,0.5251832008361816,0.0369873046875,0.5270323753356934,
1606,0.5532702207565308,0.041534423828125,0.5553473234176636,
1607,0.4709050953388214,0.03375244140625,0.4725930988788605,
1608,0.4071345925331116,0.044158935546875,0.40934330224990845,
1609,0.9424620270729065,0.0501708984375,0.9449701905250549,
1610,0.691688060760498,0.04644775390625,0.6940112113952637,
1611,0.5120387077331543,0.03167724609375,0.5136227607727051,
1612,0.8486679196357727,0.03875732421875,0.8506057858467102,
1613,0.7396789193153381,0.033203125,0.7413392663002014,
1614,0.33615997433662415,0.02935791015625,0.33762767910957336,
1615,0.29154372215270996,0.02313232421875,0.29270052909851074,
1616,0.7205591797828674,0.050872802734375,0.7231035828590393,
1617,0.6249520182609558,0.0377197265625,0.6268383860588074,
1618,0.611968994140625,0.0413818359375,0.6140384674072266,
1619,0.6196814775466919,0.042816162109375,0.6218215227127075,
1620,1.2060409784317017,0.052337646484375,1.2086578607559204,
1621,1.0098516941070557,0.042327880859375,1.0119688510894775,
1622,0.8452805280685425,0.04730224609375,0.84764564037323,
1623,0.8004997968673706,0.047698974609375,0.8028839826583862,
1624,1.0278836488723755,0.046112060546875,1.0301896333694458,
1625,0.8674352765083313,0.0421142578125,0.8695409893989563,
1626,0.9043812155723572,0.04937744140625,0.9068493247032166,
1627,0.40875595808029175,0.0264129638671875,0.4100767970085144,
1628,0.6035788059234619,0.052520751953125,0.6062052249908447,
1629,0.4760400056838989,0.0304718017578125,0.4775639772415161,
1630,0.812008261680603,0.051666259765625,0.8145908117294312,
1631,0.6609085202217102,0.057464599609375,0.6637809872627258,
1632,0.4087437391281128,0.04132080078125,0.41080939769744873,
1633,0.9085893034934998,0.054595947265625,0.9113187193870544,
1634,0.5456568598747253,0.044708251953125,0.5478922724723816,
1635,0.915524959564209,0.053436279296875,0.9181971549987793,
1636,0.7598167657852173,0.048187255859375,0.7622257471084595,
1637,0.6016343235969543,0.043365478515625,0.6038029789924622,
1638,0.5774431824684143,0.03704833984375,0.5792952179908752,
1639,0.3218936324119568,0.03094482421875,0.3234404921531677,
1640,0.8017489910125732,0.047271728515625,0.8041121959686279,
1641,0.47517716884613037,0.04718017578125,0.47753655910491943,
1642,0.8883285522460938,0.0516357421875,0.8909111022949219,
1643,0.878044843673706,0.05670166015625,0.8808791637420654,
1644,0.811103105545044,0.05328369140625,0.813767671585083,
1645,0.6816269755363464,0.046142578125,0.6839348673820496,
1646,0.36217689514160156,0.041107177734375,0.36423301696777344,
1647,0.7382159233093262,0.058349609375,0.7411341667175293,
1648,0.5579193234443665,0.037506103515625,0.5597942471504211,
1649,0.5131775736808777,0.0406494140625,0.5152108073234558,
1650,0.5529108643531799,0.03497314453125,0.554659903049469,
1651,0.5220595002174377,0.043548583984375,0.5242376923561096,
1652,0.7096648216247559,0.042144775390625,0.7117724418640137,
1653,1.4537426233291626,0.06298828125,1.456891655921936,
1654,0.6194778680801392,0.042083740234375,0.6215816736221313,
1655,0.6762984991073608,0.0517578125,0.6788867712020874,
1656,0.4207223057746887,0.031402587890625,0.4222920536994934,
1657,0.7054804563522339,0.04168701171875,0.707565188407898,
1658,0.7628705501556396,0.049163818359375,0.765329122543335,
1659,0.760008692741394,0.0411376953125,0.7620648145675659,
1660,0.48115143179893494,0.034515380859375,0.48287758231163025,
1661,0.32615891098976135,0.031463623046875,0.32773247361183167,
1662,0.617057204246521,0.04412841796875,0.6192640066146851,
1663,0.7952338457107544,0.05322265625,0.7978945970535278,
1664,1.385336995124817,0.057861328125,1.3882304430007935,
1665,0.6473951935768127,0.041839599609375,0.6494875550270081,
1666,0.5379383563995361,0.046356201171875,0.5402557849884033,
1667,0.555060625076294,0.041290283203125,0.5571243762969971,
1668,1.0247485637664795,0.054534912109375,1.0274760723114014,
1669,0.7210153341293335,0.049163818359375,0.7234739065170288,
1670,0.8498154878616333,0.0479736328125,0.8522149324417114,
1671,0.3193240761756897,0.0305633544921875,0.3208518624305725,
1672,0.6410695910453796,0.035736083984375,0.642856776714325,
1673,0.6079015135765076,0.0294342041015625,0.6093730330467224,
1674,0.710353434085846,0.038543701171875,0.712280809879303,
1675,0.4757843017578125,0.032623291015625,0.4774150848388672,
1676,0.870013415813446,0.037750244140625,0.871900737285614,
1677,0.4115951955318451,0.038116455078125,0.4135006368160248,
1678,0.6842066049575806,0.0380859375,0.6861110925674438,
1679,0.5197306871414185,0.033782958984375,0.5214196443557739,
1680,0.49395281076431274,0.0304107666015625,0.4954729676246643,
1681,0.6771138310432434,0.036712646484375,0.6789496541023254,
1682,0.6171256303787231,0.0330810546875,0.6187793016433716,
1683,0.6287394762039185,0.0285186767578125,0.6301652193069458,
1684,0.8308589458465576,0.05389404296875,0.8335540294647217,
1685,1.1263751983642578,0.0523681640625,1.1289939880371094,
1686,0.7050507664680481,0.04766845703125,0.7074349522590637,
1687,0.6831849217414856,0.041290283203125,0.6852486729621887,
1688,0.5081457495689392,0.028533935546875,0.509572446346283,
1689,0.3796918988227844,0.019439697265625,0.3806636929512024,
1690,0.6710707545280457,0.0499267578125,0.6735674738883972,
1691,0.6778874397277832,0.038055419921875,0.6797900199890137,
1692,0.3431912958621979,0.038299560546875,0.3451062738895416,
1693,0.759425938129425,0.061309814453125,0.7624910473823547,
1694,0.8999962210655212,0.040771484375,0.9020351767539978,
1695,0.40405744314193726,0.031280517578125,0.4056214690208435,
1696,0.4313931167125702,0.043426513671875,0.4335636794567108,
1697,0.7493509650230408,0.0391845703125,0.7513098120689392,
1698,0.8097828030586243,0.048095703125,0.8121879696846008,
1699,0.9036291241645813,0.043853759765625,0.9058225750923157,
1700,0.46389251947402954,0.0377197265625,0.4657788872718811,
1701,0.44706884026527405,0.03668212890625,0.44890275597572327,
1702,0.3573060929775238,0.0280914306640625,0.3587108552455902,
1703,0.37777838110923767,0.0234375,0.37895044684410095,
1704,0.7046951055526733,0.034820556640625,0.7064365148544312,
1705,0.8011284470558167,0.0428466796875,0.8032703995704651,
1706,1.080791711807251,0.053436279296875,1.0834639072418213,
1707,0.6680368781089783,0.03759765625,0.669916570186615,
1708,0.9004560708999634,0.039398193359375,0.9024263620376587,
1709,0.9213814735412598,0.049713134765625,0.9238667488098145,
1710,1.6887434720993042,0.059112548828125,1.6916998624801636,
1711,0.5500186085700989,0.03857421875,0.5519469380378723,
1712,0.6965414881706238,0.040985107421875,0.6985899806022644,
1713,0.567144513130188,0.038116455078125,0.5690499544143677,
1714,1.1511250734329224,0.0523681640625,1.153743863105774,
1715,0.3794330358505249,0.0445556640625,0.3816608190536499,
1716,0.41976067423820496,0.033660888671875,0.421443909406662,
1717,0.7376329898834229,0.049560546875,0.7401106357574463,
1718,0.8805915117263794,0.055694580078125,0.8833762407302856,
1719,0.7164339423179626,0.046173095703125,0.7187418341636658,
1720,0.8851585984230042,0.0595703125,0.8881378769874573,
1721,0.5017083883285522,0.041046142578125,0.5037606954574585,
1722,0.2794432044029236,0.019805908203125,0.28043311834335327,
1723,0.626440167427063,0.039764404296875,0.6284276247024536,
1724,0.5886840224266052,0.0390625,0.5906371474266052,
1725,0.5196889638900757,0.03533935546875,0.5214561223983765,
1726,0.29598742723464966,0.03240966796875,0.2976077198982239,
1727,1.4045591354370117,0.05792236328125,1.407454490661621,
1728,0.5525334477424622,0.039031982421875,0.5544846653938293,
1729,0.6997514963150024,0.036895751953125,0.7015959024429321,
1730,1.0055989027023315,0.042816162109375,1.0077389478683472,
1731,0.403161883354187,0.036956787109375,0.4050101041793823,
1732,0.8435046672821045,0.048370361328125,0.8459231853485107,
1733,0.4710018038749695,0.043121337890625,0.4731571078300476,
1734,0.6966232061386108,0.04315185546875,0.6987804174423218,
1735,0.6478306651115417,0.0352783203125,0.6495949625968933,
1736,0.527622401714325,0.032135009765625,0.5292293429374695,
1737,0.485230952501297,0.032562255859375,0.48685887455940247,
1738,0.6979194283485413,0.039398193359375,0.6998897194862366,
1739,0.581845223903656,0.040802001953125,0.5838860869407654,
1740,0.6973974108695984,0.04052734375,0.6994230151176453,
1741,0.9667456150054932,0.052032470703125,0.9693472385406494,
1742,0.5831525325775146,0.0413818359375,0.5852220058441162,
1743,0.926344096660614,0.045928955078125,0.9286405444145203,
1744,0.45437169075012207,0.032684326171875,0.4560062885284424,
1745,0.46401891112327576,0.034698486328125,0.4657536447048187,
1746,0.6228916049003601,0.043792724609375,0.6250812411308289,
1747,0.706756591796875,0.044921875,0.7090034484863281,
1748,0.8251738548278809,0.041900634765625,0.827268123626709,
1749,0.4580901265144348,0.039215087890625,0.46005088090896606,
1750,0.8449580073356628,0.04547119140625,0.8472315669059753,
1751,0.2764759063720703,0.024932861328125,0.2777223587036133,
1752,0.8547192811965942,0.066162109375,0.8580266237258911,
1753,0.4389990270137787,0.0309906005859375,0.44054874777793884,
1754,0.5726298093795776,0.033966064453125,0.5743283033370972,
1755,0.5722249150276184,0.04351806640625,0.5744011998176575,
1756,0.6567391753196716,0.042816162109375,0.6588792204856873,
1757,1.1369370222091675,0.04583740234375,1.139229655265808,
1758,0.7621342539787292,0.047637939453125,0.7645165324211121,
1759,0.5010316371917725,0.031951904296875,0.5026290416717529,
1760,0.4015953540802002,0.02880859375,0.40303540229797363,
1761,0.655799925327301,0.04296875,0.6579475998878479,
1762,0.643068790435791,0.046630859375,0.6453995704650879,
1763,0.7318042516708374,0.0379638671875,0.7337020635604858,
1764,0.651640772819519,0.04931640625,0.6541069746017456,
1765,0.5390195250511169,0.03021240234375,0.5405301451683044,
1766,0.4092838764190674,0.039337158203125,0.41125035285949707,
1767,0.7466261386871338,0.031341552734375,0.7481930255889893,
1768,0.5331770777702332,0.036529541015625,0.5350033640861511,
1769,0.35079726576805115,0.0252685546875,0.35206088423728943,
1770,0.6339340209960938,0.0521240234375,0.6365394592285156,
1771,0.5562056303024292,0.039520263671875,0.558181643486023,
1772,0.41910964250564575,0.043975830078125,0.42130881547927856,
1773,0.6492374539375305,0.047149658203125,0.6515949368476868,
1774,0.39107781648635864,0.04132080078125,0.3931434750556946,
1775,1.1109349727630615,0.053680419921875,1.1136186122894287,
1776,0.48938390612602234,0.037200927734375,0.4912435710430145,
1777,0.7927950620651245,0.040985107421875,0.7948435544967651,
1778,0.48042094707489014,0.0484619140625,0.482843279838562,
1779,0.7364656329154968,0.047576904296875,0.738844096660614,
1780,0.6815001368522644,0.04681396484375,0.6838404536247253,
1781,0.7316256165504456,0.054107666015625,0.7343302369117737,
1782,0.7063299417495728,0.05120849609375,0.7088896036148071,
1783,0.6556763648986816,0.044525146484375,0.6579022407531738,
1784,0.8675174117088318,0.04510498046875,0.8697718977928162,
1785,0.32905933260917664,0.03436279296875,0.3307778537273407,
1786,0.3677654564380646,0.0325927734375,0.36939528584480286,
1787,0.7224961519241333,0.043853759765625,0.7246896028518677,
1788,0.5501924753189087,0.0235748291015625,0.5513712167739868,
1789,0.8987694382667542,0.048797607421875,0.9012089371681213,
1790,0.8379884362220764,0.052520751953125,0.8406148552894592,
1791,0.6284596920013428,0.044219970703125,0.6306703090667725,
1792,0.4442034065723419,0.0257568359375,0.44549086689949036,
1793,0.719273030757904,0.042877197265625,0.7214168906211853,
1794,0.7852792739868164,0.0479736328125,0.7876787185668945,
1795,0.6085408329963684,0.039337158203125,0.6105073094367981,
1796,0.570285975933075,0.027374267578125,0.5716544985771179,
1797,0.6762713193893433,0.039093017578125,0.6782263517379761,
1798,0.4260951578617096,0.0257720947265625,0.42738357186317444,
1799,0.9844729900360107,0.03509521484375,0.9862277507781982,
1800,0.26353397965431213,0.0272064208984375,0.26489391922950745,
1801,0.5763429999351501,0.0389404296875,0.5782904028892517,
1802,0.4147171080112457,0.035888671875,0.4165119230747223,
1803,0.6027812361717224,0.042236328125,0.6048926711082458,
1804,1.0048720836639404,0.04217529296875,1.006981611251831,
1805,0.5567630529403687,0.02825927734375,0.5581763982772827,
1806,0.6331396102905273,0.031707763671875,0.6347246170043945,
1807,0.5392661094665527,0.037841796875,0.5411581993103027,
1808,0.5873644948005676,0.0401611328125,0.5893729329109192,
1809,1.0888878107070923,0.0562744140625,1.0917011499404907,
1810,0.5686185956001282,0.035919189453125,0.5704143643379211,
1811,0.44489365816116333,0.0254669189453125,0.4461668133735657,
1812,0.41834819316864014,0.038726806640625,0.4202841520309448,
1813,0.4882264733314514,0.03387451171875,0.4899201989173889,
1814,0.46732503175735474,0.037384033203125,0.469194233417511,
1815,0.4324193596839905,0.0333251953125,0.4340854287147522,
1816,0.4826333224773407,0.0328369140625,0.48427554965019226,
1817,0.8536237478256226,0.048553466796875,0.8560518026351929,
1818,0.4803094267845154,0.02947998046875,0.48178380727767944,
1819,0.41542840003967285,0.041473388671875,0.41750168800354004,
1820,0.6854503154754639,0.03497314453125,0.6871993541717529,
1821,0.9040777087211609,0.052459716796875,0.9067003130912781,
1822,0.5900731086730957,0.0516357421875,0.5926556587219238,
1823,0.6500870585441589,0.03485107421875,0.6518294215202332,
1824,0.7759771347045898,0.049835205078125,0.778468132019043,
1825,0.5310176014900208,0.029998779296875,0.5325177311897278,
1826,0.5011441707611084,0.037261962890625,0.5030076503753662,
1827,1.1415987014770508,0.06597900390625,1.1448984146118164,
1828,0.9458574652671814,0.059783935546875,0.9488462805747986,
1829,0.672789454460144,0.049224853515625,0.6752499341964722,
1830,0.445649653673172,0.042236328125,0.44776108860969543,
1831,0.4585089683532715,0.0394287109375,0.4604811668395996,
1832,0.5464727282524109,0.041900634765625,0.548566997051239,
1833,0.7239396572113037,0.056793212890625,0.7267796993255615,
1834,0.4378196895122528,0.04412841796875,0.44002649188041687,
1835,0.3080013692378998,0.0352783203125,0.30976566672325134,
1836,1.0509566068649292,0.06573486328125,1.0542429685592651,
1837,0.5143656134605408,0.033355712890625,0.5160335898399353,
1838,0.7598892450332642,0.04656982421875,0.7622181177139282,
1839,0.5552546381950378,0.056854248046875,0.5580965876579285,
1840,0.7589009404182434,0.050323486328125,0.7614167332649231,
1841,0.595139741897583,0.042572021484375,0.5972683429718018,
1842,0.8629263043403625,0.047760009765625,0.8653143048286438,
1843,0.6899119019508362,0.0479736328125,0.6923113465309143,
1844,0.9007975459098816,0.047515869140625,0.903174102306366,
1845,0.8489772081375122,0.0618896484375,0.8520709276199341,
1846,0.42447909712791443,0.031280517578125,0.4260431230068207,
1847,0.5333980917930603,0.042816162109375,0.5355381369590759,
1848,0.616952121257782,0.04315185546875,0.6191093325614929,
1849,0.5463509559631348,0.037139892578125,0.5482077598571777,
1850,0.5680689811706543,0.038116455078125,0.569974422454834,
1851,0.9729034304618835,0.0501708984375,0.975411593914032,
1852,0.8053350448608398,0.043701171875,0.807520866394043,
1853,0.648346483707428,0.0421142578125,0.650452196598053,
1854,0.3858426809310913,0.03326416015625,0.3875058889389038,
1855,1.0074104070663452,0.06207275390625,1.0105136632919312,
1856,0.6242563724517822,0.0413818359375,0.6263258457183838,
1857,0.8144518136978149,0.053436279296875,0.8171240091323853,
1858,0.7936010360717773,0.042694091796875,0.7957353591918945,
1859,0.7751672863960266,0.042724609375,0.7773035168647766,
1860,0.5450413227081299,0.0301666259765625,0.5465500354766846,
1861,0.6008284687995911,0.03271484375,0.6024640202522278,
1862,0.4361199736595154,0.0313720703125,0.43768876791000366,
1863,0.5439907312393188,0.038177490234375,0.5458999872207642,
1864,0.6769396066665649,0.037139892578125,0.6787964105606079,
1865,0.9124769568443298,0.05560302734375,0.9152578711509705,
1866,0.7076026797294617,0.04498291015625,0.7098514437675476,
1867,0.6112838983535767,0.04168701171875,0.6133686304092407,
1868,0.3000817596912384,0.0278778076171875,0.30147603154182434,
1869,0.3152009844779968,0.02276611328125,0.3163396716117859,
1870,0.4650149941444397,0.0258331298828125,0.46630626916885376,
1871,0.49930110573768616,0.035491943359375,0.5010758638381958,
1872,0.5345457792282104,0.034393310546875,0.5362652540206909,
1873,0.38100773096084595,0.033905029296875,0.38270336389541626,
1874,0.8217247724533081,0.04205322265625,0.8238266706466675,
1875,0.6976796984672546,0.0479736328125,0.7000791430473328,
1876,1.0814107656478882,0.0404052734375,1.0834306478500366,
1877,0.9180861115455627,0.049468994140625,0.9205599427223206,
1878,0.8490378856658936,0.036224365234375,0.850848913192749,
1879,1.0894702672958374,0.042999267578125,1.091619849205017,
1880,0.6447211503982544,0.029296875,0.6461859941482544,
1881,0.3456214368343353,0.028045654296875,0.3470233380794525,
1882,0.5820531249046326,0.044830322265625,0.5842942595481873,
1883,0.6928516030311584,0.0330810546875,0.6945052742958069,
1884,0.7540867924690247,0.045867919921875,0.7563794255256653,
1885,0.7843780517578125,0.04803466796875,0.7867794036865234,
1886,0.6320133805274963,0.04290771484375,0.6341591477394104,
1887,0.7320807576179504,0.0439453125,0.7342780232429504,
1888,0.9045329093933105,0.04510498046875,0.9067873954772949,
1889,0.5705326199531555,0.035736083984375,0.5723198056221008,
1890,0.761009693145752,0.041534423828125,0.7630867958068848,
1891,0.4279910624027252,0.0447998046875,0.4302302896976471,
1892,0.49816566705703735,0.037994384765625,0.5000653862953186,
1893,0.739116907119751,0.04217529296875,0.7412264347076416,
1894,0.5934133529663086,0.0426025390625,0.5955438613891602,
1895,0.3473512530326843,0.01555633544921875,0.3481289744377136,
1896,0.6625187397003174,0.047698974609375,0.664902925491333,
1897,0.6301166415214539,0.033843994140625,0.6318084597587585,
1898,0.5963036417961121,0.0273895263671875,0.5976731181144714,
1899,0.5958063006401062,0.03570556640625,0.5975915789604187,
1900,0.4683627784252167,0.039703369140625,0.4703483283519745,
1901,0.5206435918807983,0.03753662109375,0.5225204229354858,
1902,0.715844988822937,0.04730224609375,0.7182101011276245,
1903,0.4799463450908661,0.0255279541015625,0.48122236132621765,
1904,0.9154945015907288,0.047515869140625,0.9178710579872131,
1905,1.0438464879989624,0.05499267578125,1.046596884727478,
1906,0.413552850484848,0.032318115234375,0.4151683747768402,
1907,0.492046058177948,0.03125,0.49360817670822144,
1908,0.5824671983718872,0.042999267578125,0.5846167802810669,
1909,1.2013131380081177,0.05841064453125,1.2042332887649536,
1910,0.6234162449836731,0.04681396484375,0.625756561756134,
1911,0.813416063785553,0.0450439453125,0.8156686425209045,
1912,0.638054370880127,0.045562744140625,0.6403317451477051,
1913,0.6527866125106812,0.037139892578125,0.6546434164047241,
1914,0.834759533405304,0.039794921875,0.8367488980293274,
1915,0.8406968116760254,0.042022705078125,0.8427987098693848,
1916,0.7829881906509399,0.03887939453125,0.7849317789077759,
1917,0.5895780324935913,0.04583740234375,0.5918706655502319,
1918,0.48141413927078247,0.031768798828125,0.4830029606819153,
1919,0.6915900111198425,0.035247802734375,0.6933524012565613,
1920,0.7716561555862427,0.037200927734375,0.7735158205032349,
1921,0.75679612159729,0.03594970703125,0.7585937976837158,
1922,0.7364533543586731,0.045684814453125,0.7387383580207825,
1923,0.5930695533752441,0.03656005859375,0.5948977470397949,
1924,0.4032784402370453,0.0302581787109375,0.4047909677028656,
1925,0.4008367657661438,0.03607177734375,0.402640163898468,
1926,0.8126067519187927,0.054107666015625,0.8153113722801208,
1927,0.7705609798431396,0.041229248046875,0.77262282371521,
1928,0.954215407371521,0.039306640625,0.9561799764633179,
1929,0.6736060380935669,0.04229736328125,0.675721287727356,
1930,0.7100912928581238,0.0411376953125,0.7121474146842957,
1931,0.687043309211731,0.04534912109375,0.689311146736145,
1932,0.4881451725959778,0.0352783203125,0.48990947008132935,
1933,0.49145492911338806,0.030029296875,0.4929560124874115,
1934,0.5998060703277588,0.042236328125,0.6019175052642822,
1935,0.9042542576789856,0.041107177734375,0.9063103795051575,
1936,0.4792512059211731,0.03839111328125,0.4811709523200989,
1937,1.3192667961120605,0.06341552734375,1.322436809539795,
1938,0.42434796690940857,0.035858154296875,0.4261408746242523,
1939,0.5865716934204102,0.048858642578125,0.589015007019043,
1940,0.7095573544502258,0.0443115234375,0.711773693561554,
1941,0.7507302165031433,0.048187255859375,0.7531391978263855,
1942,0.621515691280365,0.03564453125,0.6232981085777283,
1943,0.6398041844367981,0.040008544921875,0.6418049931526184,
1944,0.7022759318351746,0.04400634765625,0.7044770121574402,
1945,0.4237423837184906,0.030914306640625,0.42528828978538513,
1946,0.7878881692886353,0.051361083984375,0.7904554605484009,
1947,0.3357944190502167,0.0311126708984375,0.33734986186027527,
1948,0.49449145793914795,0.0311737060546875,0.49604976177215576,
1949,0.7381045818328857,0.04522705078125,0.7403666973114014,
1950,0.4210212528705597,0.0233306884765625,0.42218759655952454,
1951,0.6110013127326965,0.0401611328125,0.6130097508430481,
1952,0.9516656398773193,0.036895751953125,0.953510046005249,
1953,0.3571165204048157,0.0237884521484375,0.35830575227737427,
1954,0.5364424586296082,0.0285186767578125,0.5378682017326355,
1955,0.9886741042137146,0.041839599609375,0.9907664656639099,
1956,0.7352154850959778,0.041778564453125,0.7373040318489075,
1957,0.44672781229019165,0.036102294921875,0.4485331177711487,
1958,0.6696498394012451,0.042999267578125,0.6717994213104248,
1959,0.5369640588760376,0.034454345703125,0.5386863946914673,
1960,0.5998589396476746,0.03533935546875,0.6016260981559753,
1961,0.6339622139930725,0.042022705078125,0.6360641121864319,
1962,0.4250321090221405,0.033172607421875,0.42669054865837097,
1963,0.35448771715164185,0.036895751953125,0.35633212327957153,
1964,0.5992153286933899,0.045623779296875,0.6014965176582336,
1965,0.7281084656715393,0.04779052734375,0.7304983735084534,
1966,0.8905176520347595,0.04815673828125,0.8929247260093689,
1967,0.7255188226699829,0.031707763671875,0.7271038293838501,
1968,0.493032842874527,0.0340576171875,0.49473610520362854,
1969,0.4727482795715332,0.03125,0.47431039810180664,
1970,0.2622053623199463,0.0245513916015625,0.26343274116516113,
1971,0.5543432831764221,0.032440185546875,0.5559654831886292,
1972,0.8486073613166809,0.039093017578125,0.8505623936653137,
1973,0.8682875633239746,0.04571533203125,0.870572566986084,
1974,0.6500368714332581,0.03460693359375,0.651766836643219,
1975,0.826362669467926,0.04058837890625,0.8283920884132385,
1976,0.5618217587471008,0.031280517578125,0.5633857846260071,
1977,0.5455032587051392,0.03704833984375,0.5473552942276001,
1978,0.775351881980896,0.03802490234375,0.7772535085678101,
1979,0.8966677784919739,0.03399658203125,0.8983672261238098,
1980,0.5747485160827637,0.040740966796875,0.5767855644226074,
1981,0.6291806697845459,0.036956787109375,0.6310288906097412,
1982,0.6375454068183899,0.03656005859375,0.6393736004829407,
1983,0.6086464524269104,0.042205810546875,0.610755980014801,
1984,0.4856705367565155,0.03143310546875,0.487242192029953,
1985,0.4716697633266449,0.0230865478515625,0.47282370924949646,
1986,0.5508758425712585,0.042755126953125,0.5530139803886414,
1987,0.32054412364959717,0.0225982666015625,0.3216742277145386,
1988,0.4963732361793518,0.034149169921875,0.498080313205719,
1989,0.9873700737953186,0.053314208984375,0.9900365471839905,
1990,0.8213136792182922,0.044403076171875,0.823533833026886,
1991,0.3850689232349396,0.0309295654296875,0.3866157829761505,
1992,0.8182085752487183,0.04425048828125,0.8204210996627808,
1993,0.5176817178726196,0.040008544921875,0.5196825265884399,
1994,0.5021859407424927,0.038604736328125,0.5041161775588989,
1995,0.6627992391586304,0.043304443359375,0.6649640798568726,
1996,0.299588143825531,0.017669677734375,0.3004717230796814,
1997,0.7236227989196777,0.05706787109375,0.7264761924743652,
1998,1.0195263624191284,0.04400634765625,1.021727442741394,
1999,0.6958554983139038,0.038818359375,0.6977962255477905,
2000,0.6359636783599854,0.04010009765625,0.6379683017730713,54.19847328244275
2001,0.48455193638801575,0.040496826171875,0.4865775406360626,
2002,0.6592292189598083,0.0391845703125,0.6611880660057068,
2003,0.41501089930534363,0.036346435546875,0.41682860255241394,
2004,0.7669152021408081,0.038421630859375,0.7688359022140503,
2005,0.26487210392951965,0.0305328369140625,0.26639893651008606,
2006,0.6421766877174377,0.043121337890625,0.6443319916725159,
2007,0.7898462414741516,0.054840087890625,0.792589008808136,
2008,0.995408296585083,0.0477294921875,0.9977943897247314,
2009,0.7680771350860596,0.037567138671875,0.7699558734893799,
2010,0.5079904198646545,0.0307464599609375,0.5095277428627014,
2011,0.4320186972618103,0.029541015625,0.4334959387779236,
2012,0.6841022968292236,0.044769287109375,0.6863415241241455,
2013,0.5581759810447693,0.04901123046875,0.5606269240379333,
2014,0.6825822591781616,0.0390625,0.6845353841781616,
2015,0.6034087538719177,0.0455322265625,0.6056861281394958,
2016,0.6138421893119812,0.039825439453125,0.6158334612846375,
2017,0.5020138025283813,0.039581298828125,0.5039936304092407,
2018,0.6616190075874329,0.045440673828125,0.6638906598091125,
2019,0.7536850571632385,0.040985107421875,0.7557335495948792,
2020,0.9199981093406677,0.048309326171875,0.9224128127098083,
2021,0.7861432433128357,0.05047607421875,0.7886666655540466,
2022,0.5291484594345093,0.039886474609375,0.5311435461044312,
2023,0.8573711514472961,0.054473876953125,0.8600948452949524,
2024,0.6762366890907288,0.04315185546875,0.6783939003944397,
2025,0.4067096412181854,0.03192138671875,0.4083060920238495,
2026,0.6277193427085876,0.037750244140625,0.6296066641807556,
2027,0.49049004912376404,0.037200927734375,0.4923497140407562,
2028,0.8977936506271362,0.0386962890625,0.8997286558151245,
2029,0.7547716498374939,0.04229736328125,0.756886899471283,
2030,0.6806243062019348,0.04632568359375,0.6829398274421692,
2031,0.8304548859596252,0.051605224609375,0.8330355286598206,
2032,0.7866796851158142,0.036895751953125,0.7885240912437439,
2033,0.629461407661438,0.0390625,0.631414532661438,
2034,0.3100629448890686,0.029388427734375,0.31153255701065063,
2035,0.8352366089820862,0.037322998046875,0.8371029496192932,
2036,0.696549117565155,0.041412353515625,0.6986204981803894,
2037,0.4948936104774475,0.028289794921875,0.496307909488678,
2038,0.4290146827697754,0.021942138671875,0.4301114082336426,
2039,0.45255085825920105,0.0273284912109375,0.4539174735546112,
2040,0.9056729674339294,0.047943115234375,0.9080705046653748,
2041,0.24796730279922485,0.0183868408203125,0.24888664484024048,
2042,0.41902032494544983,0.0272216796875,0.42038121819496155,
2043,0.7598037719726562,0.0364990234375,0.7616291046142578,
2044,1.055527687072754,0.046478271484375,1.0578508377075195,
2045,0.30372244119644165,0.024505615234375,0.3049479126930237,
2046,0.4342899024486542,0.03192138671875,0.43588635325431824,
2047,0.55838942527771,0.038360595703125,0.5603072643280029,
2048,0.4721446931362152,0.036163330078125,0.47395285964012146,
2049,0.5304163098335266,0.0452880859375,0.532680332660675,
2050,0.39999184012413025,0.032867431640625,0.4016350209712982,
2051,0.8929747939109802,0.043182373046875,0.895133912563324,
2052,0.9962708353996277,0.04132080078125,0.9983364939689636,
2053,0.8034094572067261,0.0472412109375,0.805770754814148,
2054,0.6467011570930481,0.0458984375,0.6489956974983215,
2055,0.5249537825584412,0.030029296875,0.5264548659324646,
2056,0.7838834524154663,0.035675048828125,0.785666823387146,
2057,0.39014920592308044,0.028411865234375,0.39157018065452576,
2058,0.5181712508201599,0.036102294921875,0.5199765563011169,
2059,0.4750947654247284,0.027618408203125,0.47647568583488464,
2060,0.4631124436855316,0.03741455078125,0.4649835526943207,
2061,0.4168063700199127,0.026763916015625,0.4181443750858307,
2062,0.38973405957221985,0.037933349609375,0.3916309177875519,
2063,0.460014283657074,0.035400390625,0.461784303188324,
2064,0.4975384473800659,0.035675048828125,0.4993218183517456,
2065,0.8449182510375977,0.03973388671875,0.8469057083129883,
2066,0.2311730831861496,0.0245361328125,0.23239950835704803,
2067,0.7657502293586731,0.047943115234375,0.7681477665901184,
2068,0.6669374704360962,0.0305938720703125,0.6684671640396118,
2069,0.49161669611930847,0.038726806640625,0.49355265498161316,
2070,0.48602190613746643,0.02886962890625,0.4874657690525055,
2071,0.6006635427474976,0.03448486328125,0.6023877859115601,
2072,0.36570310592651367,0.0214385986328125,0.3667750358581543,
2073,0.6662953495979309,0.0390625,0.6682484745979309,
2074,0.426013708114624,0.032135009765625,0.42762064933776855,
2075,0.7993614673614502,0.0311737060546875,0.800919771194458,
2076,0.5212877988815308,0.0292510986328125,0.522750735282898,
2077,0.9714483618736267,0.037139892578125,0.9733051657676697,
2078,0.2506586015224457,0.02911376953125,0.2521139085292816,
2079,0.2531343698501587,0.0222320556640625,0.2542463541030884,
2080,0.31451913714408875,0.030303955078125,0.3160345256328583,
2081,0.5251136422157288,0.0303802490234375,0.5266328454017639,
2082,0.357748419046402,0.0195770263671875,0.3587268888950348,
2083,0.3487309515476227,0.024993896484375,0.34998026490211487,
2084,0.6962052583694458,0.04241943359375,0.6983262300491333,
2085,0.783871591091156,0.04974365234375,0.7863587737083435,
2086,0.7516993880271912,0.034393310546875,0.7534188628196716,
2087,0.6688494086265564,0.0308990478515625,0.6703943610191345,
2088,0.7076482772827148,0.038421630859375,0.709568977355957,
2089,0.35636889934539795,0.03857421875,0.3582972288131714,
2090,0.38984063267707825,0.0285797119140625,0.3912692368030548,
2091,0.8991647362709045,0.037261962890625,0.9010282158851624,
2092,0.7188503742218018,0.0491943359375,0.7213108539581299,
2093,0.697720468044281,0.03436279296875,0.6994389891624451,
2094,0.9078668355941772,0.046234130859375,0.910178542137146,
2095,0.6746924519538879,0.032379150390625,0.6763117909431458,
2096,0.5820155143737793,0.0400390625,0.5840182304382324,
2097,0.372052401304245,0.0272216796875,0.3734132945537567,
2098,0.4230535626411438,0.031219482421875,0.42461472749710083,
2099,0.7769023180007935,0.04443359375,0.77912437915802,
2100,0.5693984627723694,0.042449951171875,0.5715213418006897,
2101,0.25119760632514954,0.020233154296875,0.25220945477485657,
2102,0.8058575987815857,0.039825439453125,0.8078488707542419,
2103,0.4496884346008301,0.041015625,0.4517388343811035,
2104,0.483085572719574,0.0261077880859375,0.48439115285873413,
2105,0.7225842475891113,0.03997802734375,0.7245831489562988,
2106,0.8930572271347046,0.038055419921875,0.8949598073959351,
2107,0.4388529360294342,0.023773193359375,0.4400412142276764,
2108,0.7505701780319214,0.041290283203125,0.7526339292526245,
2109,0.4704190790653229,0.036468505859375,0.4722425043582916,
2110,0.7258039712905884,0.036407470703125,0.7276245355606079,
2111,0.8280117511749268,0.03411865234375,0.8297178745269775,
2112,0.6606928110122681,0.0408935546875,0.6627374887466431,
2113,0.8207037448883057,0.0421142578125,0.8228094577789307,
2114,0.6688762903213501,0.035491943359375,0.6706510782241821,
2115,0.8488263487815857,0.041046142578125,0.8508786559104919,
2116,0.7359357476234436,0.032257080078125,0.7375484108924866,
2117,0.7448210716247559,0.040130615234375,0.7468276023864746,
2118,0.41345542669296265,0.0283660888671875,0.41487354040145874,
2119,0.7965296506881714,0.045684814453125,0.7988146543502808,
2120,0.556038498878479,0.035064697265625,0.5577913522720337,
2121,0.8460789918899536,0.040496826171875,0.8481045961380005,
2122,0.8614628911018372,0.035400390625,0.8632329106330872,
2123,0.8297075033187866,0.0367431640625,0.8315442800521851,
2124,0.45298337936401367,0.027435302734375,0.45435476303100586,
2125,0.6851969957351685,0.0460205078125,0.6874972581863403,
2126,0.9257146716117859,0.043548583984375,0.9278928637504578,
2127,0.42240196466445923,0.027130126953125,0.4237580895423889,
2128,0.5871310830116272,0.035308837890625,0.5888963341712952,
2129,0.6032217144966125,0.041107177734375,0.6052778363227844,
2130,0.6629145741462708,0.03192138671875,0.6645110249519348,
2131,0.6928805708885193,0.036712646484375,0.6947163939476013,
2132,0.7500741481781006,0.037628173828125,0.7519557476043701,
2133,0.924446702003479,0.05078125,0.9269853830337524,
2134,0.8480774760246277,0.04510498046875,0.8503319621086121,
2135,0.4474012553691864,0.033172607421875,0.44905969500541687,
2136,0.63629150390625,0.041473388671875,0.6383647918701172,
2137,0.48173803091049194,0.0224761962890625,0.4828614592552185,
2138,0.766424834728241,0.042449951171875,0.7685477137565613,
2139,0.7923155426979065,0.03912353515625,0.7942724823951721,
2140,0.6739628911018372,0.03521728515625,0.6757233738899231,
2141,0.5383001565933228,0.031646728515625,0.5398823022842407,
2142,0.8273779153823853,0.036956787109375,0.8292261362075806,
2143,0.9552862048149109,0.05035400390625,0.9578039050102234,
2144,0.8522350788116455,0.045013427734375,0.8544857501983643,
2145,0.3709551990032196,0.0241241455078125,0.3721615970134735,
2146,0.5572823882102966,0.037078857421875,0.5591363310813904,
2147,0.48153260350227356,0.038970947265625,0.48348096013069153,
2148,1.0655616521835327,0.048095703125,1.0679668188095093,
2149,0.5832440853118896,0.037994384765625,0.5851438045501709,
2150,0.6761742830276489,0.045257568359375,0.6784363985061646,
2151,0.8191636204719543,0.049652099609375,0.8216469883918762,
2152,1.2664873600006104,0.04766845703125,1.268871545791626,
2153,1.2620370388031006,0.05682373046875,1.2648789882659912,
2154,0.8071496486663818,0.0447998046875,0.8093888759613037,
2155,0.6430685520172119,0.04315185546875,0.6452257633209229,
2156,0.4490956664085388,0.04071044921875,0.45113080739974976,
2157,0.7979366779327393,0.047698974609375,0.8003208637237549,
2158,0.4953087568283081,0.040924072265625,0.4973553419113159,
2159,0.8801172971725464,0.044647216796875,0.882348895072937,
2160,0.8354544043540955,0.051483154296875,0.8380293250083923,
2161,0.6610707640647888,0.046600341796875,0.6634015440940857,
2162,1.0739692449569702,0.04638671875,1.0762885808944702,
2163,1.1246379613876343,0.04248046875,1.1267627477645874,
2164,0.4821750521659851,0.044342041015625,0.48439139127731323,
2165,0.6036956310272217,0.04541015625,0.6059653759002686,
2166,0.9130352735519409,0.0491943359375,0.915495753288269,
2167,0.9131266474723816,0.044677734375,0.915360152721405,
2168,0.9526076316833496,0.050872802734375,0.9551520347595215,
2169,1.2066092491149902,0.05670166015625,1.2094435691833496,
2170,0.5320641398429871,0.045379638671875,0.5343338847160339,
2171,0.5311362743377686,0.032623291015625,0.5327670574188232,
2172,0.4027945399284363,0.034332275390625,0.40451115369796753,
2173,1.0851095914840698,0.05328369140625,1.0877741575241089,
2174,0.5523519515991211,0.04345703125,0.5545244216918945,
2175,1.1162214279174805,0.04534912109375,1.1184892654418945,
2176,0.468307226896286,0.035430908203125,0.4700791537761688,
2177,0.7547203302383423,0.044952392578125,0.7569671869277954,
2178,0.834891676902771,0.0457763671875,0.837180495262146,
2179,1.266539454460144,0.040679931640625,1.2685726881027222,
2180,0.5648430585861206,0.03729248046875,0.5667074918746948,
2181,0.7581095695495605,0.037841796875,0.7600016593933105,
2182,0.5615497827529907,0.03790283203125,0.5634447336196899,
2183,1.0263317823410034,0.04498291015625,1.0285805463790894,
2184,0.4587384760379791,0.02099609375,0.4597884714603424,
2185,0.5567163228988647,0.033050537109375,0.5583690404891968,
2186,0.6334429383277893,0.038909912109375,0.6353884339332581,
2187,0.526232898235321,0.0352783203125,0.5279971957206726,
2188,0.6836017370223999,0.034088134765625,0.6853059530258179,
2189,0.4150465726852417,0.0253448486328125,0.4163140058517456,
2190,1.0671907663345337,0.04266357421875,1.069323182106018,
2191,1.0406699180603027,0.039794921875,1.0426592826843262,
2192,0.767956554889679,0.035125732421875,0.7697132229804993,
2193,1.1749746799468994,0.0435791015625,1.1771528720855713,
2194,0.8322659730911255,0.03155517578125,0.8338433504104614,
2195,0.7943239808082581,0.033599853515625,0.7960043549537659,
2196,1.1393730640411377,0.045806884765625,1.1416637897491455,
2197,0.8448984026908875,0.045928955078125,0.8471948504447937,
2198,0.6614637970924377,0.038787841796875,0.6634035706520081,
2199,0.8471335768699646,0.046630859375,0.8494643568992615,
2200,0.6065229177474976,0.032257080078125,0.6081355810165405,
2201,0.7595636248588562,0.038787841796875,0.7615033984184265,
2202,0.4016059935092926,0.0256195068359375,0.4028867781162262,
2203,0.5775790810585022,0.0297393798828125,0.5790658593177795,
2204,0.7535825967788696,0.037628173828125,0.7554641962051392,
2205,0.2836056649684906,0.0262451171875,0.2849179208278656,
2206,0.8453818559646606,0.04071044921875,0.8474169969558716,
2207,0.464720755815506,0.030242919921875,0.4662332832813263,
2208,0.5268132090568542,0.033966064453125,0.5285117030143738,
2209,0.49824443459510803,0.0235443115234375,0.49942126870155334,
2210,1.0581144094467163,0.043548583984375,1.0602926015853882,
2211,0.8071198463439941,0.038543701171875,0.8090472221374512,
2212,0.41998541355133057,0.02667236328125,0.4213186502456665,
2213,0.5604109764099121,0.0287017822265625,0.5618462562561035,
2214,1.3913527727127075,0.045074462890625,1.393607258796692,
2215,0.9206822514533997,0.038116455078125,0.9225876927375793,
2216,0.6201744675636292,0.03741455078125,0.6220455765724182,
2217,0.5509114265441895,0.028839111328125,0.5523533821105957,
2218,0.3215252757072449,0.0266876220703125,0.3228594660758972,
2219,0.6044918894767761,0.0308990478515625,0.6060368418693542,
2220,0.6571304798126221,0.039459228515625,0.6591026782989502,
2221,1.0692654848098755,0.05474853515625,1.0720025300979614,
2222,0.6506133675575256,0.041778564453125,0.6527019143104553,
2223,0.889877200126648,0.04888916015625,0.8923224210739136,
2224,0.6057787537574768,0.035400390625,0.6075487732887268,
2225,0.9392417073249817,0.041717529296875,0.9413283467292786,
2226,0.7448351979255676,0.04095458984375,0.7468836903572083,
2227,0.935925304889679,0.041229248046875,0.9379871487617493,
2228,0.6808823943138123,0.04339599609375,0.6830529570579529,
2229,0.7158524990081787,0.0283203125,0.717268705368042,
2230,0.9076613187789917,0.04931640625,0.9101275205612183,
2231,0.7199684977531433,0.045989990234375,0.7222687602043152,
2232,0.7139937281608582,0.040802001953125,0.7160345911979675,
2233,0.3217218220233917,0.0299072265625,0.3232171833515167,
2234,0.7422643899917603,0.03570556640625,0.7440496683120728,
2235,0.576789915561676,0.03460693359375,0.578519880771637,
2236,0.699383556842804,0.038055419921875,0.7012861371040344,
2237,0.38215309381484985,0.0276641845703125,0.3835359215736389,
2238,0.8371372818946838,0.036468505859375,0.8389607071876526,
2239,0.6046034097671509,0.033935546875,0.6062999963760376,
2240,0.6950904130935669,0.035369873046875,0.6968585252761841,
2241,0.9203206896781921,0.0386962890625,0.9222556948661804,
2242,0.5741623044013977,0.02484130859375,0.5754039883613586,
2243,0.5223966836929321,0.0307769775390625,0.5239359140396118,
2244,0.7369740605354309,0.03948974609375,0.7389481663703918,
2245,0.5851948261260986,0.035552978515625,0.5869724750518799,
2246,0.6069399118423462,0.035614013671875,0.6087204217910767,
2247,0.7042354345321655,0.040771484375,0.7062743902206421,
2248,0.593359112739563,0.0307159423828125,0.594894528388977,
2249,0.36070722341537476,0.018035888671875,0.36160892248153687,
2250,0.5162556767463684,0.0272064208984375,0.5176156163215637,
2251,0.6347754597663879,0.033416748046875,0.6364462971687317,
2252,0.5877434611320496,0.03021240234375,0.5892540812492371,
2253,0.44484132528305054,0.0289306640625,0.4462880492210388,
2254,0.8982511162757874,0.03485107421875,0.8999934792518616,
2255,0.5679909586906433,0.028228759765625,0.5694023966789246,
2256,0.4486321806907654,0.031951904296875,0.45022958517074585,
2257,0.6787149906158447,0.033294677734375,0.68038010597229,
2258,0.6364667415618896,0.02520751953125,0.6377274990081787,
2259,0.6166742444038391,0.0298309326171875,0.6181657910346985,
2260,0.5266417264938354,0.035064697265625,0.5283945798873901,
2261,0.5963436365127563,0.0238037109375,0.5975338220596313,
2262,0.49302563071250916,0.02874755859375,0.4944628179073334,
2263,1.0858460664749146,0.034088134765625,1.0875502824783325,
2264,0.532438337802887,0.022003173828125,0.5335388779640198,
2265,0.8818737268447876,0.03485107421875,0.8836160898208618,
2266,0.3908759653568268,0.025299072265625,0.39214053750038147,
2267,0.258583664894104,0.0279083251953125,0.25997889041900635,
2268,1.2352008819580078,0.045013427734375,1.2374515533447266,
2269,0.7074899673461914,0.0277557373046875,0.7088775634765625,
2270,0.5284330248832703,0.0251007080078125,0.5296880602836609,
2271,1.086403727531433,0.032257080078125,1.088016390800476,
2272,0.5778113007545471,0.034881591796875,0.5795555710792542,
2273,0.5449241399765015,0.0338134765625,0.5466150045394897,
2274,0.4910483658313751,0.02740478515625,0.4924187958240509,
2275,0.3597142696380615,0.019622802734375,0.36069560050964355,
2276,0.5780585408210754,0.036346435546875,0.5798762440681458,
2277,1.0729358196258545,0.050445556640625,1.0754573345184326,
2278,0.5407701730728149,0.032257080078125,0.5423828363418579,
2279,0.6245496273040771,0.04449462890625,0.6267735958099365,
2280,0.5345163345336914,0.031036376953125,0.5360679626464844,
2281,0.6685575246810913,0.039764404296875,0.6705449819564819,
2282,0.600284993648529,0.025665283203125,0.6015686392784119,
2283,0.8486559987068176,0.044586181640625,0.8508856892585754,
2284,0.5859427452087402,0.03961181640625,0.5879225730895996,
2285,0.8572831153869629,0.0352783203125,0.8590474128723145,
2286,0.34091073274612427,0.03118896484375,0.3424699902534485,
2287,0.9095209240913391,0.042449951171875,0.9116438031196594,
2288,0.7501165270805359,0.038970947265625,0.7520648837089539,
2289,1.0523197650909424,0.04425048828125,1.0545322895050049,
2290,0.9207385778427124,0.048858642578125,0.9231818914413452,
2291,0.8680606484413147,0.045623779296875,0.8703418374061584,
2292,0.657744288444519,0.0316162109375,0.6593254804611206,
2293,0.3198957145214081,0.020660400390625,0.32092854380607605,
2294,0.33036839962005615,0.02410888671875,0.33157384395599365,
2295,0.4728291928768158,0.039306640625,0.47479376196861267,
2296,0.5963780283927917,0.035614013671875,0.5981585383415222,
2297,1.0237823724746704,0.037689208984375,1.0256668329238892,
2298,0.6040039658546448,0.0265350341796875,0.6053305268287659,
2299,0.7491930723190308,0.0291748046875,0.7506521940231323,
2300,0.7418412566184998,0.040008544921875,0.7438420653343201,
2301,0.3443323075771332,0.0270538330078125,0.34568461775779724,
2302,0.354666143655777,0.0285797119140625,0.35609474778175354,
2303,1.1021127700805664,0.043304443359375,1.1042776107788086,
2304,0.6105161905288696,0.0292205810546875,0.611977219581604,
2305,0.5979536771774292,0.0280303955078125,0.5993555784225464,
2306,0.29952237010002136,0.02947998046875,0.3009967505931854,
2307,0.7464427351951599,0.03594970703125,0.7482404112815857,
2308,0.46831658482551575,0.037353515625,0.4701838791370392,
2309,0.5326811671257019,0.032470703125,0.5343043208122253,
2310,0.6949854493141174,0.0301361083984375,0.6964922547340393,
2311,0.5501808524131775,0.029541015625,0.5516580939292908,
2312,0.8794311285018921,0.038299560546875,0.8813461065292358,
2313,0.5659075379371643,0.023681640625,0.5670920014381409,
2314,0.8500908613204956,0.033843994140625,0.8517826795578003,
2315,0.7137177586555481,0.033477783203125,0.7153914570808411,
2316,0.4250968396663666,0.025390625,0.4263661801815033,
2317,0.6847651600837708,0.038177490234375,0.6866744160652161,
2318,0.990074634552002,0.03643798828125,0.9918961524963379,
2319,0.6889967918395996,0.032867431640625,0.6906399726867676,
2320,0.6561710238456726,0.040863037109375,0.6582137942314148,
2321,0.9308059811592102,0.035064697265625,0.9325588345527649,
2322,1.0683095455169678,0.035369873046875,1.070077657699585,
2323,0.33915528655052185,0.0278167724609375,0.34054574370384216,
2324,0.9769513607025146,0.040985107421875,0.9789998531341553,
2325,1.1097193956375122,0.035675048828125,1.111502766609192,
2326,0.4084683954715729,0.03265380859375,0.4101010859012604,
2327,0.8410014510154724,0.0408935546875,0.8430461287498474,
2328,0.5509263277053833,0.0367431640625,0.5527631044387817,
2329,0.6182486414909363,0.041595458984375,0.6203276515007019,
2330,0.7052769660949707,0.036102294921875,0.7070822715759277,
2331,0.36756253242492676,0.03125,0.3691246509552002,
2332,0.9228994250297546,0.0430908203125,0.9250547289848328,
2333,0.6260688304901123,0.047271728515625,0.628432035446167,
2334,0.6335722208023071,0.0343017578125,0.6352869272232056,
2335,0.604114294052124,0.033599853515625,0.6057946681976318,
2336,0.4994473159313202,0.0290985107421875,0.5009026527404785,
2337,1.1523759365081787,0.047821044921875,1.1547677516937256,
2338,0.5810061097145081,0.03570556640625,0.5827913880348206,
2339,0.4721871614456177,0.02587890625,0.47348129749298096,
2340,0.4129537343978882,0.0212860107421875,0.41401803493499756,
2341,0.5813291072845459,0.026123046875,0.5826356410980225,
2342,0.6427181363105774,0.0411376953125,0.6447742581367493,
2343,0.994902491569519,0.041473388671875,0.9969757795333862,
2344,0.3778859078884125,0.037841796875,0.3797779977321625,
2345,0.43700534105300903,0.0278472900390625,0.43839770555496216,
2346,0.5973492860794067,0.038055419921875,0.5992518663406372,
2347,0.5770155191421509,0.0310516357421875,0.5785681009292603,
2348,0.9650814533233643,0.044647216796875,0.9673130512237549,
2349,0.9344508051872253,0.05133056640625,0.937018096446991,
2350,1.0282796621322632,0.041778564453125,1.0303682088851929,
2351,0.685503363609314,0.04766845703125,0.6878875494003296,
2352,0.47951847314834595,0.0313720703125,0.48108726739883423,
2353,0.5700330138206482,0.0494384765625,0.5725049376487732,
2354,0.5097800493240356,0.04443359375,0.5120021104812622,
2355,0.6498073935508728,0.046142578125,0.6521152853965759,
2356,0.8865471482276917,0.04754638671875,0.888923704624176,
2357,0.21119284629821777,0.0265045166015625,0.21251845359802246,
2358,1.0001695156097412,0.058258056640625,1.003082036972046,
2359,0.44344085454940796,0.03778076171875,0.44533008337020874,
2360,0.6737655401229858,0.0509033203125,0.6763099431991577,
2361,0.9824745655059814,0.06085205078125,0.9855167865753174,
2362,0.5311815142631531,0.052703857421875,0.5338174700737,
2363,0.4754512906074524,0.040496826171875,0.47747689485549927,
2364,0.5414188504219055,0.03521728515625,0.5431793332099915,
2365,0.4616682827472687,0.03826904296875,0.4635813534259796,
2366,0.21343792974948883,0.02734375,0.2148054987192154,
2367,0.957475483417511,0.04656982421875,0.959804356098175,
2368,1.1866428852081299,0.06475830078125,1.1898815631866455,
2369,1.0157427787780762,0.051025390625,1.0182948112487793,
2370,0.9854816794395447,0.051300048828125,0.9880470633506775,
2371,0.4367821216583252,0.031890869140625,0.43837666511535645,
2372,0.5597831010818481,0.037933349609375,0.5616799592971802,
2373,0.6637340784072876,0.0455322265625,0.6660114526748657,
2374,0.9441329836845398,0.044219970703125,0.9463436007499695,
2375,0.341195672750473,0.033843994140625,0.3428874909877777,
2376,0.9035741686820984,0.05108642578125,0.9061281085014343,
2377,0.5016503930091858,0.035552978515625,0.503428041934967,
2378,1.0500305891036987,0.046142578125,1.0523384809494019,
2379,0.7393737435340881,0.050567626953125,0.7419028878211975,
2380,0.46990329027175903,0.03692626953125,0.47174960374832153,
2381,0.5112637877464294,0.03546142578125,0.5130366683006287,
2382,0.9059378504753113,0.043701171875,0.9081236720085144,
2383,0.9335102438926697,0.048797607421875,0.9359497427940369,
2384,0.6000539660453796,0.03692626953125,0.6019002795219421,
2385,0.662960946559906,0.039825439453125,0.6649522185325623,
2386,0.634803831577301,0.039031982421875,0.6367550492286682,
2387,0.7249740362167358,0.036407470703125,0.7267946004867554,
2388,0.6984560489654541,0.034393310546875,0.7001755237579346,
2389,0.7055438756942749,0.033447265625,0.7072166204452515,
2390,0.466993510723114,0.02703857421875,0.4683458209037781,
2391,0.7843812108039856,0.04052734375,0.7864068150520325,
2392,0.34588876366615295,0.03228759765625,0.34750333428382874,
2393,0.6708695888519287,0.036468505859375,0.6726930141448975,
2394,0.5689213871955872,0.03289794921875,0.5705664753913879,
2395,0.8696562647819519,0.04180908203125,0.8717467188835144,
2396,0.7349111437797546,0.03900146484375,0.7368614077568054,
2397,1.2609955072402954,0.054229736328125,1.2637077569961548,
2398,0.7949437499046326,0.040863037109375,0.7969865202903748,
2399,0.4901160001754761,0.033172607421875,0.49177443981170654,
2400,0.6101645827293396,0.040252685546875,0.6121768355369568,
2401,0.7767795324325562,0.03350830078125,0.7784551382064819,
2402,0.8079635500907898,0.050079345703125,0.8104678988456726,
2403,0.7411167025566101,0.0382080078125,0.7430269122123718,
2404,0.48409560322761536,0.025177001953125,0.4853544533252716,
2405,0.7193273901939392,0.038482666015625,0.721251904964447,
2406,0.33807045221328735,0.0252685546875,0.33933407068252563,
2407,0.6361335515975952,0.03515625,0.6378911733627319,
2408,1.1798405647277832,0.05206298828125,1.1824440956115723,
2409,0.7884918451309204,0.04449462890625,0.7907158136367798,
2410,0.6222219467163086,0.038299560546875,0.6241369247436523,
2411,0.5003783702850342,0.033416748046875,0.5020492076873779,
2412,0.8458797931671143,0.0382080078125,0.847790002822876,
2413,0.608082115650177,0.0306396484375,0.6096137166023254,
2414,0.8848679661750793,0.039337158203125,0.886834442615509,
2415,0.6828659176826477,0.04339599609375,0.6850364804267883,
2416,1.010027527809143,0.0457763671875,1.012316346168518,
2417,0.4212385416030884,0.026641845703125,0.4225708246231079,
2418,0.8549286127090454,0.03741455078125,0.8567997217178345,
2419,0.6091922521591187,0.0311737060546875,0.6107505559921265,
2420,0.8355797529220581,0.03851318359375,0.8375052213668823,
2421,0.8135114312171936,0.050872802734375,0.8160558342933655,
2422,0.7851675748825073,0.03997802734375,0.7871664762496948,
2423,0.3161030411720276,0.0246124267578125,0.31733328104019165,
2424,0.6193663477897644,0.042205810546875,0.621475875377655,
2425,0.7370139360427856,0.04327392578125,0.739176869392395,
2426,0.7272778749465942,0.041839599609375,0.7293702363967896,
2427,0.527719259262085,0.03631591796875,0.5295350551605225,
2428,0.599238932132721,0.0267333984375,0.6005759835243225,
2429,0.3700641393661499,0.032989501953125,0.3717139959335327,
2430,1.2638002634048462,0.043670654296875,1.2659841775894165,
2431,0.6662160754203796,0.04046630859375,0.6682397723197937,
2432,0.8517501950263977,0.037109375,0.8536060452461243,
2433,0.6215028762817383,0.034698486328125,0.6232376098632812,
2434,0.9693892002105713,0.047027587890625,0.9717409610748291,
2435,0.8852128386497498,0.03887939453125,0.8871564269065857,
2436,0.5883244276046753,0.033599853515625,0.5900048017501831,
2437,0.6301553845405579,0.033294677734375,0.6318204998970032,
2438,0.6805523037910461,0.03558349609375,0.6823318600654602,
2439,0.7536525130271912,0.04388427734375,0.7558459639549255,
2440,1.0172547101974487,0.042510986328125,1.0193794965744019,
2441,0.40049445629119873,0.0290985107421875,0.40194976329803467,
2442,0.3196360170841217,0.0293121337890625,0.3211018145084381,
2443,0.7180860042572021,0.039459228515625,0.7200582027435303,
2444,0.45505815744400024,0.0299224853515625,0.45655447244644165,
2445,0.3952568769454956,0.024261474609375,0.39646995067596436,
2446,0.4217534065246582,0.033660888671875,0.42343664169311523,
2447,0.44115206599235535,0.0306549072265625,0.4426846206188202,
2448,0.7802766561508179,0.040985107421875,0.7823251485824585,
2449,0.6701884865760803,0.0305023193359375,0.6717134118080139,
2450,0.6917173266410828,0.0330810546875,0.6933709979057312,
2451,0.6146815419197083,0.033477783203125,0.6163552403450012,
2452,1.4931443929672241,0.053070068359375,1.4957975149154663,
2453,0.6509517431259155,0.040802001953125,0.6529926061630249,
2454,0.5285639762878418,0.032867431640625,0.5302071571350098,
2455,0.3723321855068207,0.02618408203125,0.37364158034324646,
2456,0.6439246535301208,0.032135009765625,0.6455315947532654,
2457,0.39486879110336304,0.026336669921875,0.39618581533432007,
2458,0.5168692469596863,0.034942626953125,0.5186163783073425,
2459,0.8929049968719482,0.04241943359375,0.8950259685516357,
2460,0.7553024888038635,0.0341796875,0.7570114731788635,
2461,0.5260840654373169,0.032135009765625,0.5276910066604614,
2462,0.6662150621414185,0.050537109375,0.668742299079895,
2463,0.7796545028686523,0.0443115234375,0.7818708419799805,
2464,0.5892607569694519,0.0374755859375,0.5911347270011902,
2465,0.4459902048110962,0.027679443359375,0.44737398624420166,
2466,0.9320716261863708,0.051727294921875,0.9346579909324646,
2467,0.20976687967777252,0.0236968994140625,0.21095134317874908,
2468,0.5208142995834351,0.039764404296875,0.5228017568588257,
2469,0.8770778775215149,0.039459228515625,0.879050076007843,
2470,0.5018690824508667,0.0290069580078125,0.5033196210861206,
2471,0.6803559064865112,0.041534423828125,0.682433009147644,
2472,0.8630329370498657,0.036102294921875,0.8648382425308228,
2473,1.504366159439087,0.04803466796875,1.5067675113677979,
2474,0.5842583179473877,0.029449462890625,0.585730791091919,
2475,0.5392031669616699,0.0287933349609375,0.5406432151794434,
2476,0.353412002325058,0.033203125,0.35507234930992126,
2477,0.49452754855155945,0.028564453125,0.495956152677536,
2478,0.4359462559223175,0.033843994140625,0.4376380741596222,
2479,0.4658419191837311,0.033966064453125,0.4675404131412506,
2480,0.49049633741378784,0.033355712890625,0.4921643137931824,
2481,0.5737764835357666,0.033172607421875,0.5754349231719971,
2482,0.6297559142112732,0.03948974609375,0.6317300200462341,
2483,0.42596352100372314,0.031524658203125,0.4275399446487427,
2484,0.8560730218887329,0.04022216796875,0.8580833673477173,
2485,0.3245568871498108,0.030731201171875,0.32609325647354126,
2486,0.45743703842163086,0.033416748046875,0.4591078758239746,
2487,0.6452066898345947,0.0257415771484375,0.6464941501617432,
2488,0.5699027180671692,0.0295257568359375,0.5713790059089661,
2489,0.42627400159835815,0.0284423828125,0.4276959300041199,
2490,0.9419419169425964,0.043792724609375,0.9441315531730652,
2491,1.4212987422943115,0.05322265625,1.423959493637085,
2492,0.546396017074585,0.033416748046875,0.5480668544769287,
2493,0.9408305287361145,0.045928955078125,0.9431269764900208,
2494,0.571959376335144,0.044464111328125,0.5741833448410034,
2495,0.6397087574005127,0.042694091796875,0.6418430805206299,
2496,0.635901153087616,0.035552978515625,0.6376788020133972,
2497,0.6304859519004822,0.044403076171875,0.6327061057090759,
2498,1.029278039932251,0.050872802734375,1.0318224430084229,
2499,0.36584872007369995,0.042022705078125,0.3679506182670593,
2500,0.765201985836029,0.041961669921875,0.7673000693321228,
2501,0.699843168258667,0.0484619140625,0.7022655010223389,
2502,0.4741048216819763,0.03350830078125,0.4757804274559021,
2503,1.1644151210784912,0.05096435546875,1.1669633388519287,
2504,0.47868090867996216,0.033172607421875,0.4803393483161926,
2505,0.929254949092865,0.050140380859375,0.9317612051963806,
2506,0.5126186609268188,0.039306640625,0.5145832300186157,
2507,0.5271439552307129,0.0302581787109375,0.5286564826965332,
2508,0.6209076642990112,0.04205322265625,0.6230095624923706,
2509,0.9338937401771545,0.058197021484375,0.9368043541908264,
2510,0.7405353784561157,0.0335693359375,0.7422138452529907,
2511,0.8721150159835815,0.039520263671875,0.8740910291671753,
2512,0.7604065537452698,0.040313720703125,0.7624226212501526,
2513,0.8757977485656738,0.053680419921875,0.878481388092041,
2514,0.43384820222854614,0.034942626953125,0.4355953335762024,
2515,0.7375806570053101,0.03863525390625,0.7395128011703491,
2516,0.47862571477890015,0.0270538330078125,0.4799780249595642,
2517,0.6272864937782288,0.032989501953125,0.6289363503456116,
2518,0.663367748260498,0.03924560546875,0.6653304100036621,
2519,0.7025731205940247,0.042327880859375,0.7046902775764465,
2520,0.8820867538452148,0.0406494140625,0.884119987487793,
2521,0.7040833830833435,0.035736083984375,0.7058705687522888,
2522,0.42860904335975647,0.032501220703125,0.4302341043949127,
2523,0.4486388862133026,0.0256500244140625,0.449921578168869,
2524,0.6710410714149475,0.0301513671875,0.6725488305091858,
2525,0.31584930419921875,0.024383544921875,0.31706809997558594,
2526,0.8239939212799072,0.0428466796875,0.8261358737945557,
2527,0.7522063255310059,0.052734375,0.7548422813415527,
2528,0.8111485838890076,0.0399169921875,0.8131436705589294,
2529,0.5058827996253967,0.0312347412109375,0.5074449181556702,
2530,0.49654752016067505,0.0294189453125,0.4980180859565735,
2531,0.5666448473930359,0.0322265625,0.5682565569877625,
2532,0.37299269437789917,0.029815673828125,0.37448328733444214,
2533,0.7798309326171875,0.03924560546875,0.7817935943603516,
2534,0.3098204433917999,0.0238494873046875,0.31101253628730774,
2535,0.5409198999404907,0.0308990478515625,0.5424648523330688,
2536,0.636785089969635,0.02825927734375,0.6381984353065491,
2537,0.3762117326259613,0.0243988037109375,0.3774314820766449,
2538,1.0106598138809204,0.039276123046875,1.0126243829727173,
2539,0.30038800835609436,0.027191162109375,0.3017479479312897,
2540,0.9131909608840942,0.03302001953125,0.9148417711257935,
2541,0.6433801651000977,0.0257110595703125,0.6446657180786133,
2542,0.9184136986732483,0.037200927734375,0.9202733635902405,
2543,0.8628832101821899,0.0435791015625,0.8650614023208618,
2544,0.3288216292858124,0.01953125,0.3297981917858124,
2545,1.05576753616333,0.040069580078125,1.0577702522277832,
2546,0.6696152091026306,0.0245208740234375,0.670841634273529,
2547,0.5084641575813293,0.03668212890625,0.5102980732917786,
2548,0.5954223871231079,0.0296173095703125,0.5969034433364868,
2549,0.658579409122467,0.035308837890625,0.660344660282135,
2550,0.581627368927002,0.031402587890625,0.5831971168518066,
2551,0.5255500078201294,0.031890869140625,0.5271445512771606,
2552,0.8800221681594849,0.041229248046875,0.8820840120315552,
2553,0.41545370221138,0.01448822021484375,0.41617801785469055,
2554,0.4463558793067932,0.0303802490234375,0.44787508249282837,
2555,0.3530697822570801,0.02166748046875,0.3541531562805176,
2556,0.423500120639801,0.0227203369140625,0.42463594675064087,
2557,0.8940805196762085,0.040771484375,0.8961194753646851,
2558,0.6181566715240479,0.033172607421875,0.6198151111602783,
2559,1.0896028280258179,0.050140380859375,1.0921090841293335,
2560,0.47992390394210815,0.03045654296875,0.48144692182540894,
2561,0.4669729769229889,0.0260162353515625,0.468273788690567,
2562,0.27174994349479675,0.02386474609375,0.27294299006462097,
2563,0.968082845211029,0.033172607421875,0.9697412848472595,
2564,0.6986130475997925,0.034423828125,0.7003344297409058,
2565,0.5194770097732544,0.037628173828125,0.5213586091995239,
2566,0.46503978967666626,0.02581787109375,0.4663310647010803,
2567,0.29752397537231445,0.0234832763671875,0.29869794845581055,
2568,0.7660289406776428,0.042694091796875,0.76816326379776,
2569,0.8078345656394958,0.03515625,0.8095921874046326,
2570,0.6194611191749573,0.03167724609375,0.6210451722145081,
2571,0.4343218207359314,0.0208740234375,0.43536514043807983,
2572,0.36408087611198425,0.02679443359375,0.36542078852653503,
2573,0.9057298898696899,0.045318603515625,0.9079958200454712,
2574,0.8275555372238159,0.039398193359375,0.8295258283615112,
2575,0.9439036250114441,0.0438232421875,0.9460951685905457,
2576,0.7367363572120667,0.0325927734375,0.7383661866188049,
2577,0.8613627552986145,0.038665771484375,0.86329585313797,
2578,0.6917304992675781,0.0302581787109375,0.6932430267333984,
2579,0.8578526377677917,0.043731689453125,0.8600384593009949,
2580,0.9422316551208496,0.042144775390625,0.9443392753601074,
2581,0.36997124552726746,0.0196075439453125,0.3709516227245331,
2582,0.5438932180404663,0.0297088623046875,0.5453790426254272,
2583,0.5668039917945862,0.04595947265625,0.5691023468971252,
2584,0.47753289341926575,0.032470703125,0.4791560471057892,
2585,1.3805224895477295,0.04290771484375,1.3826682567596436,
2586,0.7927564382553101,0.037445068359375,0.7946285009384155,
2587,0.7031739354133606,0.037994384765625,0.7050736546516418,
2588,0.6805363297462463,0.03839111328125,0.6824560761451721,
2589,0.29205748438835144,0.01788330078125,0.2929515540599823,
2590,0.48079636693000793,0.0290985107421875,0.48225167393684387,
2591,0.6094182133674622,0.03485107421875,0.6111605763435364,
2592,0.6188296675682068,0.031463623046875,0.6204032301902771,
2593,0.5175338983535767,0.032684326171875,0.519168496131897,
2594,0.5684292912483215,0.0274810791015625,0.5698035359382629,
2595,0.5850679278373718,0.0272369384765625,0.5864297747612,
2596,0.5031867027282715,0.0254974365234375,0.5044617652893066,
2597,0.3812920153141022,0.0277099609375,0.38267770409584045,
2598,0.4169023931026459,0.03240966796875,0.4185226857662201,
2599,0.8625211119651794,0.0298919677734375,0.864015519618988,
2600,0.5387367010116577,0.0298919677734375,0.5402311086654663,
2601,0.4709952771663666,0.026031494140625,0.4722970426082611,
2602,1.1144665479660034,0.0413818359375,1.116536021232605,
2603,0.6577699184417725,0.0316162109375,0.659351110458374,
2604,0.6963562965393066,0.032562255859375,0.6979842185974121,
2605,0.5674070119857788,0.03289794921875,0.5690521001815796,
2606,0.5159600973129272,0.0296630859375,0.517443060874939,
2607,0.5403158068656921,0.0386962890625,0.5422508120536804,
2608,0.8217431902885437,0.03564453125,0.823525607585907,
2609,0.7165477871894836,0.0309600830078125,0.718095600605011,
2610,0.7795566320419312,0.03924560546875,0.7815192937850952,
2611,0.8138875961303711,0.04534912109375,0.8161554336547852,
2612,0.7005118131637573,0.037109375,0.7023676633834839,
2613,0.7498098015785217,0.045562744140625,0.7520871758460999,
2614,1.0361968278884888,0.035125732421875,1.037953495979309,
2615,0.9301837682723999,0.0298919677734375,0.9316781759262085,
2616,0.6154370903968811,0.0301361083984375,0.616943895816803,
2617,0.6201921701431274,0.0343017578125,0.6219068765640259,
2618,0.8594812750816345,0.040771484375,0.8615202307701111,
2619,0.7639656662940979,0.039642333984375,0.7659474015235901,
2620,1.1686230897903442,0.045196533203125,1.170883297920227,
2621,0.3551919162273407,0.0238037109375,0.3563821017742157,
2622,0.4968666732311249,0.019744873046875,0.49785372614860535,
2623,0.8078979253768921,0.04083251953125,0.8099387884140015,
2624,0.6703242659568787,0.034698486328125,0.6720589995384216,
2625,0.8876703977584839,0.0386962890625,0.8896054029464722,
2626,0.42479756474494934,0.02960205078125,0.42627766728401184,
2627,0.879603385925293,0.046875,0.8819475173950195,
2628,0.5439404249191284,0.032958984375,0.5455883741378784,
2629,1.2047470808029175,0.04168701171875,1.2068318128585815,
2630,0.791218101978302,0.043304443359375,0.7933829426765442,
2631,0.554633378982544,0.03582763671875,0.5564243793487549,
2632,0.6089345216751099,0.0309600830078125,0.6104823350906372,
2633,0.7593084573745728,0.035797119140625,0.7610985040664673,
2634,0.46483907103538513,0.03271484375,0.46647462248802185,
2635,0.40750205516815186,0.023956298828125,0.4086998701095581,
2636,0.8493490815162659,0.03546142578125,0.8511219620704651,
2637,0.6786623597145081,0.03106689453125,0.6802158951759338,
2638,1.0754873752593994,0.0408935546875,1.0775320529937744,
2639,0.5009052157402039,0.0249786376953125,0.502154529094696,
2640,0.38793089985847473,0.0208282470703125,0.38897231221199036,
2641,0.5477855801582336,0.0287628173828125,0.5492237210273743,
2642,0.6646305918693542,0.026947021484375,0.6659781336784363,
2643,0.8072853684425354,0.036895751953125,0.8091297745704651,
2644,1.0270954370498657,0.036285400390625,1.0289093255996704,
2645,0.8290738463401794,0.04010009765625,0.8310784697532654,
2646,0.5919257402420044,0.0203399658203125,0.5929423570632935,
2647,0.5639485716819763,0.025604248046875,0.5652284026145935,
2648,0.7038482427597046,0.039581298828125,0.705828070640564,
2649,0.728150486946106,0.025482177734375,0.7294245958328247,
2650,0.449734628200531,0.02813720703125,0.4511412978172302,
2651,0.7600069642066956,0.032562255859375,0.761634886264801,
2652,0.462332546710968,0.0281524658203125,0.46374017000198364,
2653,0.5792096257209778,0.0386962890625,0.5811446309089661,
2654,0.8834998607635498,0.037109375,0.8853557109832764,
2655,0.7754131555557251,0.034912109375,0.7771583795547485,
2656,0.44194167852401733,0.03814697265625,0.44384902715682983,
2657,0.45464324951171875,0.0360107421875,0.45644378662109375,
2658,0.8506951928138733,0.03509521484375,0.8524499535560608,
2659,0.469106525182724,0.030059814453125,0.47060951590538025,
2660,0.5063591599464417,0.035491943359375,0.5081339478492737,
2661,0.672784686088562,0.03631591796875,0.6746004819869995,
2662,0.5748857855796814,0.0264129638671875,0.576206624507904,
2663,0.5279787182807922,0.0306549072265625,0.5295112729072571,
2664,0.4587246775627136,0.0300140380859375,0.46022576093673706,
2665,1.0008916854858398,0.038177490234375,1.0028009414672852,
2666,0.49382323026657104,0.0220947265625,0.4949275851249695,
2667,0.5422487854957581,0.0231781005859375,0.5434074997901917,
2668,0.7957955002784729,0.03533935546875,0.7975626587867737,
2669,0.4593742787837982,0.0286865234375,0.4608086049556732,
2670,0.7126482725143433,0.031890869140625,0.7142428159713745,
2671,0.46440693736076355,0.02313232421875,0.46556374430656433,
2672,0.7495554089546204,0.031707763671875,0.7511404156684875,
2673,0.6883110404014587,0.0248565673828125,0.6895536780357361,
2674,0.6683905124664307,0.0306549072265625,0.6699230670928955,
2675,0.9687321782112122,0.034332275390625,0.9704487919807434,
2676,0.7730110883712769,0.02593994140625,0.7743080854415894,
2677,0.8935458660125732,0.03778076171875,0.895435094833374,
2678,0.725138783454895,0.025299072265625,0.7264033555984497,
2679,0.719230592250824,0.033935546875,0.7209271788597107,
2680,0.3289117217063904,0.0210113525390625,0.32996267080307007,
2681,1.017747402191162,0.031646728515625,1.01932954788208,
2682,1.0583336353302002,0.0390625,1.0602867603302002,
2683,0.7421953678131104,0.032867431640625,0.7438385486602783,
2684,0.3625345528125763,0.027679443359375,0.36391833424568176,
2685,0.9683038592338562,0.0428466796875,0.9704458117485046,
2686,0.367949903011322,0.031463623046875,0.36952346563339233,
2687,0.30864423513412476,0.024627685546875,0.3098754286766052,
2688,0.6666429042816162,0.0286102294921875,0.6680734157562256,
2689,0.6966159343719482,0.03076171875,0.6981542110443115,
2690,0.675420880317688,0.036041259765625,0.6772233247756958,
2691,0.6814734935760498,0.03033447265625,0.6829898357391357,
2692,0.533075749874115,0.0254974365234375,0.5343508124351501,
2693,0.7990111112594604,0.03814697265625,0.800918459892273,
2694,0.2501210570335388,0.025970458984375,0.25141996145248413,
2695,0.628817617893219,0.0296783447265625,0.6303015351295471,
2696,0.6666739583015442,0.0308685302734375,0.6682170033454895,
2697,1.0046546459197998,0.037506103515625,1.0065295696258545,
2698,0.6042333841323853,0.03131103515625,0.6057993173599243,
2699,0.8000290989875793,0.034912109375,0.8017743229866028,
2700,0.5323736071586609,0.0269775390625,0.5337221026420593,
2701,0.6117408275604248,0.0232391357421875,0.6129024028778076,
2702,0.5938431024551392,0.031707763671875,0.5954281091690063,
2703,0.7219003438949585,0.03875732421875,0.723838210105896,
2704,0.6997553110122681,0.03204345703125,0.7013574838638306,
2705,0.7024953961372375,0.0274658203125,0.7038686871528625,
2706,0.6412488222122192,0.0341796875,0.6429578065872192,
2707,1.4043552875518799,0.05224609375,1.406968355178833,
2708,0.8175371885299683,0.04541015625,0.8198069334030151,
2709,0.40431976318359375,0.0312042236328125,0.4058799743652344,
2710,0.9247955679893494,0.036773681640625,0.9266342520713806,
2711,0.8811646699905396,0.038238525390625,0.8830767869949341,
2712,0.6331141591072083,0.0269927978515625,0.6344636082649231,
2713,0.33948904275894165,0.022369384765625,0.3406077027320862,
2714,0.5616751313209534,0.0291900634765625,0.5631342530250549,
2715,0.9183342456817627,0.036895751953125,0.9201786518096924,
2716,0.5672452449798584,0.0276641845703125,0.5686280727386475,
2717,0.5549160242080688,0.024383544921875,0.556134819984436,
2718,0.8639131188392639,0.034698486328125,0.8656478524208069,
2719,0.5817720890045166,0.03173828125,0.5833590030670166,
2720,0.7768676280975342,0.032806396484375,0.7785079479217529,
2721,0.8371423482894897,0.04254150390625,0.8392690420150757,
2722,0.5702649354934692,0.0330810546875,0.5719186067581177,
2723,0.5101444125175476,0.034332275390625,0.5118610262870789,
2724,0.6062273383140564,0.03314208984375,0.6078848242759705,
2725,1.4050847291946411,0.0452880859375,1.4073487520217896,
2726,1.1090301275253296,0.047607421875,1.1114104986190796,
2727,0.747532308101654,0.0389404296875,0.7494797110557556,
2728,0.8278470635414124,0.043365478515625,0.8300157189369202,
2729,0.41299280524253845,0.0307159423828125,0.4145282208919525,
2730,0.4466943144798279,0.02056884765625,0.4477223753929138,
2731,0.6545614004135132,0.0374755859375,0.6564353704452515,
2732,0.5814531445503235,0.046783447265625,0.5837915539741516,
2733,0.7805067896842957,0.034423828125,0.7822281718254089,
2734,0.5719597339630127,0.030303955078125,0.5734751224517822,
2735,0.6459587812423706,0.0309600830078125,0.647506594657898,
2736,0.34991127252578735,0.024932861328125,0.3511577248573303,
2737,0.5631333589553833,0.03717041015625,0.5649920701980591,
2738,0.5515021681785583,0.038848876953125,0.5534448027610779,
2739,0.8133068680763245,0.0272216796875,0.8146677613258362,
2740,0.6654366254806519,0.031341552734375,0.6670035123825073,
2741,0.934384822845459,0.036224365234375,0.9361958503723145,
2742,0.8617168664932251,0.0501708984375,0.8642250299453735,
2743,0.8338726162910461,0.031280517578125,0.8354366421699524,
2744,0.6977183222770691,0.033172607421875,0.6993767619132996,
2745,0.49692654609680176,0.03289794921875,0.49857163429260254,
2746,0.9196590185165405,0.03411865234375,0.9213651418685913,
2747,0.6287630796432495,0.027801513671875,0.6301535367965698,
2748,0.4407036304473877,0.03546142578125,0.4424765110015869,
2749,0.5374566912651062,0.0250701904296875,0.538709819316864,
2750,0.3290378153324127,0.023468017578125,0.3302108347415924,
2751,0.6544414758682251,0.036895751953125,0.6562858819961548,
2752,0.8240471482276917,0.032745361328125,0.8256846070289612,
2753,0.800024151802063,0.02911376953125,0.8014794588088989,
2754,0.43135005235671997,0.0232391357421875,0.4325116276741028,
2755,0.7842415571212769,0.033203125,0.7859019041061401,
2756,0.5605825185775757,0.0304412841796875,0.5621045827865601,
2757,0.9991043210029602,0.0286865234375,1.0005385875701904,
2758,0.4466707706451416,0.0186767578125,0.4476044178009033,
2759,0.37375137209892273,0.0243682861328125,0.3749701678752899,
2760,0.4132676422595978,0.0260772705078125,0.4145713150501251,
2761,0.5122791528701782,0.0256805419921875,0.513562798500061,
2762,0.8872334957122803,0.0418701171875,0.8893277645111084,
2763,0.5652245283126831,0.0293426513671875,0.5666912794113159,
2764,0.5269322395324707,0.0196075439453125,0.5279126167297363,
2765,0.807409405708313,0.037628173828125,0.8092910051345825,
2766,0.7075141072273254,0.0335693359375,0.7091925740242004,
2767,0.4835965633392334,0.0269012451171875,0.4849412441253662,
2768,0.8147139549255371,0.0364990234375,0.8165392875671387,
2769,0.7761131525039673,0.03363037109375,0.7777944803237915,
2770,0.49158546328544617,0.023468017578125,0.49275848269462585,
2771,0.589402973651886,0.025909423828125,0.5906980633735657,
2772,0.5506359934806824,0.0221710205078125,0.5517441630363464,
2773,0.715995192527771,0.03497314453125,0.7177442312240601,
2774,0.3441706597805023,0.019622802734375,0.34515199065208435,
2775,0.6918612718582153,0.0250701904296875,0.6931143999099731,
2776,0.8837488293647766,0.037200927734375,0.8856084942817688,
2777,0.8869808316230774,0.0394287109375,0.8889530301094055,
2778,0.8875829577445984,0.0301513671875,0.8890907168388367,
2779,0.7116132974624634,0.04296875,0.7137609720230103,
2780,0.7314200401306152,0.03106689453125,0.732973575592041,
2781,0.47768300771713257,0.01690673828125,0.4785284399986267,
2782,0.7808233499526978,0.034027099609375,0.7825247049331665,
2783,0.598105788230896,0.0299072265625,0.599601149559021,
2784,0.455666184425354,0.0258636474609375,0.4569593667984009,
2785,0.5674857497215271,0.033660888671875,0.5691689848899841,
2786,0.38518863916397095,0.020751953125,0.38622623682022095,
2787,1.132232666015625,0.0399169921875,1.1342277526855469,
2788,0.32367271184921265,0.0278472900390625,0.32506507635116577,
2789,0.6287391185760498,0.032958984375,0.6303870677947998,
2790,0.4786211848258972,0.025787353515625,0.47991055250167847,
2791,0.8691924214363098,0.0394287109375,0.8711646199226379,
2792,0.3314390778541565,0.033935546875,0.3331356644630432,
2793,1.5500928163528442,0.050201416015625,1.5526028871536255,
2794,0.6837892532348633,0.038421630859375,0.6857099533081055,
2795,0.3848629891872406,0.02056884765625,0.38589105010032654,
2796,0.3963378667831421,0.0247802734375,0.3975766897201538,
2797,0.49097123742103577,0.0281982421875,0.4923807680606842,
2798,0.6060858368873596,0.033050537109375,0.6077385544776917,
2799,0.6659035086631775,0.034149169921875,0.6676105856895447,
2800,0.5206542015075684,0.0262603759765625,0.5219674110412598,
2801,0.3527950048446655,0.0154571533203125,0.3535679578781128,
2802,0.4296064078807831,0.02947998046875,0.43108078837394714,
2803,0.8641712665557861,0.038116455078125,0.8660767078399658,
2804,0.5692827105522156,0.030731201171875,0.570819079875946,
2805,0.8559635281562805,0.029327392578125,0.8574302792549133,
2806,0.34833770990371704,0.0233154296875,0.3495030999183655,
2807,0.35056474804878235,0.025909423828125,0.35185983777046204,
2808,0.5803777575492859,0.023651123046875,0.5815603137016296,
2809,0.4994582235813141,0.029388427734375,0.5009278059005737,
2810,0.6353408694267273,0.035980224609375,0.6371394991874695,
2811,0.5574677586555481,0.0272216796875,0.5588286519050598,
2812,0.6573967337608337,0.0296478271484375,0.658878743648529,
2813,0.9970683455467224,0.04217529296875,0.999177873134613,
2814,0.24330589175224304,0.020477294921875,0.24433013796806335,
2815,0.522296667098999,0.0313720703125,0.5238654613494873,
2816,0.510788083076477,0.0273895263671875,0.5121575593948364,
2817,0.6013097763061523,0.0345458984375,0.6030368804931641,
2818,0.852894127368927,0.03253173828125,0.8545210957527161,
2819,1.059570550918579,0.049346923828125,1.0620386600494385,
2820,0.6094493269920349,0.026611328125,0.6107797026634216,
2821,0.4471014738082886,0.031982421875,0.44870078563690186,
2822,0.5028880834579468,0.033111572265625,0.504543662071228,
2823,0.44955334067344666,0.0307769775390625,0.45109257102012634,
2824,0.4611988365650177,0.0277099609375,0.462584525346756,
2825,0.5606142282485962,0.02947998046875,0.5620886087417603,
2826,0.6425972580909729,0.03118896484375,0.6441565155982971,
2827,0.595402181148529,0.031585693359375,0.5969814658164978,
2828,0.5248031616210938,0.0330810546875,0.5264568328857422,
2829,0.42500099539756775,0.0214385986328125,0.4260729253292084,
2830,0.5689663887023926,0.0286865234375,0.5704007148742676,
2831,0.5723692178726196,0.0303497314453125,0.573886513710022,
2832,0.8211565017700195,0.0343017578125,0.822871208190918,
2833,0.9045563340187073,0.036712646484375,0.9063921570777893,
2834,0.6556314826011658,0.042327880859375,0.6577486395835876,
2835,0.5297245979309082,0.0283050537109375,0.5311398506164551,
2836,1.0089526176452637,0.041473388671875,1.0110259056091309,
2837,0.4305016100406647,0.0306549072265625,0.4320341646671295,
2838,0.44731828570365906,0.03143310546875,0.44888994097709656,
2839,0.48319754004478455,0.0272216796875,0.48455843329429626,
2840,0.6150800585746765,0.033355712890625,0.616748034954071,
2841,0.6908191442489624,0.037872314453125,0.6927131414413452,
2842,0.6509295701980591,0.03662109375,0.6527606248855591,
2843,0.5894264578819275,0.0401611328125,0.591434895992279,
2844,0.648905336856842,0.036651611328125,0.6507382988929749,
2845,0.33804455399513245,0.031524658203125,0.339620977640152,
2846,0.3007625937461853,0.033416748046875,0.30243343114852905,
2847,0.9200116395950317,0.0413818359375,0.9220811128616333,
2848,1.2303752899169922,0.037353515625,1.2322425842285156,
2849,0.7533438205718994,0.037872314453125,0.7552378177642822,
2850,0.7470772862434387,0.0308380126953125,0.7486193776130676,
2851,0.22022320330142975,0.0274200439453125,0.22159458696842194,
2852,0.5617108941078186,0.0362548828125,0.5635238289833069,
2853,0.6925108432769775,0.0302734375,0.6940243244171143,
2854,0.7126757502555847,0.0511474609375,0.7152335047721863,
2855,0.5283902287483215,0.035552978515625,0.5301678776741028,
2856,0.8161162734031677,0.0301055908203125,0.8176211714744568,
2857,0.7607316374778748,0.03228759765625,0.7623462080955505,
2858,0.6721778512001038,0.0330810546875,0.6738315224647522,
2859,0.940676748752594,0.032379150390625,0.9422960877418518,
2860,0.6248613595962524,0.028228759765625,0.6262727975845337,
2861,0.894843578338623,0.040618896484375,0.8968749046325684,
2862,0.7627934217453003,0.04144287109375,0.7648648023605347,
2863,0.2903720736503601,0.024688720703125,0.2916061282157898,
2864,1.0902831554412842,0.039398193359375,1.0922534465789795,
2865,1.3541371822357178,0.04571533203125,1.3564221858978271,
2866,0.27883225679397583,0.018646240234375,0.27976447343826294,
2867,0.7330721616744995,0.040557861328125,0.7350996732711792,
2868,0.515640139579773,0.0299224853515625,0.5171364545822144,
2869,0.6737968921661377,0.029449462890625,0.675269365310669,
2870,0.8605223298072815,0.039794921875,0.8625116944313049,
2871,0.28613290190696716,0.0201416015625,0.28713998198509216,
2872,0.6888454556465149,0.038665771484375,0.6907785534858704,
2873,0.5539904236793518,0.035491943359375,0.5557652115821838,
2874,0.6783344149589539,0.03900146484375,0.6802846789360046,
2875,0.5734831094741821,0.028472900390625,0.5749069452285767,
2876,0.31087231636047363,0.024139404296875,0.31207966804504395,
2877,0.447128027677536,0.039031982421875,0.4490792453289032,
2878,0.2661324739456177,0.02276611328125,0.26727116107940674,
2879,0.6409748792648315,0.031890869140625,0.6425694227218628,
2880,0.5965234041213989,0.039947509765625,0.5985203981399536,
2881,0.9009283185005188,0.0313720703125,0.9024971127510071,
2882,0.5244038105010986,0.0277252197265625,0.5257904529571533,
2883,0.6498075723648071,0.0404052734375,0.6518274545669556,
2884,0.7675458192825317,0.033355712890625,0.7692137956619263,
2885,0.48230239748954773,0.029632568359375,0.48378440737724304,
2886,0.8380064964294434,0.03179931640625,0.8395962715148926,
2887,0.37239712476730347,0.0180511474609375,0.373299777507782,
2888,1.108868956565857,0.0394287109375,1.110841155052185,
2889,0.37820810079574585,0.0166473388671875,0.3790406584739685,
2890,1.0342655181884766,0.03070068359375,1.0358009338378906,
2891,0.7204549908638,0.028076171875,0.72185879945755,
2892,0.41710415482521057,0.0303192138671875,0.4186204969882965,
2893,0.7968651652336121,0.0281524658203125,0.7982727885246277,
2894,0.5336180329322815,0.033843994140625,0.5353098511695862,
2895,0.600511908531189,0.0238189697265625,0.6017030477523804,
2896,0.6104019284248352,0.038177490234375,0.6123111844062805,
2897,0.7226107120513916,0.0389404296875,0.7245581150054932,
2898,1.2328232526779175,0.031707763671875,1.2344082593917847,
2899,0.5671151876449585,0.02874755859375,0.5685523748397827,
2900,0.8722483515739441,0.037811279296875,0.8741385340690613,
2901,0.5920358300209045,0.033477783203125,0.5937095284461975,
2902,0.37044137716293335,0.02734375,0.3718089461326599,
2903,0.6981310844421387,0.0343017578125,0.6998457908630371,
2904,0.7601675391197205,0.035675048828125,0.7619509100914001,
2905,0.8004248738288879,0.024261474609375,0.8016379475593567,
2906,1.0303618907928467,0.035736083984375,1.032149076461792,
2907,1.0567443370819092,0.035919189453125,1.0585401058197021,
2908,0.4711988568305969,0.0289154052734375,0.4726446270942688,
2909,0.39610543847084045,0.0196533203125,0.3970877230167389,
2910,0.47705933451652527,0.0289154052734375,0.47850510478019714,
2911,1.0236434936523438,0.03955078125,1.0256214141845703,
2912,1.0245858430862427,0.035552978515625,1.026363492012024,
2913,0.5261620879173279,0.03192138671875,0.5277585387229919,
2914,0.6708383560180664,0.03485107421875,0.6725807189941406,
2915,0.3854283392429352,0.03179931640625,0.3870181143283844,
2916,0.9627150297164917,0.037872314453125,0.9646090269088745,
2917,0.6289361715316772,0.032867431640625,0.6305793523788452,
2918,0.42407748103141785,0.021331787109375,0.42514368891716003,
2919,0.3242136836051941,0.0294189453125,0.32568424940109253,
2920,0.766376793384552,0.03350830078125,0.7680523991584778,
2921,0.4993118345737457,0.03558349609375,0.5010913610458374,
2922,0.6001858711242676,0.045379638671875,0.6024556159973145,
2923,0.4989143908023834,0.032196044921875,0.5005241632461548,
2924,1.025817632675171,0.03399658203125,1.0275170803070068,
2925,1.4945924282073975,0.04180908203125,1.49668288230896,
2926,0.3030396103858948,0.0258636474609375,0.30433279275894165,
2927,0.47646471858024597,0.037139892578125,0.47832152247428894,
2928,0.5519445538520813,0.03515625,0.553702175617218,
2929,1.0092637538909912,0.0259552001953125,1.0105617046356201,
2930,0.533403754234314,0.02642822265625,0.534725546836853,
2931,0.8965047001838684,0.032806396484375,0.8981450200080872,
2932,0.7206307649612427,0.0301971435546875,0.7221404314041138,
2933,0.5427111983299255,0.03125,0.544273316860199,
2934,0.5844389796257019,0.030029296875,0.5859400629997253,
2935,0.5647878646850586,0.032012939453125,0.5663881301879883,
2936,0.44955238699913025,0.0247955322265625,0.4507921636104584,
2937,0.5606349110603333,0.03216552734375,0.5622428059577942,
2938,0.7022345066070557,0.03790283203125,0.7041294574737549,
2939,0.5230985879898071,0.0276947021484375,0.524483323097229,
2940,0.48283156752586365,0.029754638671875,0.4843192994594574,
2941,0.9242696762084961,0.044097900390625,0.9264745712280273,
2942,0.691522479057312,0.03173828125,0.693109393119812,
2943,0.8716309070587158,0.049041748046875,0.8740837574005127,
2944,0.47137391567230225,0.033111572265625,0.4730294942855835,
2945,0.894551694393158,0.04376220703125,0.8967394232749939,
2946,1.478818416595459,0.042755126953125,1.4809565544128418,
2947,0.6683568954467773,0.0265655517578125,0.6696853637695312,
2948,0.6130171418190002,0.031646728515625,0.6145992875099182,
2949,0.8326718211174011,0.041748046875,0.834758460521698,
2950,0.7765145301818848,0.0343017578125,0.7782292366027832,
2951,0.9862425327301025,0.04150390625,0.9883177280426025,
2952,0.5369879007339478,0.0328369140625,0.5386301279067993,
2953,0.3346664011478424,0.0269012451171875,0.3360110819339752,
2954,0.3868420124053955,0.026824951171875,0.3881828784942627,
2955,0.5425830483436584,0.027191162109375,0.5439429879188538,
2956,0.6032845973968506,0.03717041015625,0.6051433086395264,
2957,0.5043208003044128,0.0284576416015625,0.505743682384491,
2958,0.7188116908073425,0.0278167724609375,0.7202021479606628,
2959,0.6917235851287842,0.035858154296875,0.6935164928436279,
2960,0.4000649154186249,0.03155517578125,0.4016422927379608,
2961,0.5425519943237305,0.035400390625,0.5443220138549805,
2962,0.5258683562278748,0.0308074951171875,0.5274085402488708,
2963,0.713650643825531,0.03045654296875,0.7151736617088318,
2964,0.5581835508346558,0.03033447265625,0.5596998929977417,
2965,0.7460201978683472,0.0309295654296875,0.7475670576095581,
2966,0.6478546261787415,0.03070068359375,0.6493900418281555,
2967,0.9273916482925415,0.027191162109375,0.9287515878677368,
2968,0.5338709354400635,0.0275421142578125,0.5352480411529541,
2969,1.2239384651184082,0.033416748046875,1.225609302520752,
2970,0.5513024926185608,0.0186614990234375,0.5522356629371643,
2971,0.6288446187973022,0.033447265625,0.6305173635482788,
2972,0.668911874294281,0.0259552001953125,0.6702098250389099,
2973,0.34562861919403076,0.0276031494140625,0.3470085859298706,
2974,0.7004219889640808,0.0343017578125,0.7021366953849792,
2975,1.1210545301437378,0.03778076171875,1.1229437589645386,
2976,0.48218995332717896,0.03436279296875,0.483908474445343,
2977,0.726993978023529,0.03271484375,0.7286295294761658,
2978,0.267225980758667,0.01497650146484375,0.2679746150970459,
2979,0.9281139969825745,0.048553466796875,0.9305420517921448,
2980,0.5013204216957092,0.0304718017578125,0.5028443932533264,
2981,0.9530189037322998,0.03790283203125,0.954913854598999,
2982,0.6993232369422913,0.037261962890625,0.7011867165565491,
2983,0.27295994758605957,0.021148681640625,0.2740175724029541,
2984,0.7788240909576416,0.04510498046875,0.781078577041626,
2985,0.3680296540260315,0.0175323486328125,0.36890608072280884,
2986,0.3901352882385254,0.03460693359375,0.39186525344848633,
2987,0.5667576789855957,0.0350341796875,0.568509578704834,
2988,1.453474760055542,0.04931640625,1.4559409618377686,
2989,0.7076518535614014,0.03363037109375,0.7093331813812256,
2990,0.6474454402923584,0.042022705078125,0.6495473384857178,
2991,0.5117368698120117,0.03326416015625,0.5134000778198242,
2992,0.5741615891456604,0.030364990234375,0.5756798386573792,
2993,1.043294072151184,0.0462646484375,1.0456076860427856,
2994,0.5404509902000427,0.039703369140625,0.5424365401268005,
2995,0.38670065999031067,0.0306396484375,0.3882322609424591,
2996,0.47660815715789795,0.0308380126953125,0.47815024852752686,
2997,0.6191309094429016,0.03729248046875,0.6209953427314758,
2998,0.4721969962120056,0.029388427734375,0.47366660833358765,
2999,0.9982994794845581,0.039306640625,1.000264048576355,
3000,0.7124915719032288,0.0310211181640625,0.7140422463417053,51.908396946564885
3001,0.792729914188385,0.051239013671875,0.7952914834022522,
3002,0.773040235042572,0.03802490234375,0.7749418616294861,
3003,0.7604886293411255,0.036956787109375,0.7623368501663208,
3004,0.6185743808746338,0.0369873046875,0.6204235553741455,
3005,0.8345161080360413,0.04638671875,0.8368354439735413,
3006,0.5091719627380371,0.03759765625,0.5110516548156738,
3007,0.6638970971107483,0.0285797119140625,0.6653257012367249,
3008,0.5871350765228271,0.02960205078125,0.5886151790618896,
3009,0.6604200005531311,0.033050537109375,0.6620727181434631,
3010,0.7066753506660461,0.031494140625,0.7082498669624329,
3011,0.30882760882377625,0.024322509765625,0.3100435435771942,
3012,0.539908230304718,0.034027099609375,0.5416095852851868,
3013,0.7068348526954651,0.027252197265625,0.7081976532936096,
3014,0.528403639793396,0.025054931640625,0.5296567678451538,
3015,0.5442290902137756,0.0282135009765625,0.5456395745277405,
3016,0.39375752210617065,0.02655029296875,0.39508503675460815,
3017,0.5952903628349304,0.023193359375,0.5964500308036804,
3018,0.4646957516670227,0.0258331298828125,0.46598702669143677,
3019,0.5462642908096313,0.0262603759765625,0.5475775003433228,
3020,0.7151615023612976,0.025054931640625,0.7164146304130554,
3021,0.4982798099517822,0.0202178955078125,0.49929070472717285,
3022,0.4595538079738617,0.0236968994140625,0.46073827147483826,
3023,0.7093128561973572,0.03192138671875,0.7109093070030212,
3024,0.34650537371635437,0.017059326171875,0.34735843539237976,
3025,0.41382235288619995,0.021240234375,0.4148847460746765,
3026,1.1224180459976196,0.03790283203125,1.1243129968643188,
3027,0.8172023296356201,0.034271240234375,0.8189160823822021,
3028,0.7998573780059814,0.0298614501953125,0.8013508319854736,
3029,0.6121058464050293,0.0297698974609375,0.6135945320129395,
3030,0.6570298671722412,0.0236663818359375,0.6582133769989014,
3031,1.0227760076522827,0.03790283203125,1.024670958518982,
3032,0.7940236926078796,0.037139892578125,0.7958804965019226,
3033,1.0729122161865234,0.04852294921875,1.075338363647461,
3034,0.7902035117149353,0.030029296875,0.7917045950889587,
3035,0.5889341831207275,0.035614013671875,0.590714693069458,
3036,0.3672856390476227,0.0176239013671875,0.36816683411598206,
3037,0.49205005168914795,0.027313232421875,0.4934157133102417,
3038,1.0764496326446533,0.037750244140625,1.0783369541168213,
3039,0.4626983106136322,0.0261688232421875,0.4640067517757416,
3040,0.5634613633155823,0.03424072265625,0.5651732087135315,
3041,0.5521957278251648,0.0259857177734375,0.5534946322441101,
3042,0.4602169692516327,0.0192413330078125,0.4611792266368866,
3043,0.7608330249786377,0.03436279296875,0.7625515460968018,
3044,0.4513663649559021,0.017791748046875,0.45225614309310913,
3045,0.4041058421134949,0.0264129638671875,0.40542668104171753,
3046,0.5963931083679199,0.0306549072265625,0.5979256629943848,
3047,0.366960346698761,0.0232696533203125,0.3681238293647766,
3048,0.595417320728302,0.0243072509765625,0.5966323018074036,
3049,0.8026340007781982,0.0294647216796875,0.8041074275970459,
3050,0.7097750306129456,0.035400390625,0.7115450501441956,
3051,0.8592828512191772,0.036102294921875,0.8610881567001343,
3052,0.5622804164886475,0.030548095703125,0.5638082027435303,
3053,0.9242994785308838,0.0362548828125,0.9261124134063721,
3054,0.6360917091369629,0.040679931640625,0.638124942779541,
3055,0.6293973922729492,0.0267181396484375,0.6307334899902344,
3056,0.4895815849304199,0.021820068359375,0.49067258834838867,
3057,0.39497464895248413,0.035308837890625,0.3967399001121521,
3058,0.6692262291908264,0.02923583984375,0.6706882119178772,
3059,0.8549389243125916,0.03338623046875,0.8566078543663025,
3060,0.8437968492507935,0.034027099609375,0.8454982042312622,
3061,0.7633480429649353,0.038726806640625,0.76528400182724,
3062,0.4874267876148224,0.0241241455078125,0.4886331856250763,
3063,0.8317497968673706,0.03570556640625,0.8335350751876831,
3064,0.36134785413742065,0.0282745361328125,0.3627611994743347,
3065,0.6260316967964172,0.0294189453125,0.6275022625923157,
3066,0.3341626226902008,0.02471923828125,0.3353985846042633,
3067,0.712697446346283,0.0259246826171875,0.713993489742279,
3068,1.0678279399871826,0.03802490234375,1.0697295665740967,
3069,0.9109718203544617,0.033782958984375,0.9126607775688171,
3070,0.681854248046875,0.03131103515625,0.6834201812744141,
3071,0.7112461924552917,0.041015625,0.7132965922355652,
3072,0.7453932762145996,0.039703369140625,0.7473788261413574,
3073,0.3673470616340637,0.03277587890625,0.36898547410964966,
3074,0.44677430391311646,0.03363037109375,0.4484556317329407,
3075,0.4969002902507782,0.030609130859375,0.49843093752861023,
3076,0.5870245695114136,0.0306549072265625,0.5885571241378784,
3077,0.8256956338882446,0.03753662109375,0.8275724649429321,
3078,0.32705506682395935,0.0256805419921875,0.32833871245384216,
3079,0.9962406754493713,0.045074462890625,0.9984951615333557,
3080,0.7125064730644226,0.03033447265625,0.7140228152275085,
3081,0.3215930759906769,0.0244293212890625,0.3228147327899933,
3082,1.1333591938018799,0.034942626953125,1.1351063251495361,
3083,0.5426720380783081,0.0246734619140625,0.5439060926437378,
3084,0.5250427722930908,0.032745361328125,0.5266802310943604,
3085,0.514074444770813,0.01995849609375,0.5150719881057739,
3086,0.6784287691116333,0.0279693603515625,0.6798268556594849,
3087,0.7983874082565308,0.040313720703125,0.8004034757614136,
3088,0.6367359757423401,0.02490234375,0.6379814743995667,
3089,0.5752229690551758,0.0289459228515625,0.5766706466674805,
3090,0.5852339267730713,0.0251617431640625,0.5864918231964111,
3091,0.42934924364089966,0.0221710205078125,0.4304574131965637,
3092,0.3000370264053345,0.0279083251953125,0.3014322519302368,
3093,0.7096711993217468,0.025421142578125,0.7109424471855164,
3094,0.6554592251777649,0.0288848876953125,0.656903088092804,
3095,0.7355802655220032,0.034698486328125,0.7373149991035461,
3096,0.7837884426116943,0.03173828125,0.7853753566741943,
3097,0.5631891489028931,0.032379150390625,0.5648084878921509,
3098,0.45872873067855835,0.02301025390625,0.4598788619041443,
3099,0.6980114579200745,0.0222930908203125,0.6991263031959534,
3100,0.5538151264190674,0.025238037109375,0.5550768375396729,
3101,0.5733229517936707,0.024871826171875,0.5745665431022644,
3102,0.6764979362487793,0.027862548828125,0.6778912544250488,
3103,0.7955471277236938,0.027587890625,0.7969261407852173,
3104,1.0676395893096924,0.042694091796875,1.0697739124298096,
3105,0.4754493832588196,0.028106689453125,0.4768550992012024,
3106,0.7244489192962646,0.0221710205078125,0.7255570888519287,
3107,0.48877981305122375,0.017791748046875,0.4896695911884308,
3108,0.4818814694881439,0.0209503173828125,0.482928603887558,
3109,0.8382748365402222,0.02630615234375,0.8395899534225464,
3110,0.5505759716033936,0.0238037109375,0.5517661571502686,
3111,0.9760328531265259,0.03338623046875,0.9777017831802368,
3112,0.6415895819664001,0.0278472900390625,0.6429819464683533,
3113,0.5258079171180725,0.0170440673828125,0.5266600251197815,
3114,1.0474361181259155,0.036407470703125,1.049256682395935,
3115,1.1103929281234741,0.030914306640625,1.1119388341903687,
3116,0.47894638776779175,0.019378662109375,0.4799153208732605,
3117,1.1117693185806274,0.041839599609375,1.1138616800308228,
3118,0.6910332441329956,0.025177001953125,0.6922920942306519,
3119,0.5578644871711731,0.0257415771484375,0.5591519474983215,
3120,0.38026925921440125,0.0282440185546875,0.3816816508769989,
3121,0.311910480260849,0.029296875,0.313375324010849,
3122,0.7175108194351196,0.031524658203125,0.7190872430801392,
3123,0.38847681879997253,0.03363037109375,0.39015814661979675,
3124,1.0559206008911133,0.035797119140625,1.0577106475830078,
3125,0.5908815860748291,0.028045654296875,0.5922834873199463,
3126,1.121001958847046,0.040771484375,1.1230409145355225,
3127,0.31415581703186035,0.0224151611328125,0.3152763843536377,
3128,0.7747014164924622,0.038787841796875,0.7766411900520325,
3129,0.38448432087898254,0.0335693359375,0.38616278767585754,
3130,0.5339153409004211,0.0343017578125,0.5356300473213196,
3131,0.493431955575943,0.02545166015625,0.49470415711402893,
3132,0.6721339225769043,0.0308380126953125,0.6736760139465332,
3133,0.7126177549362183,0.03192138671875,0.7142142057418823,
3134,0.990315854549408,0.032867431640625,0.9919590353965759,
3135,0.4132825434207916,0.0253143310546875,0.4145480692386627,
3136,0.48556259274482727,0.0264434814453125,0.48688438534736633,
3137,0.9293497800827026,0.03741455078125,0.9312208890914917,
3138,0.8170776963233948,0.0325927734375,0.8187075257301331,
3139,0.7952635288238525,0.0287933349609375,0.796703577041626,
3140,0.9129608273506165,0.0279998779296875,0.9143608212471008,
3141,0.41281628608703613,0.0143890380859375,0.41353583335876465,
3142,0.33301278948783875,0.0286407470703125,0.33444520831108093,
3143,0.5648719072341919,0.037506103515625,0.5667468309402466,
3144,0.99277263879776,0.0294952392578125,0.9942470192909241,
3145,0.7311617136001587,0.0302276611328125,0.7326732873916626,
3146,0.38240450620651245,0.023712158203125,0.3835899233818054,
3147,0.7366499900817871,0.0312347412109375,0.7382121086120605,
3148,0.6721381545066833,0.0288848876953125,0.6735820174217224,
3149,0.7358576655387878,0.0304107666015625,0.7373778223991394,
3150,0.7305684685707092,0.0297393798828125,0.7320552468299866,
3151,0.526412308216095,0.030120849609375,0.5279181599617004,
3152,0.4538446366786957,0.0238037109375,0.4550348222255707,
3153,0.6693136692047119,0.0218658447265625,0.6704065799713135,
3154,0.7197935581207275,0.0401611328125,0.7218019962310791,
3155,0.7602835893630981,0.032928466796875,0.7619296312332153,
3156,0.2765633463859558,0.02117919921875,0.27762192487716675,
3157,0.4275550842285156,0.0233612060546875,0.4287233352661133,
3158,0.4658374488353729,0.0284271240234375,0.46725842356681824,
3159,0.5389500260353088,0.025054931640625,0.5402031540870667,
3160,0.5005865693092346,0.031646728515625,0.5021687150001526,
3161,0.5886536240577698,0.034576416015625,0.5903826355934143,
3162,0.9110619425773621,0.03375244140625,0.9127499461174011,
3163,0.47292646765708923,0.0242767333984375,0.4741404950618744,
3164,0.856658935546875,0.03680419921875,0.8584995269775391,
3165,0.4069554805755615,0.0289764404296875,0.4084041118621826,
3166,0.43314462900161743,0.0260162353515625,0.43444544076919556,
3167,0.40828514099121094,0.024169921875,0.40949344635009766,
3168,0.871558666229248,0.036224365234375,0.8733696937561035,
3169,0.536332368850708,0.022796630859375,0.5374720096588135,
3170,0.6414462924003601,0.02447509765625,0.6426698565483093,
3171,0.8292469382286072,0.034698486328125,0.8309816718101501,
3172,0.6061869263648987,0.0230255126953125,0.607338011264801,
3173,0.5088497400283813,0.0231475830078125,0.5100075006484985,
3174,0.6462523937225342,0.0341796875,0.6479613780975342,
3175,0.8607680201530457,0.047943115234375,0.863165557384491,
3176,0.5192698240280151,0.020263671875,0.5202826261520386,
3177,0.5204553008079529,0.0267333984375,0.5217923521995544,
3178,0.5111925601959229,0.0172882080078125,0.5120570659637451,
3179,0.9516236782073975,0.0361328125,0.9534299373626709,
3180,0.4118437170982361,0.0191802978515625,0.41280263662338257,
3181,0.4428650438785553,0.01629638671875,0.44367995858192444,
3182,0.41949233412742615,0.028350830078125,0.42090949416160583,
3183,1.0768474340438843,0.036834716796875,1.0786889791488647,
3184,0.7752997875213623,0.0306396484375,0.7768313884735107,
3185,0.33788663148880005,0.01220703125,0.33849698305130005,
3186,0.4430060386657715,0.024932861328125,0.44425249099731445,
3187,0.4633508026599884,0.0279388427734375,0.46474793553352356,
3188,0.46756473183631897,0.0223236083984375,0.4686805307865143,
3189,0.6163209080696106,0.0246734619140625,0.6175549626350403,
3190,0.43816420435905457,0.02276611328125,0.43930289149284363,
3191,0.608327329158783,0.02252197265625,0.6094536185264587,
3192,0.4429883658885956,0.027008056640625,0.44433876872062683,
3193,0.9771019816398621,0.03594970703125,0.9788996577262878,
3194,0.9437293410301208,0.034271240234375,0.9454430937767029,
3195,0.6998567581176758,0.026947021484375,0.7012042999267578,
3196,0.7527366876602173,0.0275421142578125,0.7541137933731079,
3197,0.8659177422523499,0.0297698974609375,0.86740642786026,
3198,0.7058979868888855,0.036407470703125,0.707718551158905,
3199,0.490882933139801,0.0239105224609375,0.49207884073257446,
3200,0.8616989254951477,0.0301666259765625,0.8632076382637024,
3201,0.5465458631515503,0.0213775634765625,0.5476149320602417,
3202,0.4560045003890991,0.018280029296875,0.4569185972213745,
3203,1.0035810470581055,0.03485107421875,1.0053234100341797,
3204,0.3958766758441925,0.027557373046875,0.39725473523139954,
3205,0.696498453617096,0.03314208984375,0.69815593957901,
3206,0.5076413154602051,0.0294952392578125,0.5091156959533691,
3207,0.5262690782546997,0.0269317626953125,0.5276156663894653,
3208,0.6082333922386169,0.027435302734375,0.6096047759056091,
3209,0.4290982186794281,0.019561767578125,0.4300766885280609,
3210,0.4291738271713257,0.0162353515625,0.4299854040145874,
3211,0.5702793598175049,0.026092529296875,0.5715839862823486,
3212,0.7770030498504639,0.037750244140625,0.7788903713226318,
3213,0.8252140283584595,0.029876708984375,0.8267074823379517,
3214,0.23663493990898132,0.026214599609375,0.2379452884197235,
3215,0.47876793146133423,0.02496337890625,0.48001629114151,
3216,0.4031885862350464,0.019134521484375,0.40414512157440186,
3217,0.6482629776000977,0.016632080078125,0.6490945816040039,
3218,1.230293869972229,0.041595458984375,1.2323728799819946,
3219,1.0267376899719238,0.03363037109375,1.028419017791748,
3220,0.7204629182815552,0.032623291015625,0.7220937013626099,
3221,0.5727155208587646,0.03277587890625,0.5743539333343506,
3222,0.799429178237915,0.0264434814453125,0.8007509708404541,
3223,0.7508488297462463,0.0316162109375,0.7524300217628479,
3224,0.8418129682540894,0.0278778076171875,0.8432072401046753,
3225,0.6166907548904419,0.02667236328125,0.6180239915847778,
3226,1.1102476119995117,0.031707763671875,1.111832618713379,
3227,0.7625632882118225,0.042022705078125,0.7646651864051819,
3228,0.7502544522285461,0.035614013671875,0.7520349621772766,
3229,0.7936414480209351,0.0301513671875,0.7951492071151733,
3230,0.6909132599830627,0.03240966796875,0.692533552646637,
3231,1.335274338722229,0.057647705078125,1.3381563425064087,
3232,0.6742784976959229,0.03326416015625,0.6759417057037354,
3233,0.7325566411018372,0.038818359375,0.7344973683357239,
3234,0.8051254153251648,0.030426025390625,0.8066465258598328,
3235,0.5604150891304016,0.036468505859375,0.5622385144233704,
3236,0.45097339153289795,0.0265350341796875,0.45229995250701904,
3237,0.737954318523407,0.03936767578125,0.7399227023124695,
3238,0.5107522010803223,0.037841796875,0.5126442909240723,
3239,0.7766476273536682,0.046112060546875,0.7789536118507385,
3240,0.7554699182510376,0.038543701171875,0.7573972940444946,
3241,0.6367456316947937,0.040130615234375,0.6387521624565125,
3242,0.8948102593421936,0.04364013671875,0.8969922661781311,
3243,0.5765151381492615,0.032318115234375,0.5781306624412537,
3244,0.5463696718215942,0.032470703125,0.5479928255081177,
3245,0.47126880288124084,0.026885986328125,0.47261348366737366,
3246,0.542624831199646,0.03057861328125,0.5441535711288452,
3247,0.6847798824310303,0.032470703125,0.6864030361175537,
3248,0.8697261214256287,0.03399658203125,0.8714255690574646,
3249,0.8635573983192444,0.036407470703125,0.8653779625892639,
3250,0.7021645307540894,0.0283203125,0.7035807371139526,
3251,0.5438507199287415,0.0309906005859375,0.5454004406929016,
3252,1.0121893882751465,0.047149658203125,1.0145468711853027,
3253,0.774600088596344,0.0416259765625,0.7766810059547424,
3254,0.657253086566925,0.029937744140625,0.6587503552436829,
3255,0.6803138256072998,0.030181884765625,0.6818225383758545,
3256,0.9148551821708679,0.034515380859375,0.9165813326835632,
3257,0.42358502745628357,0.0207366943359375,0.42462167143821716,
3258,0.6580206155776978,0.035064697265625,0.6597734689712524,
3259,0.5061159729957581,0.02777099609375,0.5075045228004456,
3260,0.41435810923576355,0.0242462158203125,0.4155702292919159,
3261,0.24787171185016632,0.018157958984375,0.24877960979938507,
3262,0.6136521100997925,0.0283355712890625,0.6150692701339722,
3263,0.572528064250946,0.0279083251953125,0.5739232897758484,
3264,0.59842449426651,0.0233001708984375,0.5995898842811584,
3265,0.5495848655700684,0.0273895263671875,0.5509543418884277,
3266,0.3861403167247772,0.0130462646484375,0.3867926299571991,
3267,0.32872840762138367,0.019927978515625,0.3297249972820282,
3268,0.516150176525116,0.029998779296875,0.517650306224823,
3269,0.4976135194301605,0.0269012451171875,0.49895820021629333,
3270,0.5469884276390076,0.0296478271484375,0.5484704375267029,
3271,0.7504523992538452,0.039276123046875,0.7524169683456421,
3272,0.4238789975643158,0.01544189453125,0.42465099692344666,
3273,0.7531989216804504,0.03143310546875,0.7547705769538879,
3274,0.6726229786872864,0.0325927734375,0.6742528080940247,
3275,0.7059690952301025,0.0279388427734375,0.7073662281036377,
3276,0.43123430013656616,0.0279998779296875,0.43263429403305054,
3277,0.7890931367874146,0.03448486328125,0.790817379951477,
3278,0.2537396252155304,0.0249176025390625,0.25498512387275696,
3279,0.6744388341903687,0.033233642578125,0.6761001348495483,
3280,1.040364384651184,0.040313720703125,1.042380452156067,
3281,0.3760684132575989,0.0281982421875,0.3774779438972473,
3282,0.6467664837837219,0.03155517578125,0.6483438611030579,
3283,1.0346593856811523,0.03265380859375,1.0362920761108398,
3284,0.581307053565979,0.034820556640625,0.5830484628677368,
3285,0.3498823046684265,0.0241241455078125,0.3510887026786804,
3286,0.6609888076782227,0.029327392578125,0.6624555587768555,
3287,0.3751355707645416,0.022552490234375,0.3762628138065338,
3288,0.4020942151546478,0.02679443359375,0.4034341275691986,
3289,0.6774675846099854,0.03338623046875,0.6791365146636963,
3290,0.8018514513969421,0.033416748046875,0.8035222887992859,
3291,0.4330548346042633,0.042724609375,0.4351910650730133,
3292,0.5033156871795654,0.0247955322265625,0.5045554637908936,
3293,0.9331555962562561,0.03564453125,0.9349380135536194,
3294,0.7765030860900879,0.04083251953125,0.7785439491271973,
3295,0.49769070744514465,0.0299530029296875,0.49918797612190247,
3296,0.5749642252922058,0.0283355712890625,0.5763813853263855,
3297,0.9679705500602722,0.040985107421875,0.9700190424919128,
3298,0.6741952300071716,0.0274810791015625,0.675569474697113,
3299,0.41919633746147156,0.0286102294921875,0.42062684893608093,
3300,0.4218001961708069,0.018096923828125,0.4227052330970764,
3301,0.38929736614227295,0.0211334228515625,0.3903540372848511,
3302,0.6476953625679016,0.025848388671875,0.6489875912666321,
3303,0.8399179577827454,0.024688720703125,0.841152012348175,
3304,0.548015296459198,0.0272674560546875,0.5493790507316589,
3305,0.7950162887573242,0.0352783203125,0.7967805862426758,
3306,0.43266287446022034,0.02337646484375,0.4338320791721344,
3307,0.7746302485466003,0.02020263671875,0.7756401896476746,
3308,0.4627896845340729,0.031707763671875,0.46437469124794006,
3309,1.007237434387207,0.03314208984375,1.008894920349121,
3310,0.5696361660957336,0.0270538330078125,0.5709884762763977,
3311,0.8968695402145386,0.034576416015625,0.8985985517501831,
3312,0.37028011679649353,0.02777099609375,0.37166866660118103,
3313,0.8406262993812561,0.0311431884765625,0.8421836495399475,
3314,0.581061065196991,0.03155517578125,0.5826384425163269,
3315,0.513605535030365,0.017333984375,0.5144724249839783,
3316,0.4102301001548767,0.0261383056640625,0.41153663396835327,
3317,0.4750472605228424,0.03167724609375,0.4766313135623932,
3318,0.9254177808761597,0.0224609375,0.9265412092208862,
3319,0.947836697101593,0.0310211181640625,0.9493873715400696,
3320,0.7288825511932373,0.027679443359375,0.7302663326263428,
3321,0.6727520227432251,0.035980224609375,0.6745506525039673,
3322,0.719438374042511,0.0261993408203125,0.7207487225532532,
3323,0.8280680775642395,0.0274810791015625,0.8294423222541809,
3324,0.4147702753543854,0.0175933837890625,0.41565003991127014,
3325,1.128220796585083,0.03863525390625,1.130152940750122,
3326,0.661081850528717,0.027740478515625,0.6624684929847717,
3327,0.9208614826202393,0.0303192138671875,0.9223778247833252,
3328,1.4200648069381714,0.03338623046875,1.4217337369918823,
3329,0.5110202431678772,0.0209503173828125,0.5120673775672913,
3330,0.580258309841156,0.0270538330078125,0.5816106200218201,
3331,0.6833752989768982,0.032501220703125,0.6850003600120544,
3332,0.4390175938606262,0.0264434814453125,0.4403393864631653,
3333,0.7411810755729675,0.029296875,0.7426459193229675,
3334,0.5293775796890259,0.0233612060546875,0.5305458307266235,
3335,0.6021495461463928,0.0211944580078125,0.6032090783119202,
3336,0.4319407045841217,0.0172882080078125,0.43280521035194397,
3337,0.48252689838409424,0.0285491943359375,0.4839545488357544,
3338,0.7788758873939514,0.025848388671875,0.7801681160926819,
3339,0.5648726224899292,0.028472900390625,0.5662964582443237,
3340,0.9043450355529785,0.0311431884765625,0.9059023857116699,
3341,0.4765295088291168,0.02435302734375,0.4777473509311676,
3342,0.7901813387870789,0.0281829833984375,0.7915908694267273,
3343,1.030232548713684,0.032989501953125,1.031882405281067,
3344,0.9461924433708191,0.0304718017578125,0.9477164149284363,
3345,1.0230618715286255,0.0300140380859375,1.024562954902649,
3346,0.619168221950531,0.025848388671875,0.6204604506492615,
3347,0.6882388591766357,0.0250396728515625,0.6894910335540771,
3348,0.8324776887893677,0.031768798828125,0.8340665102005005,
3349,0.28815677762031555,0.0122528076171875,0.28876951336860657,
3350,0.8389959335327148,0.03131103515625,0.8405618667602539,
3351,0.3480128049850464,0.023681640625,0.34919726848602295,
3352,0.5715696811676025,0.0212249755859375,0.5726311206817627,
3353,0.6816563606262207,0.0279693603515625,0.6830544471740723,
3354,0.6911819577217102,0.032989501953125,0.692831814289093,
3355,0.7485955357551575,0.0274200439453125,0.7499669194221497,
3356,1.0178464651107788,0.0310516357421875,1.0193990468978882,
3357,0.4230184257030487,0.0252532958984375,0.4242810904979706,
3358,0.44112443923950195,0.02020263671875,0.44213438034057617,
3359,0.8428062796592712,0.040252685546875,0.8448185324668884,
3360,1.1900473833084106,0.03887939453125,1.1919909715652466,
3361,0.5039624571800232,0.025115966796875,0.5052184462547302,
3362,0.545110821723938,0.0303802490234375,0.5466300249099731,
3363,0.7881823182106018,0.0269775390625,0.7895308136940002,
3364,0.44830358028411865,0.0225982666015625,0.44943368434906006,
3365,0.6635668277740479,0.031036376953125,0.6651184558868408,
3366,0.25771379470825195,0.018157958984375,0.2586216926574707,
3367,0.30659934878349304,0.02001953125,0.3076007068157196,
3368,0.47945070266723633,0.0208740234375,0.48049402236938477,
3369,0.42125996947288513,0.0246429443359375,0.422492116689682,
3370,0.41628652811050415,0.01861572265625,0.41721731424331665,
3371,0.32032981514930725,0.01629638671875,0.3211447298526764,
3372,0.714637041091919,0.036163330078125,0.7164452075958252,
3373,0.47559064626693726,0.018402099609375,0.4765109419822693,
3374,0.7322973012924194,0.0276336669921875,0.7336791753768921,
3375,0.8521419763565063,0.0281219482421875,0.8535476922988892,
3376,0.556581974029541,0.01751708984375,0.5574579238891602,
3377,0.44234782457351685,0.0248260498046875,0.4435895085334778,
3378,0.7390891909599304,0.0305938720703125,0.740618884563446,
3379,0.41707271337509155,0.0257720947265625,0.4183611273765564,
3380,0.43393823504447937,0.02532958984375,0.43520471453666687,
3381,0.49641576409339905,0.030242919921875,0.49792829155921936,
3382,0.7688262462615967,0.0306854248046875,0.7703607082366943,
3383,0.882614016532898,0.024322509765625,0.8838299512863159,
3384,0.782187819480896,0.0260467529296875,0.7834905385971069,
3385,0.5550589561462402,0.0204925537109375,0.5560832023620605,
3386,0.34086140990257263,0.0198516845703125,0.34185418486595154,
3387,0.309490442276001,0.0236663818359375,0.31067395210266113,
3388,0.5296651721000671,0.0259246826171875,0.5309612154960632,
3389,0.5673298835754395,0.0249481201171875,0.5685772895812988,
3390,0.3456176221370697,0.0190582275390625,0.34657034277915955,
3391,0.5247759222984314,0.0250396728515625,0.5260280966758728,
3392,1.1484544277191162,0.03326416015625,1.1501176357269287,
3393,0.9263304471969604,0.034698486328125,0.9280651807785034,
3394,0.7013594508171082,0.0272369384765625,0.7027212977409363,
3395,0.8409970998764038,0.035369873046875,0.842765212059021,
3396,0.5957809686660767,0.0241546630859375,0.596988320350647,
3397,0.5176841020584106,0.033203125,0.5193444490432739,
3398,0.6414540410041809,0.03277587890625,0.6430924534797668,
3399,0.5364877581596375,0.0362548828125,0.5383006930351257,
3400,1.066842794418335,0.037353515625,1.0687100887298584,
3401,0.5399592518806458,0.0219268798828125,0.5410559773445129,
3402,0.5472656488418579,0.02471923828125,0.5485016107559204,
3403,0.7048789262771606,0.0313720703125,0.7064477205276489,
3404,0.567624568939209,0.0233154296875,0.5687899589538574,
3405,0.5696079730987549,0.027587890625,0.5709869861602783,
3406,0.7866395711898804,0.033660888671875,0.7883228063583374,
3407,0.7553384900093079,0.034576416015625,0.7570675015449524,
3408,0.855214536190033,0.0343017578125,0.8569292426109314,
3409,0.4723775088787079,0.0205078125,0.4734027087688446,
3410,0.4297499358654022,0.0193634033203125,0.43071791529655457,
3411,0.5337357521057129,0.0265045166015625,0.5350613594055176,
3412,0.8384373784065247,0.035308837890625,0.8402026295661926,
3413,1.0039924383163452,0.034210205078125,1.005703330039978,
3414,0.9897884130477905,0.0289154052734375,0.9912341833114624,
3415,0.7868475317955017,0.0345458984375,0.7885746359825134,
3416,0.6277587413787842,0.0306396484375,0.6292903423309326,
3417,0.4620705842971802,0.0240631103515625,0.46327412128448486,
3418,0.2858865559101105,0.0122528076171875,0.2864992916584015,
3419,0.500947117805481,0.0234832763671875,0.502121090888977,
3420,0.7217816710472107,0.0287322998046875,0.7232179045677185,
3421,0.5207568407058716,0.022064208984375,0.5218602418899536,
3422,0.6966325044631958,0.023193359375,0.6977921724319458,
3423,0.3604225516319275,0.0189666748046875,0.3613709807395935,
3424,0.6932323575019836,0.0255584716796875,0.694510281085968,
3425,1.0457779169082642,0.031890869140625,1.0473724603652954,
3426,0.36709272861480713,0.019195556640625,0.36805260181427,
3427,0.34810566902160645,0.0196533203125,0.3490879535675049,
3428,0.6170006394386292,0.0279998779296875,0.6184006333351135,
3429,0.6814320683479309,0.035858154296875,0.6832249760627747,
3430,0.6937184929847717,0.03173828125,0.6953054070472717,
3431,0.5648155808448792,0.034515380859375,0.5665417313575745,
3432,0.40750977396965027,0.0201568603515625,0.4085178077220917,
3433,0.7217586636543274,0.03302001953125,0.7234094738960266,
3434,0.6538029313087463,0.020355224609375,0.6548205018043518,
3435,0.32817715406417847,0.01488494873046875,0.32892149686813354,
3436,0.49593302607536316,0.02899169921875,0.49738261103630066,
3437,0.7696409225463867,0.033782958984375,0.7713298797607422,
3438,0.5115556120872498,0.0234375,0.512727677822113,
3439,0.9777337908744812,0.030059814453125,0.9792367815971375,
3440,0.4604962170124054,0.0253753662109375,0.4617646038532257,
3441,0.6353272795677185,0.028533935546875,0.6367539763450623,
3442,0.6359197497367859,0.021209716796875,0.6369802355766296,
3443,1.1047652959823608,0.044525146484375,1.106991171836853,
3444,0.4088346064090729,0.0197906494140625,0.40982452034950256,
3445,0.5479444265365601,0.0265960693359375,0.5492738485336304,
3446,0.9706699252128601,0.035858154296875,0.9724628329277039,
3447,0.49559926986694336,0.0270233154296875,0.496950626373291,
3448,0.6679914593696594,0.0298919677734375,0.669485867023468,
3449,0.8694098591804504,0.0313720703125,0.8709786534309387,
3450,0.7016803622245789,0.033203125,0.7033407092094421,
3451,0.30978333950042725,0.0163726806640625,0.310602068901062,
3452,0.7450465559959412,0.03143310546875,0.7466182112693787,
3453,0.576471209526062,0.034912109375,0.5782164335250854,
3454,0.46146610379219055,0.031951904296875,0.463063508272171,
3455,0.5125533938407898,0.0221710205078125,0.5136615633964539,
3456,0.979830801486969,0.0295257568359375,0.9813070893287659,
3457,0.5036906599998474,0.0233917236328125,0.5048598647117615,
3458,0.43513330817222595,0.0234527587890625,0.43630632758140564,
3459,0.5420315861701965,0.0235443115234375,0.5432084202766418,
3460,0.7344428300857544,0.0221099853515625,0.7355481386184692,
3461,0.5176774859428406,0.0208587646484375,0.518720805644989,
3462,0.857109546661377,0.032928466796875,0.8587555885314941,
3463,0.5672274231910706,0.030975341796875,0.5687761902809143,
3464,0.9557405710220337,0.035186767578125,0.9575001001358032,
3465,0.3586556613445282,0.0215606689453125,0.35973331332206726,
3466,0.4598295986652374,0.0301513671875,0.4613373577594757,
3467,0.7265615463256836,0.0288543701171875,0.7280044555664062,
3468,0.48525890707969666,0.03076171875,0.48679718375205994,
3469,0.29966893792152405,0.018798828125,0.3006087839603424,
3470,0.44119492173194885,0.0217132568359375,0.44228020310401917,
3471,0.4778437614440918,0.021148681640625,0.47890138626098633,
3472,0.6573296189308167,0.026336669921875,0.6586466431617737,
3473,0.6452478766441345,0.041595458984375,0.6473268866539001,
3474,1.0260517597198486,0.0294036865234375,1.027522325515747,
3475,0.7255401611328125,0.02923583984375,0.7270021438598633,
3476,1.3470613956451416,0.031707763671875,1.3486464023590088,
3477,0.5070779919624329,0.022186279296875,0.5081871151924133,
3478,0.371688574552536,0.0270843505859375,0.3730427920818329,
3479,1.3902946710586548,0.040130615234375,1.3923012018203735,
3480,0.5602421760559082,0.0341796875,0.5619511604309082,
3481,0.4395502507686615,0.0166473388671875,0.44038280844688416,
3482,0.7057265043258667,0.039093017578125,0.7076815366744995,
3483,0.7761313915252686,0.037872314453125,0.7780253887176514,
3484,0.86397385597229,0.0242919921875,0.8651888370513916,
3485,0.473675012588501,0.030853271484375,0.4752180576324463,
3486,0.7201250195503235,0.039215087890625,0.7220857739448547,
3487,0.3593924939632416,0.025787353515625,0.3606818616390228,
3488,0.3998623788356781,0.0211639404296875,0.40092095732688904,
3489,0.6441352367401123,0.0288238525390625,0.6455762386322021,
3490,0.691048800945282,0.0307769775390625,0.6925880312919617,
3491,0.7885336875915527,0.0325927734375,0.790163516998291,
3492,0.3636064827442169,0.0175323486328125,0.36448290944099426,
3493,0.7324880957603455,0.0250091552734375,0.733738362789154,
3494,0.5136315226554871,0.0173492431640625,0.5144988894462585,
3495,0.4440443515777588,0.0246429443359375,0.44527649879455566,
3496,0.682080864906311,0.0286102294921875,0.6835113763809204,
3497,0.5424180030822754,0.02691650390625,0.5437636375427246,
3498,0.7350927591323853,0.0347900390625,0.7368322610855103,
3499,0.7726778388023376,0.0316162109375,0.7742590308189392,
3500,0.5530238151550293,0.022979736328125,0.5541729927062988,
3501,1.1647379398345947,0.039337158203125,1.1667044162750244,
3502,0.5923075079917908,0.0238189697265625,0.5934986472129822,
3503,0.3626181483268738,0.02667236328125,0.3639513850212097,
3504,0.3745671510696411,0.032257080078125,0.3761798143386841,
3505,0.34928983449935913,0.021484375,0.35036367177963257,
3506,1.127441644668579,0.031036376953125,1.128993272781372,
3507,0.9543849229812622,0.032379150390625,0.95600426197052,
3508,0.5610454678535461,0.023895263671875,0.5622404217720032,
3509,0.2853546142578125,0.018951416015625,0.2863020896911621,
3510,0.7276788353919983,0.0294189453125,0.7291494011878967,
3511,0.6110802292823792,0.0281219482421875,0.612485945224762,
3512,0.36969754099845886,0.02569580078125,0.3709821403026581,
3513,0.5127230882644653,0.0284881591796875,0.5141478776931763,
3514,0.44445541501045227,0.021026611328125,0.44550636410713196,
3515,0.2947583794593811,0.017608642578125,0.2956386208534241,
3516,0.5952954888343811,0.0269012451171875,0.5966401696205139,
3517,0.5911110639572144,0.0254669189453125,0.5923842191696167,
3518,0.5630677342414856,0.028839111328125,0.5645096898078918,
3519,0.8236982822418213,0.029754638671875,0.825186014175415,
3520,0.733575701713562,0.03338623046875,0.735244631767273,
3521,0.7201583385467529,0.0269622802734375,0.7215068340301514,
3522,0.9337702989578247,0.031585693359375,0.9353495836257935,
3523,1.1752252578735352,0.031494140625,1.1767997741699219,
3524,1.2109719514846802,0.032867431640625,1.2126151323318481,
3525,0.4487520158290863,0.01468658447265625,0.4494863450527191,
3526,0.6086086630821228,0.027740478515625,0.6099953055381775,
3527,0.4476533830165863,0.021148681640625,0.44871100783348083,
3528,1.0872691869735718,0.03448486328125,1.0889934301376343,
3529,0.3533661365509033,0.022705078125,0.35450100898742676,
3530,0.3504147529602051,0.0170440673828125,0.35126686096191406,
3531,0.6676431894302368,0.0251617431640625,0.6689010858535767,
3532,0.804095447063446,0.02984619140625,0.8055879473686218,
3533,0.6708765029907227,0.02679443359375,0.6722164154052734,
3534,0.7888899445533752,0.026458740234375,0.7902126908302307,
3535,0.6254045963287354,0.032012939453125,0.627004861831665,
3536,0.6116226315498352,0.02154541015625,0.6127002835273743,
3537,0.5964637398719788,0.0252685546875,0.597727358341217,
3538,0.6394051313400269,0.0238037109375,0.6405953168869019,
3539,0.339712530374527,0.01447296142578125,0.3404363691806793,
3540,0.7544364333152771,0.037567138671875,0.7563151717185974,
3541,0.46398091316223145,0.023468017578125,0.46515393257141113,
3542,0.6756958961486816,0.0274200439453125,0.6770672798156738,
3543,0.7123069167137146,0.029296875,0.7137717604637146,
3544,0.48077961802482605,0.0189666748046875,0.48172804713249207,
3545,0.3889670670032501,0.0198974609375,0.38996174931526184,
3546,0.5921168327331543,0.0186004638671875,0.5930466651916504,
3547,0.7767250537872314,0.0236968994140625,0.777909517288208,
3548,0.3542628884315491,0.0169219970703125,0.3551087975502014,
3549,0.28783220052719116,0.0214691162109375,0.2889060378074646,
3550,0.838674008846283,0.030548095703125,0.8402017951011658,
3551,0.704431414604187,0.0280303955078125,0.7058333158493042,
3552,0.36572331190109253,0.0203857421875,0.3667427897453308,
3553,0.5448044538497925,0.0247955322265625,0.5460442304611206,
3554,0.37376099824905396,0.0171966552734375,0.3746207356452942,
3555,0.9893156886100769,0.0308990478515625,0.990860641002655,
3556,0.34698107838630676,0.0209503173828125,0.3480282127857208,
3557,0.5915061235427856,0.03277587890625,0.5931445360183716,
3558,0.3880716860294342,0.0264892578125,0.3893963396549225,
3559,1.0564906597137451,0.034881591796875,1.0582349300384521,
3560,1.1669279336929321,0.0343017578125,1.1686426401138306,
3561,0.28777098655700684,0.0203399658203125,0.2887876033782959,
3562,0.48307928442955017,0.0219268798828125,0.48417600989341736,
3563,0.40001988410949707,0.0202484130859375,0.4010326862335205,
3564,0.7083214521408081,0.0253753662109375,0.7095898389816284,
3565,0.991314709186554,0.03338623046875,0.9929836392402649,
3566,0.6778347492218018,0.034027099609375,0.6795361042022705,
3567,0.5329982042312622,0.028594970703125,0.5344277620315552,
3568,0.4510635733604431,0.0288848876953125,0.4525074362754822,
3569,0.4771058261394501,0.036163330078125,0.4789139926433563,
3570,0.5616256594657898,0.032928466796875,0.563271701335907,
3571,0.797681450843811,0.0309600830078125,0.7992292642593384,
3572,0.47915440797805786,0.0228424072265625,0.48029690980911255,
3573,0.39523962140083313,0.0175018310546875,0.39611461758613586,
3574,0.29938748478889465,0.0198822021484375,0.30038121342658997,
3575,0.6837142705917358,0.03082275390625,0.6852554082870483,
3576,0.4564007818698883,0.0308380126953125,0.4579428732395172,
3577,0.8264244794845581,0.022735595703125,0.8275612592697144,
3578,0.8425806164741516,0.0287322998046875,0.8440168499946594,
3579,0.5882123112678528,0.027374267578125,0.5895808339118958,
3580,0.6770585179328918,0.03179931640625,0.6786482930183411,
3581,0.8154504299163818,0.033447265625,0.8171231746673584,
3582,0.5586110949516296,0.02911376953125,0.5600664019584656,
3583,0.904179036617279,0.033477783203125,0.905852735042572,
3584,0.9493393898010254,0.031982421875,0.9509387016296387,
3585,0.4385609030723572,0.024505615234375,0.4397863745689392,
3586,0.4429558515548706,0.0216522216796875,0.4440382719039917,
3587,0.6215215921401978,0.0276336669921875,0.6229034662246704,
3588,0.6891041398048401,0.0214996337890625,0.6901789307594299,
3589,0.6095036268234253,0.02044677734375,0.6105259656906128,
3590,0.8080479502677917,0.02679443359375,0.8093878626823425,
3591,0.8059818148612976,0.0305633544921875,0.8075096011161804,
3592,0.6077277660369873,0.0225067138671875,0.6088531017303467,
3593,0.4976743757724762,0.026275634765625,0.498988538980484,
3594,0.41056007146835327,0.023193359375,0.41171973943710327,
3595,0.4991002082824707,0.0182952880859375,0.5000147819519043,
3596,0.37262508273124695,0.019744873046875,0.3736121356487274,
3597,0.6829595565795898,0.034027099609375,0.6846609115600586,
3598,0.38197386264801025,0.027313232421875,0.383339524269104,
3599,0.6027769446372986,0.027618408203125,0.6041578650474548,
3600,0.9790156483650208,0.027374267578125,0.9803841710090637,
3601,0.7685800194740295,0.02032470703125,0.7695966362953186,
3602,0.7742017507553101,0.03192138671875,0.7757982015609741,
3603,0.5627349615097046,0.02203369140625,0.5638364553451538,
3604,0.5057107210159302,0.0238800048828125,0.5069047212600708,
3605,0.7152940630912781,0.0289154052734375,0.71673983335495,
3606,0.3434044420719147,0.01922607421875,0.3443657457828522,
3607,0.47767379879951477,0.0221710205078125,0.47878196835517883,
3608,0.7636813521385193,0.030364990234375,0.765199601650238,
3609,0.5680368542671204,0.0249176025390625,0.5692823529243469,
3610,0.5823537707328796,0.0210113525390625,0.5834047198295593,
3611,0.4140722453594208,0.020050048828125,0.41507455706596375,
3612,0.6882025003433228,0.02911376953125,0.6896578073501587,
3613,0.6333898901939392,0.019989013671875,0.634389340877533,
3614,0.4360431134700775,0.0179290771484375,0.4369395673274994,
3615,0.9262534379959106,0.0236663818359375,0.9274369478225708,
3616,0.714375913143158,0.0233001708984375,0.7155413031578064,
3617,0.6513892412185669,0.0261993408203125,0.6526995897293091,
3618,0.629492998123169,0.0267181396484375,0.6308290958404541,
3619,1.0227558612823486,0.0292816162109375,1.0242197513580322,
3620,0.44475236535072327,0.0186004638671875,0.44568219780921936,
3621,0.41386878490448,0.01910400390625,0.41482388973236084,
3622,0.5451554656028748,0.0207061767578125,0.5461911559104919,
3623,0.3572947680950165,0.0234527587890625,0.35846778750419617,
3624,0.6802295446395874,0.017425537109375,0.6811007261276245,
3625,0.8224448561668396,0.0239105224609375,0.823640763759613,
3626,0.4291077256202698,0.023284912109375,0.4302721619606018,
3627,0.6673743724822998,0.01849365234375,0.6682989597320557,
3628,0.7011244893074036,0.021453857421875,0.7021973729133606,
3629,0.46404388546943665,0.0183563232421875,0.46496179699897766,
3630,0.8725905418395996,0.027557373046875,0.8739686012268066,
3631,0.41040918231010437,0.0187835693359375,0.4113485515117645,
3632,0.4501892626285553,0.0175933837890625,0.45106902718544006,
3633,0.5319123268127441,0.02557373046875,0.5331912040710449,
3634,0.6760056614875793,0.0212554931640625,0.6770680546760559,
3635,0.6006420254707336,0.0189971923828125,0.6015918850898743,
3636,1.0433577299118042,0.0261688232421875,1.0446661710739136,
3637,0.4684057831764221,0.00916290283203125,0.4688640236854553,
3638,0.5302200317382812,0.0223541259765625,0.5313377380371094,
3639,0.6777184009552002,0.0287017822265625,0.6791536808013916,
3640,0.9259204268455505,0.031463623046875,0.9274939894676208,
3641,0.5363913774490356,0.021209716796875,0.5374518632888794,
3642,0.6787981390953064,0.0277557373046875,0.6801857352256775,
3643,1.118864893913269,0.035430908203125,1.1206368207931519,
3644,0.6784582138061523,0.03265380859375,0.6800909042358398,
3645,0.5791921019554138,0.0265960693359375,0.5805215239524841,
3646,0.6075605750083923,0.0211029052734375,0.6086153388023376,
3647,0.6815707683563232,0.030914306640625,0.6831166744232178,
3648,0.947293221950531,0.0247344970703125,0.9485301375389099,
3649,1.0847833156585693,0.0302886962890625,1.0862977504730225,
3650,0.6346787810325623,0.032135009765625,0.6362857222557068,
3651,0.38817161321640015,0.019012451171875,0.3891224265098572,
3652,0.3617202043533325,0.0256500244140625,0.3630028963088989,
3653,0.7339727282524109,0.0234375,0.7351447939872742,
3654,0.4905224144458771,0.0220184326171875,0.4916229546070099,
3655,0.4658564329147339,0.0236053466796875,0.4670370817184448,
3656,0.6518202424049377,0.033203125,0.653480589389801,
3657,0.5531107783317566,0.026031494140625,0.5544125437736511,
3658,0.6082353591918945,0.0291595458984375,0.6096935272216797,
3659,0.6136643886566162,0.02655029296875,0.6149919033050537,
3660,0.5997431874275208,0.0260467529296875,0.6010459065437317,
3661,0.4819381535053253,0.0150909423828125,0.48269250988960266,
3662,0.7898895144462585,0.0225677490234375,0.7910177111625671,
3663,1.0094209909439087,0.036346435546875,1.011238694190979,
3664,0.5706362128257751,0.0212554931640625,0.5716986060142517,
3665,0.6594325304031372,0.02655029296875,0.6607600450515747,
3666,0.4131925106048584,0.015899658203125,0.413987398147583,
3667,0.9553079605102539,0.0273284912109375,0.9566745758056641,
3668,0.28168007731437683,0.0226287841796875,0.28281113505363464,
3669,0.5583270192146301,0.0240020751953125,0.5595267415046692,
3670,0.8082820177078247,0.021026611328125,0.8093329668045044,
3671,0.517266035079956,0.024505615234375,0.5184915065765381,
3672,0.4272018373012543,0.02679443359375,0.42854174971580505,
3673,0.4079800248146057,0.0294036865234375,0.40945059061050415,
3674,0.37393441796302795,0.0167388916015625,0.37477126717567444,
3675,0.616091787815094,0.0216217041015625,0.6171732544898987,
3676,0.77635258436203,0.0250244140625,0.777603805065155,
3677,0.49517199397087097,0.0263214111328125,0.4964880645275116,
3678,0.980158269405365,0.0350341796875,0.9819101691246033,
3679,0.6320985555648804,0.0301055908203125,0.6336034536361694,
3680,0.49939730763435364,0.0217132568359375,0.5004825592041016,
3681,0.5592330694198608,0.02252197265625,0.5603593587875366,
3682,1.0555824041366577,0.03399658203125,1.0572818517684937,
3683,0.5464996099472046,0.02825927734375,0.5479129552841187,
3684,0.848380446434021,0.03076171875,0.8499187231063843,
3685,0.7463660836219788,0.0345458984375,0.7480931878089905,
3686,0.6613614559173584,0.023895263671875,0.6625564098358154,
3687,0.40593981742858887,0.022247314453125,0.40705180168151855,
3688,0.634113073348999,0.03021240234375,0.6356236934661865,
3689,0.9347869753837585,0.03582763671875,0.9365779757499695,
3690,0.42007070779800415,0.032135009765625,0.4216776490211487,
3691,0.43723630905151367,0.023193359375,0.43839597702026367,
3692,0.9227693676948547,0.033050537109375,0.9244220852851868,
3693,0.6887488961219788,0.03118896484375,0.690308153629303,
3694,0.38864821195602417,0.0258941650390625,0.38994330167770386,
3695,0.4301377534866333,0.031890869140625,0.43173229694366455,
3696,0.5247703194618225,0.033660888671875,0.5264535546302795,
3697,0.9991368055343628,0.038604736328125,1.001067042350769,
3698,0.6727696061134338,0.0304107666015625,0.6742897629737854,
3699,0.43661364912986755,0.0279388427734375,0.4380107820034027,
3700,0.6323635578155518,0.0276641845703125,0.6337463855743408,
3701,0.9610692858695984,0.034423828125,0.9627906680107117,
3702,0.5696184039115906,0.0279083251953125,0.5710136294364929,
3703,0.5072624087333679,0.03204345703125,0.5088645815849304,
3704,0.878552258014679,0.0255584716796875,0.8798301815986633,
3705,1.0303999185562134,0.043182373046875,1.0325590372085571,
3706,0.8608940839767456,0.033966064453125,0.8625925779342651,
3707,0.5716146230697632,0.0248870849609375,0.5728591680526733,
3708,1.2820537090301514,0.0421142578125,1.2841594219207764,
3709,1.1448945999145508,0.035675048828125,1.1466779708862305,
3710,0.5846671462059021,0.0308685302734375,0.5862101912498474,
3711,0.43241220712661743,0.024993896484375,0.4336615204811096,
3712,0.2788006365299225,0.021087646484375,0.2798554003238678,
3713,0.8958964943885803,0.032196044921875,0.8975062966346741,
3714,0.5554565787315369,0.031219482421875,0.5570177435874939,
3715,0.9491074681282043,0.033050537109375,0.9507601857185364,
3716,0.8638423085212708,0.0312042236328125,0.8654025197029114,
3717,0.3843633234500885,0.022247314453125,0.3854753077030182,
3718,0.44382524490356445,0.0272979736328125,0.4451899528503418,
3719,0.3601178824901581,0.0167083740234375,0.36095330119132996,
3720,0.6189993619918823,0.029693603515625,0.6204842329025269,
3721,0.5448107123374939,0.0207061767578125,0.5458464026451111,
3722,0.5349623560905457,0.0263214111328125,0.5362784266471863,
3723,0.8687297105789185,0.0287628173828125,0.8701678514480591,
3724,0.5167245864868164,0.02081298828125,0.5177650451660156,
3725,0.26788994669914246,0.0216827392578125,0.26897427439689636,
3726,0.4514029324054718,0.0291748046875,0.45286205410957336,
3727,0.713455855846405,0.03155517578125,0.715033233165741,
3728,0.842906653881073,0.0316162109375,0.8444878458976746,
3729,1.231338381767273,0.034912109375,1.2330836057662964,
3730,0.965068519115448,0.033905029296875,0.9667641520500183,
3731,0.43295818567276,0.0249176025390625,0.4342036843299866,
3732,0.5585663318634033,0.0244293212890625,0.5597879886627197,
3733,0.49067631363868713,0.0223388671875,0.49179306626319885,
3734,0.8772997260093689,0.034088134765625,0.8790039420127869,
3735,0.43712323904037476,0.019256591796875,0.43808597326278687,
3736,0.8462438583374023,0.02972412109375,0.8477296829223633,
3737,0.8339269161224365,0.02978515625,0.8354165554046631,
3738,0.24049216508865356,0.018402099609375,0.2414124608039856,
3739,1.146161675453186,0.032257080078125,1.147774338722229,
3740,0.4023958742618561,0.018218994140625,0.40330663323402405,
3741,0.8664947748184204,0.024627685546875,0.8677259683609009,
3742,0.6608560085296631,0.0236053466796875,0.662036657333374,
3743,0.5385140776634216,0.0230865478515625,0.5396680235862732,
3744,0.723662793636322,0.028778076171875,0.725101888179779,
3745,0.6573578119277954,0.0233154296875,0.6585232019424438,
3746,0.7918258905410767,0.0261077880859375,0.7931314706802368,
3747,0.7209513783454895,0.0209808349609375,0.7220004200935364,
3748,0.6651570796966553,0.0306854248046875,0.6666915416717529,
3749,0.7896733283996582,0.02667236328125,0.7910065650939941,
3750,0.47127047181129456,0.025146484375,0.472527414560318,
3751,0.8834897875785828,0.03472900390625,0.8852264285087585,
3752,0.7416837215423584,0.0287017822265625,0.7431190013885498,
3753,0.7436330914497375,0.0232696533203125,0.7447965741157532,
3754,0.33391880989074707,0.0185394287109375,0.33484578132629395,
3755,0.9245724081993103,0.0286407470703125,0.9260048270225525,
3756,0.8151479363441467,0.037628173828125,0.8170295357704163,
3757,0.9841838479042053,0.03155517578125,0.9857612252235413,
3758,0.4943963289260864,0.0297393798828125,0.49588310718536377,
3759,0.9643615484237671,0.034027099609375,0.9660629034042358,
3760,0.533149242401123,0.0273895263671875,0.5345187187194824,
3761,0.4676665663719177,0.0284576416015625,0.46908944845199585,
3762,0.8973425626754761,0.035125732421875,0.8990992307662964,
3763,0.6705642938613892,0.0222930908203125,0.6716791391372681,
3764,0.40834033489227295,0.017547607421875,0.4092177152633667,
3765,0.7128046751022339,0.0303955078125,0.7143248319625854,
3766,0.6986531019210815,0.030670166015625,0.7001866102218628,
3767,0.9107856154441833,0.0330810546875,0.9124392867088318,
3768,0.5518871545791626,0.02081298828125,0.5529276132583618,
3769,0.6201339960098267,0.026092529296875,0.6214386224746704,
3770,0.960761547088623,0.027587890625,0.9621405601501465,
3771,0.6688686609268188,0.028411865234375,0.6702896356582642,
3772,0.5005189776420593,0.031463623046875,0.5020925402641296,
3773,0.9132652878761292,0.0274810791015625,0.9146395325660706,
3774,0.649007260799408,0.030609130859375,0.65053790807724,
3775,0.8684993386268616,0.0289306640625,0.8699460625648499,
3776,0.7256516814231873,0.0203399658203125,0.7266682982444763,
3777,0.7247757315635681,0.03106689453125,0.7263292670249939,
3778,0.6007140874862671,0.029083251953125,0.6021684408187866,
3779,0.5766648054122925,0.03082275390625,0.578205943107605,
3780,0.536875307559967,0.035003662109375,0.5386252999305725,
3781,0.36043015122413635,0.020965576171875,0.3614782392978668,
3782,0.582164466381073,0.0311737060546875,0.5837227702140808,
3783,0.7014198899269104,0.034759521484375,0.7031574845314026,
3784,0.6817959547042847,0.0284423828125,0.6832178831100464,
3785,0.7247942686080933,0.024017333984375,0.7259949445724487,
3786,0.49879249930381775,0.0279693603515625,0.5001906156539917,
3787,0.8070281744003296,0.0261993408203125,0.8083385229110718,
3788,0.5183151960372925,0.0263671875,0.5196331739425659,
3789,0.9183621406555176,0.032684326171875,0.9199967384338379,
3790,0.3877756595611572,0.02191162109375,0.388871431350708,
3791,0.5275070071220398,0.0295562744140625,0.5289852023124695,
3792,0.660789430141449,0.02337646484375,0.661958634853363,
3793,1.0196516513824463,0.0297698974609375,1.0211403369903564,
3794,0.38909095525741577,0.015350341796875,0.3898586630821228,
3795,0.7552428841590881,0.032470703125,0.7568660378456116,
3796,0.7228960394859314,0.0265655517578125,0.7242245078086853,
3797,0.6178984642028809,0.02764892578125,0.6192812919616699,
3798,0.8324463367462158,0.026336669921875,0.8337633609771729,
3799,0.5368194580078125,0.02252197265625,0.5379457473754883,
3800,0.2716388702392578,0.01824951171875,0.2725515365600586,
3801,0.4870398938655853,0.0269927978515625,0.48838934302330017,
3802,0.488681435585022,0.0281524658203125,0.4900890588760376,
3803,0.7509562373161316,0.0276947021484375,0.7523409724235535,
3804,0.8461229801177979,0.033538818359375,0.84779953956604,
3805,0.8103663325309753,0.0300445556640625,0.8118683695793152,
3806,0.9197292923927307,0.0283355712890625,0.9211464524269104,
3807,0.4740053713321686,0.0238189697265625,0.47519651055336,
3808,0.5010442733764648,0.0294952392578125,0.5025186538696289,
3809,0.4574933350086212,0.02227783203125,0.4586072266101837,
3810,0.24993418157100677,0.0197906494140625,0.25092411041259766,
3811,0.4534846246242523,0.02392578125,0.45468053221702576,
3812,0.735710859298706,0.03436279296875,0.7374293804168701,
3813,1.0300358533859253,0.027557373046875,1.0314139127731323,
3814,0.7389689087867737,0.023590087890625,0.7401486039161682,
3815,1.1783671379089355,0.035125732421875,1.1801238059997559,
3816,0.814155638217926,0.0275115966796875,0.8155308365821838,
3817,0.5331114530563354,0.0294189453125,0.5345820188522339,
3818,1.0010786056518555,0.0267333984375,1.002415657043457,
3819,0.5845404267311096,0.0199127197265625,0.5855360627174377,
3820,0.6906862258911133,0.02899169921875,0.6921358108520508,
3821,0.5680688619613647,0.0293426513671875,0.5695356130599976,
3822,0.635160505771637,0.02972412109375,0.6366463303565979,
3823,0.6366670727729797,0.0295257568359375,0.6381433606147766,
3824,0.4954611659049988,0.03253173828125,0.49708813428878784,
3825,0.6731617450714111,0.0259246826171875,0.6744577884674072,
3826,0.4204631745815277,0.02117919921875,0.42152175307273865,
3827,0.9998317956924438,0.028289794921875,1.0012460947036743,
3828,0.3662548065185547,0.021575927734375,0.36733341217041016,
3829,0.5454930067062378,0.0198211669921875,0.5464838743209839,
3830,0.9074506163597107,0.033233642578125,0.9091119170188904,
3831,0.5693752765655518,0.0271759033203125,0.5707342624664307,
3832,0.4173851013183594,0.01763916015625,0.41826725006103516,
3833,0.742953896522522,0.024169921875,0.7441622018814087,
3834,0.5279861688613892,0.0230712890625,0.5291401147842407,
3835,0.6532383561134338,0.0258331298828125,0.6545296311378479,
3836,0.9657158255577087,0.0280303955078125,0.9671177268028259,
3837,0.8232485055923462,0.0241851806640625,0.8244577646255493,
3838,0.5330797433853149,0.0255889892578125,0.5343595743179321,
3839,0.9191054701805115,0.0296630859375,0.9205884337425232,
3840,0.6425952315330505,0.0270233154296875,0.6439465880393982,
3841,0.9873155355453491,0.0262603759765625,0.9886287450790405,
3842,0.3488680124282837,0.0186767578125,0.3498016595840454,
3843,0.4862205982208252,0.0162200927734375,0.4870316982269287,
3844,0.6155499815940857,0.0282135009765625,0.6169604659080505,
3845,0.30883586406707764,0.0173492431640625,0.3097032308578491,
3846,0.5261006355285645,0.02239990234375,0.5272202491760254,
3847,0.3019754886627197,0.01763916015625,0.3028576374053955,
3848,0.6571006178855896,0.0306396484375,0.658632218837738,
3849,0.4197138845920563,0.0200042724609375,0.42071428894996643,
3850,0.28811588883399963,0.019317626953125,0.28908196091651917,
3851,0.8538222908973694,0.021697998046875,0.8549075722694397,
3852,0.7530749440193176,0.02508544921875,0.7543290257453918,
3853,0.7398371696472168,0.0249176025390625,0.7410826683044434,
3854,0.46805381774902344,0.0150909423828125,0.4688081741333008,
3855,0.510492742061615,0.022552490234375,0.5116199851036072,
3856,0.48635971546173096,0.0221710205078125,0.487467885017395,
3857,0.41459813714027405,0.015472412109375,0.4153715670108795,
3858,0.5908604264259338,0.024078369140625,0.5920639634132385,
3859,0.3697049915790558,0.0116729736328125,0.3702886402606964,
3860,0.5300004482269287,0.021514892578125,0.531076192855835,
3861,0.6014052629470825,0.0214996337890625,0.6024800539016724,
3862,0.825352132320404,0.024688720703125,0.8265861868858337,
3863,0.5779781937599182,0.0249786376953125,0.5792275071144104,
3864,0.8385935425758362,0.0288238525390625,0.840034544467926,
3865,0.6062933206558228,0.020660400390625,0.6073261499404907,
3866,0.9213907122612,0.0289306640625,0.9228374361991882,
3867,0.8044297695159912,0.035491943359375,0.8062045574188232,
3868,0.8763193488121033,0.0289459228515625,0.877767026424408,
3869,0.6153715252876282,0.02203369140625,0.6164730191230774,
3870,0.528347909450531,0.02630615234375,0.5296630263328552,
3871,0.7526015043258667,0.0290679931640625,0.7540549039840698,
3872,0.8062132596969604,0.0294036865234375,0.8076838254928589,
3873,0.9792447686195374,0.033660888671875,0.9809280037879944,
3874,0.4455204904079437,0.022491455078125,0.4466448724269867,
3875,0.9915134310722351,0.03338623046875,0.993182361125946,
3876,0.9002253413200378,0.03033447265625,0.9017416834831238,
3877,0.879737377166748,0.0360107421875,0.881537914276123,
3878,1.0012530088424683,0.04010009765625,1.0032576322555542,
3879,0.5160106420516968,0.0255279541015625,0.5172866582870483,
3880,0.8219045400619507,0.0279693603515625,0.8233026266098022,
3881,0.35787761211395264,0.02001953125,0.3588789701461792,
3882,0.37755778431892395,0.015899658203125,0.37835267186164856,
3883,0.7386342883110046,0.0306549072265625,0.7401668429374695,
3884,0.8735843896865845,0.0313720703125,0.8751531839370728,
3885,0.9096064567565918,0.038360595703125,0.9115242958068848,
3886,0.4739050567150116,0.0254974365234375,0.47518011927604675,
3887,0.30025234818458557,0.0182037353515625,0.30116263031959534,
3888,0.6711990237236023,0.028167724609375,0.6726076006889343,
3889,0.8459242582321167,0.03173828125,0.8475111722946167,
3890,0.5644323229789734,0.022705078125,0.5655671954154968,
3891,0.5830104947090149,0.03436279296875,0.584729015827179,
3892,0.4685521721839905,0.0218048095703125,0.4696422219276428,
3893,0.9436222314834595,0.0341796875,0.9453312158584595,
3894,1.094436526298523,0.033203125,1.0960968732833862,
3895,0.556884229183197,0.0230255126953125,0.5580353140830994,
3896,0.5516322255134583,0.017578125,0.5525110363960266,
3897,0.30894020199775696,0.01177215576171875,0.3095286190509796,
3898,0.24980448186397552,0.01403045654296875,0.2505059242248535,
3899,0.6440415382385254,0.0269927978515625,0.6453909873962402,
3900,0.5934252142906189,0.0254974365234375,0.594700276851654,
3901,0.6049467921257019,0.02532958984375,0.6062132716178894,
3902,0.6747973561286926,0.0206451416015625,0.6758292317390442,
3903,0.5285941362380981,0.01512908935546875,0.5293503999710083,
3904,1.0764431953430176,0.0256500244140625,1.077725887298584,
3905,0.3103982210159302,0.009979248046875,0.31089699268341064,
3906,0.4857610762119293,0.0210113525390625,0.486812025308609,
3907,0.4823961555957794,0.021240234375,0.483458548784256,
3908,0.7144010663032532,0.0235137939453125,0.7155769467353821,
3909,0.687356173992157,0.023345947265625,0.6885234713554382,
3910,0.5017687082290649,0.0239715576171875,0.5029674768447876,
3911,0.388171911239624,0.0204620361328125,0.38919520378112793,
3912,0.48482176661491394,0.0216827392578125,0.48590609431266785,
3913,0.36490949988365173,0.016937255859375,0.3657563626766205,
3914,0.572380781173706,0.0202789306640625,0.5733945369720459,
3915,0.517541766166687,0.018768310546875,0.5184801816940308,
3916,0.625262975692749,0.027008056640625,0.6266133785247803,
3917,0.5503422617912292,0.0173797607421875,0.5512110590934753,
3918,0.6759414672851562,0.0285186767578125,0.6773672103881836,
3919,0.6247583031654358,0.0227813720703125,0.6258969902992249,
3920,0.9992727637290955,0.03076171875,1.0008111000061035,
3921,0.5614321827888489,0.0187530517578125,0.5623696446418762,
3922,1.158069133758545,0.0220489501953125,1.1591715812683105,
3923,0.8056193590164185,0.0360107421875,0.8074198961257935,
3924,0.5161101818084717,0.01983642578125,0.5171020030975342,
3925,0.6134372353553772,0.0227203369140625,0.614573061466217,
3926,0.6224262714385986,0.0198822021484375,0.623420000076294,
3927,0.969546377658844,0.0352783203125,0.9713106751441956,
3928,0.4284493625164032,0.0200958251953125,0.4294545352458954,
3929,0.3608250617980957,0.0180816650390625,0.36172914505004883,
3930,0.5365210771560669,0.023040771484375,0.5376731157302856,
3931,0.9136268496513367,0.0306243896484375,0.9151584506034851,
3932,0.7863922119140625,0.0207977294921875,0.7874317169189453,
3933,0.7926639318466187,0.02935791015625,0.7941316366195679,
3934,1.0582925081253052,0.0246124267578125,1.0595227479934692,
3935,0.658822774887085,0.0279693603515625,0.6602208614349365,
3936,0.7509125471115112,0.028533935546875,0.752339243888855,
3937,0.5727535486221313,0.018524169921875,0.5736795663833618,
3938,0.8117930889129639,0.02801513671875,0.8131940364837646,
3939,0.9027711749076843,0.0243988037109375,0.9039909243583679,
3940,0.27875375747680664,0.016448974609375,0.27957630157470703,
3941,0.7059618234634399,0.0297088623046875,0.7074476480484009,
3942,0.7808099985122681,0.0197296142578125,0.7817960977554321,
3943,0.3678288757801056,0.02447509765625,0.3690524399280548,
3944,0.6871917843818665,0.0259552001953125,0.6884897351264954,
3945,0.4310174286365509,0.021881103515625,0.43211129307746887,
3946,0.8019142746925354,0.031890869140625,0.8035088181495667,
3947,0.6461409330368042,0.0265045166015625,0.6474665403366089,
3948,0.6033093333244324,0.018768310546875,0.6042477488517761,
3949,0.7972546815872192,0.0241241455078125,0.7984610795974731,
3950,0.5372568964958191,0.020477294921875,0.5382811427116394,
3951,0.4629930853843689,0.014892578125,0.4637379050254822,
3952,0.9623374342918396,0.0264129638671875,0.9636582732200623,
3953,0.280783087015152,0.01497650146484375,0.2815317213535309,
3954,0.4484669864177704,0.01873779296875,0.4494039714336395,
3955,1.101468801498413,0.03692626953125,1.1033151149749756,
3956,0.6829912662506104,0.0222625732421875,0.6841042041778564,
3957,1.0443016290664673,0.03399658203125,1.0460010766983032,
3958,0.8162426352500916,0.0311279296875,0.8177990317344666,
3959,0.9096627235412598,0.033416748046875,0.9113335609436035,
3960,0.8311899304389954,0.032470703125,0.8328130841255188,
3961,0.5280687212944031,0.0189971923828125,0.5290185809135437,
3962,0.7072558999061584,0.0308380126953125,0.7087979912757874,
3963,0.4941929280757904,0.0265960693359375,0.4955223500728607,
3964,0.7152890563011169,0.038116455078125,0.7171944975852966,
3965,0.49427610635757446,0.0267181396484375,0.4956122040748596,
3966,0.5826210975646973,0.030609130859375,0.5841517448425293,
3967,0.23658491671085358,0.0217132568359375,0.2376701980829239,
3968,0.8585721254348755,0.03173828125,0.8601590394973755,
3969,0.7471879720687866,0.036834716796875,0.7490295171737671,
3970,0.6267425417900085,0.023284912109375,0.6279069781303406,
3971,0.8154093027114868,0.03948974609375,0.8173834085464478,
3972,0.8174984455108643,0.0255584716796875,0.8187763690948486,
3973,0.7734478712081909,0.03436279296875,0.775166392326355,
3974,0.35273420810699463,0.025299072265625,0.3539987802505493,
3975,0.6642380356788635,0.03662109375,0.6660690903663635,
3976,0.4253823757171631,0.0243988037109375,0.4266021251678467,
3977,0.5461779236793518,0.0272064208984375,0.5475378632545471,
3978,0.9580278992652893,0.03533935546875,0.9597950577735901,
3979,0.7183058261871338,0.0295867919921875,0.7197849750518799,
3980,0.4964863061904907,0.0250091552734375,0.4977365732192993,
3981,0.5551852583885193,0.0309906005859375,0.5567349791526794,
3982,0.7830970287322998,0.0294647216796875,0.7845704555511475,
3983,0.5127138495445251,0.0266876220703125,0.5140480399131775,
3984,0.5842944979667664,0.02276611328125,0.5854331851005554,
3985,0.6128151416778564,0.02728271484375,0.6141788959503174,
3986,0.9947983026504517,0.028472900390625,0.9962221384048462,
3987,0.7828847765922546,0.02667236328125,0.7842180132865906,
3988,0.8681200742721558,0.018402099609375,0.8690403699874878,
3989,0.7291582822799683,0.018157958984375,0.730066180229187,
3990,0.6117146015167236,0.01806640625,0.6126177310943604,
3991,0.8076894879341125,0.0237579345703125,0.8088777661323547,
3992,0.3106974959373474,0.016204833984375,0.3115076422691345,
3993,0.4534972608089447,0.0216064453125,0.454577773809433,
3994,0.8041433095932007,0.033203125,0.805803656578064,
3995,0.5167493224143982,0.0228729248046875,0.5178927779197693,
3996,0.49523964524269104,0.0214385986328125,0.49631157517433167,
3997,0.9538804888725281,0.028228759765625,0.9552919268608093,
3998,0.7151817679405212,0.026031494140625,0.7164835333824158,
3999,1.0839526653289795,0.03533935546875,1.0857198238372803,
4000,1.2305947542190552,0.043243408203125,1.2327576875686646,54.19847328244275
