step,task_loss,bias_loss,total_loss,sps
0,19.69896697998047,0.1368408203125,19.726341247558594,
1,18.504228591918945,0.135498046875,18.531328201293945,
2,16.65970230102539,0.12548828125,16.684803009033203,
3,18.082237243652344,0.1455078125,18.11133575439453,
4,15.280686378479004,0.1322021484375,15.307129859924316,
5,9.897178649902344,0.1392822265625,9.925041198730469,
6,10.344364166259766,0.141845703125,10.372730255126953,
7,6.173803806304932,0.1549072265625,6.204779148101807,
8,2.9223501682281494,0.1312255859375,2.9485952854156494,
9,2.1874444484710693,0.1556396484375,2.2185723781585693,
10,2.20550537109375,0.1424560546875,2.2339935302734375,
11,2.1288602352142334,0.1357421875,2.156005620956421,
12,2.173224449157715,0.1363525390625,2.2004919052124023,
13,2.416640520095825,0.126708984375,2.4419853687286377,
14,1.7851046323776245,0.1529541015625,1.815698504447937,
15,1.8892701864242554,0.14306640625,1.9178804159164429,
16,1.6997615098953247,0.1326904296875,1.7262965440750122,
17,1.7086865901947021,0.1419677734375,1.7370831966400146,
18,1.868593454360962,0.1337890625,1.895357370376587,
19,1.4911736249923706,0.1298828125,1.5171440839767456,
20,1.6298668384552002,0.118896484375,1.6536400318145752,
21,1.2235130071640015,0.12646484375,1.2488120794296265,
22,1.118312954902649,0.12127685546875,1.142574429512024,
23,1.6401393413543701,0.116943359375,1.6635310649871826,
24,1.8028208017349243,0.10992431640625,1.8248087167739868,
25,1.1972545385360718,0.117431640625,1.2207378149032593,
26,1.038831353187561,0.11309814453125,1.061444878578186,
27,1.4621540307998657,0.119140625,1.4859882593154907,
28,1.5514601469039917,0.11468505859375,1.5743941068649292,
29,1.0818939208984375,0.11541748046875,1.10498046875,
30,1.090020775794983,0.12469482421875,1.114953637123108,
31,1.2604411840438843,0.1304931640625,1.2865337133407593,
32,1.35991632938385,0.123779296875,1.384666085243225,
33,1.5010713338851929,0.12152099609375,1.5253785848617554,
34,0.974549412727356,0.10272216796875,0.995087742805481,
35,1.4290658235549927,0.1029052734375,1.4496499300003052,
36,1.008913516998291,0.10308837890625,1.0295281410217285,
37,0.894432544708252,0.1058349609375,0.9155964851379395,
38,1.4626046419143677,0.1107177734375,1.4847451448440552,
39,1.0155948400497437,0.09716796875,1.0350345373153687,
40,0.8269890546798706,0.1065673828125,0.8483055830001831,
41,1.2738429307937622,0.10797119140625,1.2954341173171997,
42,1.0223935842514038,0.10675048828125,1.0437406301498413,
43,0.7623800039291382,0.1212158203125,0.7866262197494507,
44,1.270111322402954,0.11737060546875,1.293579339981079,
45,1.2306032180786133,0.11529541015625,1.2536592483520508,
46,0.5770071744918823,0.0946044921875,0.5959280729293823,
47,0.5896051526069641,0.0853271484375,0.6066644787788391,
48,1.1556285619735718,0.11370849609375,1.1783641576766968,
49,1.190205454826355,0.10943603515625,1.21208655834198,
50,0.7230479121208191,0.08551025390625,0.7401530146598816,
51,0.738957941532135,0.1026611328125,0.75949627161026,
52,0.5790244936943054,0.095947265625,0.5982200503349304,
53,0.6680623888969421,0.10272216796875,0.6886007189750671,
54,0.6015800833702087,0.1083984375,0.6232628226280212,
55,0.8719780445098877,0.09368896484375,0.8907158374786377,
56,0.39876261353492737,0.104248046875,0.41960611939430237,
57,0.7500949501991272,0.087158203125,0.7675204873085022,
58,0.7859298586845398,0.0909423828125,0.8041183352470398,
59,0.5481144785881042,0.07666015625,0.5634495615959167,
60,0.6991276144981384,0.08135986328125,0.7153934836387634,
61,1.182942509651184,0.07806396484375,1.1985522508621216,
62,0.8713099360466003,0.0821533203125,0.8877436518669128,
63,0.6761593222618103,0.07537841796875,0.6912350058555603,
64,0.8184045553207397,0.080078125,0.8344262838363647,
65,1.0560098886489868,0.06829833984375,1.0696665048599243,
66,0.8838496804237366,0.0946044921875,0.9027705788612366,
67,1.37740159034729,0.09259033203125,1.395925760269165,
68,0.46511009335517883,0.0814208984375,0.48139122128486633,
69,0.8110634684562683,0.0802001953125,0.8271004557609558,
70,1.062082052230835,0.09466552734375,1.0810182094573975,
71,0.4946776330471039,0.09393310546875,0.5134612321853638,
72,0.5177782773971558,0.0859375,0.5349596738815308,
73,1.3446043729782104,0.09619140625,1.363845705986023,
74,0.5413588285446167,0.08428955078125,0.5582197904586792,
75,0.7377620339393616,0.09735107421875,0.7572322487831116,
76,0.7979535460472107,0.08526611328125,0.8150128722190857,
77,0.6194177269935608,0.08331298828125,0.6360803246498108,
78,1.237955093383789,0.0882568359375,1.2556095123291016,
79,0.890531599521637,0.08746337890625,0.908018171787262,
80,0.6692177653312683,0.08123779296875,0.6854683756828308,
81,0.6473605632781982,0.07489013671875,0.662337064743042,
82,0.8960703015327454,0.09014892578125,0.9141061902046204,
83,0.9567731022834778,0.0897216796875,0.9747174382209778,
84,0.8362992405891418,0.09722900390625,0.8557389378547668,
85,0.7287104725837708,0.08441162109375,0.7455866932868958,
86,0.5410818457603455,0.07373046875,0.5558294653892517,
87,0.6232181191444397,0.08984375,0.6411929726600647,
88,0.5753108859062195,0.08056640625,0.5914241671562195,
89,0.7632390856742859,0.0792236328125,0.7790777087211609,
90,0.5115264058113098,0.07220458984375,0.5259688496589661,
91,0.7230424880981445,0.08380126953125,0.7397966384887695,
92,0.6531508564949036,0.0692138671875,0.6669905781745911,
93,0.6741257905960083,0.07659912109375,0.6894456148147583,
94,0.47907814383506775,0.0701904296875,0.49311622977256775,
95,0.6418828964233398,0.07110595703125,0.6561040878295898,
96,1.0079833269119263,0.07000732421875,1.02198326587677,
97,0.4592796564102173,0.061126708984375,0.4715019464492798,
98,0.4310668408870697,0.0748291015625,0.4460357129573822,
99,0.7160725593566895,0.06414794921875,0.728905200958252,
100,0.6825278997421265,0.06329345703125,0.6951850652694702,
101,0.7492831349372864,0.05755615234375,0.7607958912849426,
102,0.424519807100296,0.058990478515625,0.4363148510456085,
103,0.691456139087677,0.0587158203125,0.7031977772712708,
104,0.5159044861793518,0.060546875,0.5280123353004456,
105,0.5975273847579956,0.058013916015625,0.6091316938400269,
106,0.825156569480896,0.08282470703125,0.841727614402771,
107,0.7095583081245422,0.06170654296875,0.7219026684761047,
108,1.436704158782959,0.08245849609375,1.4531989097595215,
109,0.37526386976242065,0.061553955078125,0.38757771253585815,
110,0.48543494939804077,0.06817626953125,0.4990686774253845,
111,0.8187978863716125,0.07525634765625,0.8338506817817688,
112,0.79578697681427,0.06768798828125,0.8093215227127075,
113,0.6990178227424622,0.075439453125,0.7141087651252747,
114,0.776042640209198,0.0760498046875,0.7912556529045105,
115,0.5872666835784912,0.05926513671875,0.5991227626800537,
116,0.9556716680526733,0.07061767578125,0.9697936773300171,
117,0.7065739035606384,0.0701904296875,0.7206119894981384,
118,0.7258363962173462,0.06744384765625,0.7393251657485962,
119,0.7475256323814392,0.0699462890625,0.7615179419517517,
120,0.6698166728019714,0.0682373046875,0.6834656596183777,
121,0.5721158385276794,0.0703125,0.5861768126487732,
122,0.7832691073417664,0.0750732421875,0.7982837557792664,
123,0.3165927529335022,0.05377197265625,0.3273501992225647,
124,0.9857193231582642,0.07025146484375,0.9997726678848267,
125,0.6634960770606995,0.07269287109375,0.678037703037262,
126,0.44781461358070374,0.05682373046875,0.45918241143226624,
127,1.365967869758606,0.069091796875,1.3797847032546997,
128,0.80940181016922,0.06298828125,0.8219979405403137,
129,0.7388113141059875,0.06646728515625,0.752101719379425,
130,0.6584546566009521,0.053009033203125,0.6690595149993896,
131,0.30764952301979065,0.0482177734375,0.31729307770729065,
132,0.43448761105537415,0.05230712890625,0.4449475109577179,
133,0.8121455311775208,0.05694580078125,0.823536217212677,
134,0.7245357632637024,0.056732177734375,0.7358806729316711,
135,0.9812991619110107,0.06475830078125,0.9942538738250732,
136,0.8928487300872803,0.054534912109375,0.9037587642669678,
137,1.0332610607147217,0.058868408203125,1.0450332164764404,
138,0.606776773929596,0.0517578125,0.6171298623085022,
139,0.7625138759613037,0.06707763671875,0.7759263515472412,
140,0.9570556282997131,0.0626220703125,0.9695830941200256,
141,0.8251459002494812,0.0576171875,0.8366662859916687,
142,1.213808298110962,0.06494140625,1.2267935276031494,
143,0.715799868106842,0.0579833984375,0.727396547794342,
144,0.6038950085639954,0.05511474609375,0.6149194836616516,
145,0.28220561146736145,0.038360595703125,0.2898769676685333,
146,0.5557432174682617,0.049530029296875,0.5656461715698242,
147,0.5970013737678528,0.05731201171875,0.6084607243537903,
148,0.7162400484085083,0.0643310546875,0.7291032075881958,
149,0.7191653847694397,0.05816650390625,0.730800211429596,
150,0.7677404284477234,0.06060791015625,0.7798635363578796,
151,0.715033769607544,0.048614501953125,0.7247536182403564,
152,0.5832393765449524,0.055511474609375,0.5943401455879211,
153,0.6898789405822754,0.057373046875,0.7013535499572754,
154,0.4222872853279114,0.0479736328125,0.4318850636482239,
155,0.6659852862358093,0.056060791015625,0.6772004961967468,
156,1.0955411195755005,0.058441162109375,1.1072293519973755,
157,0.44522392749786377,0.039764404296875,0.45317375659942627,
158,1.7176181077957153,0.07232666015625,1.7320834398269653,
159,0.7719683647155762,0.062042236328125,0.7843737602233887,
160,0.7976293563842773,0.047149658203125,0.8070592880249023,
161,0.6103529930114746,0.049774169921875,0.6203093528747559,
162,0.5754450559616089,0.053985595703125,0.5862406492233276,
163,0.8381981253623962,0.0557861328125,0.8493523001670837,
164,1.0843605995178223,0.05621337890625,1.0956063270568848,
165,0.49617063999176025,0.056121826171875,0.507393479347229,
166,0.6624788045883179,0.058135986328125,0.6741060018539429,
167,0.7757548689842224,0.0560302734375,0.7869624495506287,
168,0.3920475244522095,0.04541015625,0.401126503944397,
169,0.3356418311595917,0.0445556640625,0.3445529639720917,
170,0.7952602505683899,0.049285888671875,0.8051174283027649,
171,0.9468371868133545,0.07196044921875,0.961226224899292,
172,1.0102620124816895,0.062042236328125,1.022667407989502,
173,0.8054817914962769,0.06988525390625,0.8194588422775269,
174,0.5968253016471863,0.05047607421875,0.60691899061203,
175,0.3215048015117645,0.041839599609375,0.3298742473125458,
176,0.5266431570053101,0.046661376953125,0.5359739065170288,
177,0.4150359034538269,0.054443359375,0.42592304944992065,
178,0.4938410818576813,0.046142578125,0.5030726194381714,
179,0.9353437423706055,0.060821533203125,0.947504997253418,
180,1.092459797859192,0.05670166015625,1.1037970781326294,
181,0.7884947657585144,0.0543212890625,0.7993590235710144,
182,0.4783034920692444,0.044281005859375,0.48716121912002563,
183,0.5254245400428772,0.04522705078125,0.5344730019569397,
184,0.7456827759742737,0.06170654296875,0.7580271363258362,
185,0.750666081905365,0.05194091796875,0.7610573172569275,
186,0.438620001077652,0.04241943359375,0.447103887796402,
187,0.5923864841461182,0.044708251953125,0.6013281345367432,
188,0.7374295592308044,0.047393798828125,0.7469052672386169,
189,0.5407091379165649,0.04730224609375,0.5501695871353149,
190,0.5283388495445251,0.047515869140625,0.5378450751304626,
191,0.7446233630180359,0.051971435546875,0.7550145983695984,
192,0.5961747169494629,0.044189453125,0.6050095558166504,
193,0.6042251586914062,0.040008544921875,0.6122283935546875,
194,0.5322732925415039,0.051788330078125,0.5426340103149414,
195,0.6681876182556152,0.049041748046875,0.6779990196228027,
196,0.8330421447753906,0.060699462890625,0.8451805114746094,
197,0.7779672741889954,0.040618896484375,0.7860925793647766,
198,0.6110568046569824,0.04638671875,0.6203341484069824,
199,1.097214937210083,0.062164306640625,1.1096508502960205,
200,0.4991442859172821,0.04791259765625,0.5087268352508545,
201,0.697580873966217,0.043670654296875,0.7063165307044983,
202,0.25976744294166565,0.037811279296875,0.2673281729221344,
203,0.7580093741416931,0.055084228515625,0.7690262198448181,
204,0.8594992756843567,0.0611572265625,0.8717291951179504,
205,1.8419908285140991,0.06768798828125,1.8555253744125366,
206,0.7914143204689026,0.042388916015625,0.7998905777931213,
207,0.37111711502075195,0.03533935546875,0.3781857490539551,
208,0.7643721103668213,0.057220458984375,0.7758162021636963,
209,0.5142737627029419,0.037322998046875,0.52173912525177,
210,0.9946792721748352,0.063720703125,1.007420301437378,
211,0.7720407843589783,0.060791015625,0.7842020392417908,
212,0.7826797366142273,0.05859375,0.7943984866142273,
213,0.6715182065963745,0.05084228515625,0.6816881895065308,
214,0.9036219716072083,0.054412841796875,0.9145014882087708,
215,0.8324506878852844,0.054779052734375,0.8434064984321594,
216,0.8172812461853027,0.052032470703125,0.8276877403259277,
217,0.57856684923172,0.038970947265625,0.5863602757453918,
218,0.970971941947937,0.05706787109375,0.982385516166687,
219,0.5702508091926575,0.05108642578125,0.5804665684700012,
220,0.5050020217895508,0.040618896484375,0.513127326965332,
221,0.6141481995582581,0.04022216796875,0.6221895813941956,
222,0.7344772219657898,0.04376220703125,0.7432281374931335,
223,0.6367537975311279,0.044921875,0.6457412242889404,
224,0.8415645956993103,0.051055908203125,0.8517727255821228,
225,0.9895879030227661,0.0516357421875,0.9999181032180786,
226,0.3758617043495178,0.038909912109375,0.3836436867713928,
227,0.8197916150093079,0.0531005859375,0.8304117321968079,
228,0.45180806517601013,0.034820556640625,0.4587737023830414,
229,0.40714743733406067,0.044036865234375,0.41595175862312317,
230,0.36421695351600647,0.0304412841796875,0.37030521035194397,
231,1.0049684047698975,0.059356689453125,1.0168397426605225,
232,0.7431032657623291,0.048126220703125,0.7527315616607666,
233,0.6940426230430603,0.050018310546875,0.704044759273529,
234,0.6820983290672302,0.05224609375,0.6925505995750427,
235,0.9649379253387451,0.052947998046875,0.9755275249481201,
236,0.5728777647018433,0.0450439453125,0.5818880796432495,
237,0.44808751344680786,0.033599853515625,0.4548090100288391,
238,0.6658359169960022,0.059600830078125,0.6777530312538147,
239,0.659421443939209,0.04315185546875,0.6680502891540527,
240,0.615738570690155,0.040313720703125,0.6238028407096863,
241,1.0506641864776611,0.050689697265625,1.0608036518096924,
242,0.5434383153915405,0.04638671875,0.5527156591415405,
243,0.6792775988578796,0.044189453125,0.6881124377250671,
244,0.565535306930542,0.036224365234375,0.5727794170379639,
245,0.5391190648078918,0.03936767578125,0.5469925999641418,
246,0.3165697157382965,0.0275726318359375,0.32208576798439026,
247,0.9548031687736511,0.059417724609375,0.9666897654533386,
248,0.6898482441902161,0.048828125,0.6996138691902161,
249,1.2201753854751587,0.0550537109375,1.2311846017837524,
250,0.7794946432113647,0.048095703125,0.789115309715271,
251,0.6825331449508667,0.037811279296875,0.6900938749313354,
252,0.5172936320304871,0.04132080078125,0.5255562663078308,
253,1.0876023769378662,0.0572509765625,1.0990540981292725,
254,0.9088578820228577,0.051422119140625,0.9191423058509827,
255,0.6793720722198486,0.05023193359375,0.6894199848175049,
256,0.431606650352478,0.0297393798828125,0.4375537633895874,
257,0.33562740683555603,0.032196044921875,0.34206661581993103,
258,0.6219450831413269,0.050048828125,0.6319548487663269,
259,0.49867960810661316,0.050079345703125,0.5086970329284668,
260,0.49458423256874084,0.0426025390625,0.5031062364578247,
261,0.5094050168991089,0.0290374755859375,0.5152109861373901,
262,0.6288724541664124,0.052490234375,0.6393705010414124,
263,0.40706297755241394,0.037689208984375,0.41460081934928894,
264,0.6995394825935364,0.04296875,0.7081301808357239,
265,0.6306575536727905,0.04302978515625,0.6392635107040405,
266,0.8570533394813538,0.044586181640625,0.865972101688385,
267,0.6923814415931702,0.04193115234375,0.7007661461830139,
268,0.7135908603668213,0.047576904296875,0.72310471534729,
269,0.49725013971328735,0.034637451171875,0.5041776299476624,
270,0.4449649155139923,0.0238189697265625,0.44972947239875793,
271,0.8276384472846985,0.04547119140625,0.8367326855659485,
272,0.6747265458106995,0.0447998046875,0.683683454990387,
273,0.4411316514015198,0.040191650390625,0.4491730332374573,
274,0.47370246052742004,0.033599853515625,0.4804239571094513,
275,0.43624749779701233,0.02935791015625,0.4421183168888092,
276,0.7637875080108643,0.04437255859375,0.772660493850708,
277,0.6816597580909729,0.059478759765625,0.6935539841651917,
278,1.1822397708892822,0.044403076171875,1.1911203861236572,
279,0.7444853782653809,0.04010009765625,0.7525038719177246,
280,0.6427255272865295,0.03399658203125,0.6495233178138733,
281,0.5785729289054871,0.04803466796875,0.5881783366203308,
282,0.7818884253501892,0.05084228515625,0.7920584082603455,
283,1.1371924877166748,0.0562744140625,1.1484458446502686,
284,0.5386061668395996,0.03240966796875,0.5450873374938965,
285,0.6062525510787964,0.0386962890625,0.6139925718307495,
286,0.34590601921081543,0.0307769775390625,0.3520629405975342,
287,1.1580519676208496,0.059295654296875,1.169908046722412,
288,1.2613734006881714,0.066650390625,1.2747019529342651,
289,0.442766934633255,0.02874755859375,0.4485156834125519,
290,0.7116708755493164,0.0543212890625,0.7225351333618164,
291,0.5999295711517334,0.04364013671875,0.6086575984954834,
292,0.5997762680053711,0.037261962890625,0.6072301864624023,
293,0.9375990629196167,0.047515869140625,0.9471052885055542,
294,0.6081690192222595,0.033447265625,0.6148599982261658,
295,0.6687213182449341,0.04669189453125,0.6780596971511841,
296,0.752687394618988,0.040771484375,0.7608432173728943,
297,0.6286649107933044,0.040985107421875,0.6368588805198669,
298,0.6064954400062561,0.0467529296875,0.6158490777015686,
299,0.511337161064148,0.037628173828125,0.5188635587692261,
300,0.31200867891311646,0.0291595458984375,0.3178413510322571,
301,0.48754453659057617,0.036651611328125,0.4948763847351074,
302,0.39193886518478394,0.029571533203125,0.3978516459465027,
303,0.9292803406715393,0.048126220703125,0.9389086365699768,
304,0.6530472040176392,0.03564453125,0.6601768732070923,
305,1.0207937955856323,0.0587158203125,1.032535433769226,
306,0.3945545554161072,0.0361328125,0.4017795920372009,
307,1.0221277475357056,0.060028076171875,1.034136414527893,
308,0.7231465578079224,0.041717529296875,0.7314931154251099,
309,0.5043159127235413,0.03057861328125,0.5104308724403381,
310,0.46200913190841675,0.03582763671875,0.4691731333732605,
311,0.6882871389389038,0.0560302734375,0.6994947195053101,
312,0.6516308188438416,0.044891357421875,0.6606106162071228,
313,0.693329393863678,0.04315185546875,0.7019582390785217,
314,0.6239993572235107,0.047821044921875,0.6335666179656982,
315,0.5498623251914978,0.032135009765625,0.5562900900840759,
316,0.7634638547897339,0.041290283203125,0.7717188596725464,
317,0.633695662021637,0.040985107421875,0.6418896317481995,
318,0.2820740342140198,0.0277252197265625,0.2876206040382385,
319,0.9364410638809204,0.044891357421875,0.9454208612442017,
320,0.7963305115699768,0.042510986328125,0.8048296570777893,
321,0.7582024335861206,0.053070068359375,0.7688149213790894,
322,0.7611587643623352,0.042144775390625,0.7695892453193665,
323,0.9172234535217285,0.04473876953125,0.9261727333068848,
324,0.7414888143539429,0.049468994140625,0.7513841390609741,
325,0.6624088883399963,0.0523681640625,0.6728840470314026,
326,0.9581094980239868,0.05120849609375,0.9683481454849243,
327,0.6368632316589355,0.0340576171875,0.6436762809753418,
328,0.9896148443222046,0.061981201171875,1.0020126104354858,
329,0.8091283440589905,0.0477294921875,0.8186727166175842,
330,0.7043012380599976,0.041290283203125,0.7125562429428101,
331,1.2256948947906494,0.050445556640625,1.235780954360962,
332,0.910761296749115,0.0498046875,0.9207252860069275,
333,0.7075405716896057,0.041961669921875,0.7159329056739807,
334,0.5484408736228943,0.034271240234375,0.5552958846092224,
335,0.7683054804801941,0.037139892578125,0.775732696056366,
336,0.8603095412254333,0.053436279296875,0.8709983229637146,
337,0.8577021956443787,0.045745849609375,0.8668498396873474,
338,0.6154930591583252,0.03387451171875,0.6222679615020752,
339,0.6184526085853577,0.029571533203125,0.6243653893470764,
340,0.4566482603549957,0.035064697265625,0.4636596739292145,
341,0.37577390670776367,0.0391845703125,0.3836092948913574,
342,1.025579810142517,0.045745849609375,1.0347274541854858,
343,0.42611441016197205,0.026519775390625,0.4314168393611908,
344,0.4960290789604187,0.03448486328125,0.5029260516166687,
345,0.4867146909236908,0.025604248046875,0.49183401465415955,
346,0.8564271330833435,0.041046142578125,0.8646363615989685,
347,0.6891810894012451,0.032440185546875,0.6956698894500732,
348,0.5594866275787354,0.03564453125,0.5666162967681885,
349,0.6742624044418335,0.03253173828125,0.6807702779769897,
350,0.6872636079788208,0.0372314453125,0.6947098970413208,
351,0.7069792747497559,0.039947509765625,0.7149672508239746,
352,0.4863731861114502,0.031890869140625,0.4927513599395752,
353,0.4553813636302948,0.034454345703125,0.46227070689201355,
354,0.8262861371040344,0.047027587890625,0.8356931805610657,
355,0.5270992517471313,0.03997802734375,0.5350948572158813,
356,0.6621797680854797,0.044769287109375,0.6711366772651672,
357,0.8491008877754211,0.047882080078125,0.8586757779121399,
358,0.5768628120422363,0.035736083984375,0.5840115547180176,
359,0.7514140605926514,0.04742431640625,0.7608973979949951,
360,1.3234161138534546,0.047698974609375,1.332952857017517,
361,0.6881584525108337,0.03955078125,0.69607013463974,
362,0.635840892791748,0.03717041015625,0.6432757377624512,
363,0.9109746217727661,0.0478515625,0.9205418825149536,
364,0.7330169677734375,0.035064697265625,0.7400283813476562,
365,0.3368546962738037,0.02557373046875,0.34197020530700684,
366,0.5687029361724854,0.03570556640625,0.5758440494537354,
367,0.701278805732727,0.03558349609375,0.7083970308303833,
368,0.5435430407524109,0.037872314453125,0.5511190295219421,
369,0.4925108850002289,0.0389404296875,0.5003005266189575,
370,0.4719880223274231,0.040283203125,0.4800446629524231,
371,0.4254901707172394,0.0283660888671875,0.43116262555122375,
372,0.5766950249671936,0.0294342041015625,0.582581102848053,
373,0.7853296995162964,0.038604736328125,0.7930506467819214,
374,0.3796328604221344,0.0252838134765625,0.38469114899635315,
375,0.4022148847579956,0.0289764404296875,0.40800940990448,
376,0.3842860758304596,0.031494140625,0.39058414101600647,
377,0.2898124158382416,0.025909423828125,0.2949927747249603,
378,0.8743259310722351,0.043060302734375,0.8829395174980164,
379,0.33750516176223755,0.031890869140625,0.34388333559036255,
380,0.6226293444633484,0.03515625,0.6296598315238953,
381,0.8518511056900024,0.040557861328125,0.8599611520767212,
382,0.46895259618759155,0.0360107421875,0.47615474462509155,
383,0.8279497623443604,0.031890869140625,0.8343279361724854,
384,0.8371544480323792,0.04327392578125,0.8458061814308167,
385,0.47870832681655884,0.03631591796875,0.48597151041030884,
386,0.7505735158920288,0.041015625,0.7587751150131226,
387,1.1372694969177246,0.042388916015625,1.1457457542419434,
388,0.37413886189460754,0.034332275390625,0.38100531697273254,
389,0.846864640712738,0.03857421875,0.8545779585838318,
390,0.5507664680480957,0.039947509765625,0.5587544441223145,
391,0.29036688804626465,0.0194244384765625,0.2942521572113037,
392,0.8401824235916138,0.053741455078125,0.850932240486145,
393,0.7034197449684143,0.039703369140625,0.7113619446754456,
394,1.065956950187683,0.04095458984375,1.0741509199142456,
395,0.4257596731185913,0.0286712646484375,0.4314931631088257,
396,0.6740294098854065,0.035186767578125,0.6810675263404846,
397,1.0703904628753662,0.0478515625,1.0799577236175537,
398,0.5753437876701355,0.0362548828125,0.5825955271720886,
399,0.6309849619865417,0.037200927734375,0.6384236216545105,
400,0.7418190240859985,0.035400390625,0.7488991022109985,
401,1.052905797958374,0.0460205078125,1.0621068477630615,
402,0.4198891222476959,0.02679443359375,0.42524877190589905,
403,1.2324708700180054,0.0499267578125,1.2424577474594116,
404,0.4436672627925873,0.025421142578125,0.4487522542476654,
405,0.8103982210159302,0.044036865234375,0.8192025423049927,
406,0.939153790473938,0.03851318359375,0.9468556642532349,
407,0.6101062893867493,0.032684326171875,0.6166446805000305,
408,0.9944791197776794,0.0506591796875,1.0046110153198242,
409,0.7208595871925354,0.043243408203125,0.7295113205909729,
410,0.5546279549598694,0.0330810546875,0.5612426400184631,
411,0.9942348599433899,0.0389404296875,1.0020244121551514,
412,0.7358888983726501,0.035736083984375,0.7430376410484314,
413,0.48906567692756653,0.03326416015625,0.49571850895881653,
414,0.38820403814315796,0.0206451416015625,0.3923315405845642,
415,0.9389262199401855,0.042816162109375,0.947486400604248,
416,1.0156127214431763,0.048309326171875,1.0252715349197388,
417,0.6498534679412842,0.038360595703125,0.657524824142456,
418,0.3501977324485779,0.032196044921875,0.3566369414329529,
419,0.6942535638809204,0.043609619140625,0.7029739618301392,
420,0.5659956336021423,0.0276336669921875,0.571523129940033,
421,0.9387099146842957,0.045196533203125,0.9477507472038269,
422,0.8522963523864746,0.040557861328125,0.8604063987731934,
423,0.3933216333389282,0.0287017822265625,0.39906275272369385,
424,0.6088875532150269,0.047821044921875,0.6184548139572144,
425,0.5014744400978088,0.028350830078125,0.5071430802345276,
426,0.3512111306190491,0.0209197998046875,0.3553958535194397,
427,0.48611190915107727,0.03594970703125,0.4933026134967804,
428,0.5215121507644653,0.04632568359375,0.5307742357254028,
429,0.5494275689125061,0.0307464599609375,0.5555768609046936,
430,1.175276279449463,0.043548583984375,1.1839890480041504,
431,1.1883723735809326,0.051025390625,1.1985805034637451,
432,0.5792619585990906,0.032806396484375,0.5858232378959656,
433,0.8901807069778442,0.03314208984375,0.8968106508255005,
434,1.0616697072982788,0.048828125,1.0714353322982788,
435,0.6853119730949402,0.0301055908203125,0.6913315653800964,
436,0.41906315088272095,0.034149169921875,0.4258914589881897,
437,0.49859127402305603,0.02490234375,0.5035732984542847,
438,0.4021797478199005,0.0204010009765625,0.40626147389411926,
439,0.561964213848114,0.028350830078125,0.5676328539848328,
440,0.6598002910614014,0.033935546875,0.6665866374969482,
441,0.5480047464370728,0.0259552001953125,0.5531965494155884,
442,0.989783763885498,0.04608154296875,0.999000072479248,
443,1.302911639213562,0.04656982421875,1.3122271299362183,
444,0.9577664136886597,0.037506103515625,0.9652661085128784,
445,0.41492271423339844,0.046295166015625,0.42418479919433594,
446,0.7881415486335754,0.039520263671875,0.7960456013679504,
447,0.8909059762954712,0.0338134765625,0.8976694345474243,
448,0.45484617352485657,0.0246124267578125,0.4597671329975128,
449,0.5768224000930786,0.040374755859375,0.5848942995071411,
450,0.6708856821060181,0.034271240234375,0.6777406930923462,
451,0.3317647874355316,0.0270843505859375,0.3371816575527191,
452,0.5151181221008301,0.034454345703125,0.5220074653625488,
453,0.8576061725616455,0.04168701171875,0.8659451007843018,
454,0.8783331513404846,0.038604736328125,0.8860540986061096,
455,0.6037407517433167,0.03302001953125,0.6103439927101135,
456,0.7382897138595581,0.039764404296875,0.7462395429611206,
457,0.9740437269210815,0.04248046875,0.982542872428894,
458,1.1292452812194824,0.04296875,1.13783597946167,
459,0.8181518316268921,0.0391845703125,0.8259872198104858,
460,0.533176600933075,0.0269622802734375,0.5385705828666687,
461,0.9278355240821838,0.0386962890625,0.935575544834137,
462,0.6983993053436279,0.0347900390625,0.7053573131561279,
463,0.4235328733921051,0.0249481201171875,0.4285224974155426,
464,0.5861307382583618,0.03497314453125,0.5931268930435181,
465,0.662243664264679,0.0330810546875,0.6688583493232727,
466,0.2373771369457245,0.016937255859375,0.2407645881175995,
467,0.4555601179599762,0.036163330078125,0.4627927839756012,
468,0.723938524723053,0.03179931640625,0.7302976250648499,
469,0.6902298927307129,0.037384033203125,0.6977066993713379,
470,1.0394010543823242,0.03472900390625,1.0463476181030273,
471,0.45530134439468384,0.035308837890625,0.4623623490333557,
472,0.4019761383533478,0.0243377685546875,0.4068436920642853,
473,0.4443607032299042,0.0283966064453125,0.4500407874584198,
474,0.39015883207321167,0.0242919921875,0.3950187563896179,
475,0.9932742714881897,0.04058837890625,1.001391887664795,
476,0.6879733800888062,0.034912109375,0.6949542760848999,
477,0.5593770742416382,0.0232086181640625,0.5640195608139038,
478,0.5615768432617188,0.0239105224609375,0.5663604736328125,
479,0.5332633256912231,0.029388427734375,0.5391417741775513,
480,0.9845284223556519,0.03631591796875,0.9917916059494019,
481,0.37632492184638977,0.016143798828125,0.37955406308174133,
482,0.7375702857971191,0.0328369140625,0.7441391944885254,
483,0.601740837097168,0.031341552734375,0.6080083847045898,
484,0.4632904529571533,0.029327392578125,0.46915745735168457,
485,1.1361653804779053,0.042083740234375,1.144580602645874,
486,0.37726494669914246,0.0224761962890625,0.3817586600780487,
487,0.7136788964271545,0.031280517578125,0.7199349999427795,
488,0.8764945268630981,0.03948974609375,0.8843909502029419,
489,0.7350157499313354,0.031463623046875,0.7413100004196167,
490,0.5907884836196899,0.0308990478515625,0.5969682931900024,
491,0.6767998337745667,0.0343017578125,0.6836586594581604,
492,0.41810303926467896,0.0221405029296875,0.4225319027900696,
493,0.7963718771934509,0.028289794921875,0.8020290732383728,
494,0.32660049200057983,0.017059326171875,0.3300127387046814,
495,0.67153400182724,0.035980224609375,0.6787285208702087,
496,1.0900923013687134,0.0245361328125,1.0949980020523071,
497,0.45423978567123413,0.0256500244140625,0.45937055349349976,
498,0.9988188147544861,0.0467529296875,1.0081725120544434,
499,0.9649812579154968,0.04205322265625,0.9733888506889343,
500,0.8113656640052795,0.041778564453125,0.8197198510169983,
501,0.6109157800674438,0.0272979736328125,0.6163746118545532,
502,0.6008219718933105,0.028778076171875,0.6065783500671387,
503,0.9191069006919861,0.032501220703125,0.9256071448326111,
504,0.7427433729171753,0.03594970703125,0.7499340772628784,
505,0.7721734642982483,0.041015625,0.780375063419342,
506,0.8318622708320618,0.033050537109375,0.8384731411933899,
507,0.6337212920188904,0.0338134765625,0.6404847502708435,
508,0.3398399353027344,0.032501220703125,0.3463401794433594,
509,0.5853240489959717,0.0325927734375,0.5918433666229248,
510,0.5579559803009033,0.0283203125,0.5636208057403564,
511,0.6931520104408264,0.030181884765625,0.6991868615150452,
512,0.6855220198631287,0.032806396484375,0.6920832991600037,
513,0.701844334602356,0.0352783203125,0.7089015245437622,
514,0.6339966058731079,0.036651611328125,0.6413284540176392,
515,0.5374631285667419,0.03094482421875,0.5436505675315857,
516,0.3110743463039398,0.0198974609375,0.3150530755519867,
517,0.8594982624053955,0.035736083984375,0.8666470050811768,
518,0.8020138740539551,0.029083251953125,0.8078312873840332,
519,0.7378284335136414,0.02978515625,0.7437869906425476,
520,1.0723670721054077,0.035675048828125,1.0795005559921265,
521,0.8733901977539062,0.0295867919921875,0.8793067932128906,
522,0.5844959020614624,0.027740478515625,0.5900424718856812,
523,0.41572698950767517,0.0231475830078125,0.4203580319881439,
524,0.8962481021881104,0.03814697265625,0.9038774967193604,
525,0.7168452143669128,0.03741455078125,0.7243296504020691,
526,0.6548999547958374,0.033660888671875,0.6616328954696655,
527,0.6208452582359314,0.039703369140625,0.6287874579429626,
528,0.6227005124092102,0.0399169921875,0.6306808590888977,
529,1.0010998249053955,0.02886962890625,1.0068752765655518,
530,0.7417711019515991,0.038604736328125,0.7494920492172241,
531,0.4238783121109009,0.034423828125,0.430763840675354,
532,0.7054193615913391,0.03497314453125,0.7124155163764954,
533,0.5065064430236816,0.035614013671875,0.5136284828186035,
534,0.648895263671875,0.03173828125,0.655242919921875,
535,0.5982822179794312,0.0283966064453125,0.6039623022079468,
536,0.33493733406066895,0.0216217041015625,0.3392632007598877,
537,0.6001546382904053,0.029449462890625,0.6060445308685303,
538,0.5817579030990601,0.0222015380859375,0.5861982107162476,
539,0.3563515543937683,0.0224761962890625,0.36084526777267456,
540,0.6726006865501404,0.0197601318359375,0.6765527129173279,
541,1.1036337614059448,0.032318115234375,1.1100958585739136,
542,0.7832323312759399,0.027740478515625,0.7887789011001587,
543,0.5276162028312683,0.03192138671875,0.5340020060539246,
544,0.32514679431915283,0.021575927734375,0.3294612169265747,
545,0.3378746807575226,0.02069091796875,0.3420136272907257,
546,0.5570296049118042,0.032623291015625,0.563552737236023,
547,0.6131054162979126,0.0283355712890625,0.6187740564346313,
548,0.75827556848526,0.0295257568359375,0.7641807198524475,
549,1.0216820240020752,0.03564453125,1.0288116931915283,
550,0.46719515323638916,0.0248565673828125,0.47216570377349854,
551,0.8040900826454163,0.0287017822265625,0.8098312020301819,
552,0.2715446650981903,0.021820068359375,0.2759086787700653,
553,0.39134979248046875,0.0244293212890625,0.3962364196777344,
554,0.5365274548530579,0.031524658203125,0.542833149433136,
555,0.887108564376831,0.025909423828125,0.8922889232635498,
556,0.4503115117549896,0.02313232421875,0.45493873953819275,
557,0.594676673412323,0.026702880859375,0.600017249584198,
558,0.6296306252479553,0.026336669921875,0.6348987221717834,
559,0.622943639755249,0.02490234375,0.6279256343841553,
560,0.607193648815155,0.0242919921875,0.6120535731315613,
561,0.7395692467689514,0.029205322265625,0.7454095482826233,
562,1.0298150777816772,0.03167724609375,1.0361512899398804,
563,0.5082786083221436,0.0309295654296875,0.5144660472869873,
564,0.4150025546550751,0.014862060546875,0.41797420382499695,
565,0.5751276612281799,0.0259552001953125,0.5803194642066956,
566,0.35659778118133545,0.0190582275390625,0.3604086637496948,
567,0.369505375623703,0.0145416259765625,0.37241408228874207,
568,1.0919464826583862,0.0264739990234375,1.0972412824630737,
569,0.9374886751174927,0.0225830078125,0.9420052766799927,
570,1.0777848958969116,0.0289459228515625,1.0835756063461304,
571,0.46582090854644775,0.015045166015625,0.4688307046890259,
572,0.3775407075881958,0.01611328125,0.3807641267776489,
573,0.44680389761924744,0.0191802978515625,0.4506395757198334,
574,0.40294772386550903,0.024261474609375,0.40780001878738403,
575,0.5803680419921875,0.0247039794921875,0.5853080749511719,
576,0.7457363605499268,0.0242767333984375,0.7505924701690674,
577,0.596136212348938,0.022003173828125,0.6005383729934692,
578,0.5981780290603638,0.0189208984375,0.6019622087478638,
579,0.6565234065055847,0.028106689453125,0.662146270275116,
580,0.48935943841934204,0.017364501953125,0.4928327202796936,
581,0.5856197476387024,0.0264892578125,0.5909183621406555,
582,0.586274266242981,0.029449462890625,0.592164158821106,
583,0.6078614592552185,0.01953125,0.6117677092552185,
584,0.7994410395622253,0.025726318359375,0.8045870661735535,
585,0.4716731011867523,0.02093505859375,0.47586163878440857,
586,0.5278343558311462,0.03302001953125,0.5344375967979431,
587,0.7246572375297546,0.0254058837890625,0.7297384142875671,
588,0.6624966859817505,0.022216796875,0.6669408082962036,
589,0.3310461640357971,0.0262908935546875,0.33630281686782837,
590,0.7816175222396851,0.0262298583984375,0.7868627309799194,
591,0.4295691251754761,0.02557373046875,0.4346846342086792,
592,0.5736072063446045,0.02154541015625,0.5779178142547607,
593,0.5560014247894287,0.0391845703125,0.5638368129730225,
594,0.8098611831665039,0.036041259765625,0.8170709609985352,
595,0.7659593820571899,0.035125732421875,0.7729860544204712,
596,0.6733624935150146,0.033447265625,0.6800534725189209,
597,0.6356019377708435,0.02850341796875,0.6413010954856873,
598,0.5702265501022339,0.0300140380859375,0.5762308835983276,
599,0.8121770024299622,0.040130615234375,0.8202031254768372,
600,0.6667241454124451,0.03094482421875,0.6729115843772888,
601,0.8104684352874756,0.0274200439453125,0.8159539699554443,
602,0.705138087272644,0.0281982421875,0.7107762098312378,
603,0.4917917549610138,0.023468017578125,0.49648383259773254,
604,0.3645475506782532,0.0223388671875,0.36901456117630005,
605,0.8259691596031189,0.0298919677734375,0.8319467902183533,
606,0.7753040194511414,0.0306549072265625,0.7814342379570007,
607,0.8140887022018433,0.02545166015625,0.819177508354187,
608,0.5064433217048645,0.022186279296875,0.5108798146247864,
609,0.9793108105659485,0.027374267578125,0.9847849011421204,
610,0.8947258591651917,0.0298309326171875,0.9006920456886292,
611,0.6428160071372986,0.0279083251953125,0.648396909236908,
612,0.7618100643157959,0.0269317626953125,0.7671964168548584,
613,0.9716517329216003,0.035003662109375,0.9786517024040222,
614,0.740140438079834,0.0265960693359375,0.7454581260681152,
615,0.6245908737182617,0.0218658447265625,0.628962516784668,
616,0.5549454689025879,0.033416748046875,0.5616288185119629,
617,1.1740809679031372,0.034332275390625,1.1809474229812622,
618,0.6408883929252625,0.0257415771484375,0.6460382342338562,
619,0.6060404181480408,0.023590087890625,0.6107591986656189,
620,0.40867483615875244,0.0150604248046875,0.4116865396499634,
621,0.7167078852653503,0.02899169921875,0.7225062251091003,
622,0.9366260170936584,0.03607177734375,0.9438396096229553,
623,0.9989310503005981,0.0258331298828125,1.0040961503982544,
624,0.37674573063850403,0.0152435302734375,0.3797936737537384,
625,0.6972207427024841,0.0298004150390625,0.7031792998313904,
626,0.48617321252822876,0.019195556640625,0.4900127053260803,
627,0.43300876021385193,0.01715087890625,0.4364381730556488,
628,0.8257894515991211,0.025970458984375,0.8309850692749023,
629,0.9100160002708435,0.02691650390625,0.9153985381126404,
630,0.749426007270813,0.0265960693359375,0.7547436952590942,
631,0.5092447996139526,0.0225677490234375,0.513757586479187,
632,0.4928781986236572,0.0203704833984375,0.4969522953033447,
633,0.4985923767089844,0.020965576171875,0.5027847290039062,
634,0.4191678464412689,0.0196685791015625,0.4231007993221283,
635,0.6620683073997498,0.01593017578125,0.6652535796165466,
636,0.7961793541908264,0.0231781005859375,0.8008142113685608,
637,1.406435489654541,0.032806396484375,1.412996768951416,
638,0.6974774599075317,0.02801513671875,0.7030812501907349,
639,0.6561825275421143,0.02862548828125,0.6619083881378174,
640,0.9591704607009888,0.0286102294921875,0.9648925065994263,
641,0.8640924692153931,0.0279998779296875,0.8696924448013306,
642,0.5593544244766235,0.031768798828125,0.5657097101211548,
643,0.44337692856788635,0.0163116455078125,0.4466384947299957,
644,1.0955387353897095,0.042022705078125,1.103946328163147,
645,0.6657185554504395,0.0305938720703125,0.671837329864502,
646,0.5373046398162842,0.0262908935546875,0.5425612926483154,
647,0.643480122089386,0.0249176025390625,0.6484621167182922,
648,0.6417443156242371,0.028717041015625,0.6474892497062683,
649,0.3766491115093231,0.0236663818359375,0.38138315081596375,
650,0.5741862058639526,0.0279541015625,0.5797785520553589,
651,0.4290812909603119,0.01806640625,0.43269380927085876,
652,0.5751872062683105,0.0159454345703125,0.578376293182373,
653,1.0701795816421509,0.0225372314453125,1.0746885538101196,
654,0.6952805519104004,0.0200347900390625,0.6992859840393066,
655,0.8510994911193848,0.022064208984375,0.8555130958557129,
656,0.5345337986946106,0.02001953125,0.5385392308235168,
657,0.8339444994926453,0.0240478515625,0.8387548327445984,
658,0.7302530407905579,0.0255279541015625,0.7353571057319641,
659,0.8615282773971558,0.02960205078125,0.8674486875534058,
660,0.576666533946991,0.0306854248046875,0.5828043818473816,
661,0.9019840955734253,0.031036376953125,0.9081906080245972,
662,0.265394389629364,0.0184173583984375,0.26907747983932495,
663,0.8335051536560059,0.025970458984375,0.8387007713317871,
664,0.6077515482902527,0.0251007080078125,0.6127716898918152,
665,0.4431065320968628,0.025115966796875,0.4481304883956909,
666,0.673912763595581,0.0268707275390625,0.6792876720428467,
667,0.7936744093894958,0.0257415771484375,0.7988242506980896,
668,0.8306199908256531,0.0252532958984375,0.8356706500053406,
669,0.4632277190685272,0.0214691162109375,0.46752306818962097,
670,0.5988174080848694,0.01934814453125,0.602687418460846,
671,0.5948958396911621,0.018524169921875,0.598599910736084,
672,0.7339990735054016,0.022125244140625,0.7384241223335266,
673,0.6583524346351624,0.0233917236328125,0.6630292534828186,
674,0.5575706362724304,0.0200347900390625,0.5615760684013367,
675,0.7974038124084473,0.03387451171875,0.8041787147521973,
676,0.3361439108848572,0.0177459716796875,0.33969348669052124,
677,0.8783672451972961,0.0237884521484375,0.8831241726875305,
678,0.7786501049995422,0.02386474609375,0.7834222912788391,
679,0.561557948589325,0.018707275390625,0.5653001666069031,
680,0.4473135769367218,0.0177154541015625,0.4508574306964874,
681,0.9605593681335449,0.02520751953125,0.9656023979187012,
682,0.7442274689674377,0.031524658203125,0.7505331635475159,
683,0.6297523975372314,0.0242919921875,0.6346123218536377,
684,0.586423397064209,0.0224151611328125,0.5909056663513184,
685,0.5847079753875732,0.018218994140625,0.5883510112762451,
686,0.7151729464530945,0.020263671875,0.7192241549491882,
687,1.0989525318145752,0.026702880859375,1.1042931079864502,
688,0.5064809918403625,0.0157318115234375,0.5096281170845032,
689,0.8321152329444885,0.0304107666015625,0.8381958603858948,
690,0.5902213454246521,0.0247650146484375,0.5951728224754333,
691,0.49798309803009033,0.020111083984375,0.5020037889480591,
692,0.28699421882629395,0.0193939208984375,0.29087376594543457,
693,0.6651159524917603,0.022430419921875,0.6696020364761353,
694,0.6977458596229553,0.0243988037109375,0.7026248574256897,
695,0.7162067294120789,0.02630615234375,0.7214671969413757,
696,0.772388219833374,0.0257415771484375,0.7775380611419678,
697,0.6705926656723022,0.0253143310546875,0.6756547689437866,
698,0.6575316190719604,0.0247955322265625,0.662490725517273,
699,0.6752636432647705,0.0210113525390625,0.6794674396514893,
700,1.1846073865890503,0.0255584716796875,1.1897190809249878,
701,0.8437171578407288,0.02667236328125,0.8490501046180725,
702,0.6503249406814575,0.0261383056640625,0.6555510759353638,
703,0.5820338129997253,0.0296783447265625,0.5879694819450378,
704,0.3608578145503998,0.016998291015625,0.36425670981407166,
705,0.8688459992408752,0.026763916015625,0.8741980195045471,
706,1.1404328346252441,0.028076171875,1.1460480690002441,
707,1.1300691366195679,0.03350830078125,1.136771559715271,
708,1.1485580205917358,0.03448486328125,1.1554549932479858,
709,1.2074180841445923,0.0296630859375,1.2133499383926392,
710,0.6671990156173706,0.0254058837890625,0.6722801923751831,
711,0.4840332865715027,0.0194244384765625,0.48791855573654175,
712,0.3520733714103699,0.0240631103515625,0.3568875193595886,
713,0.6655226349830627,0.031585693359375,0.6718397736549377,
714,0.6103883981704712,0.0240020751953125,0.6151872873306274,
715,0.7707164287567139,0.026611328125,0.7760379314422607,
716,0.5924757122993469,0.0185699462890625,0.5961893200874329,
717,1.04801344871521,0.027862548828125,1.053586721420288,
718,0.42668864130973816,0.0179443359375,0.4302782714366913,
719,1.1685547828674316,0.0241546630859375,1.173384189605713,
720,0.7310291528701782,0.0210113525390625,0.735232949256897,
721,1.044347882270813,0.0284423828125,1.0500355958938599,
722,0.7909583449363708,0.0267486572265625,0.7963065505027771,
723,0.795979917049408,0.024169921875,0.8008131384849548,
724,1.0290522575378418,0.025665283203125,1.034186840057373,
725,0.6910405158996582,0.0221405029296875,0.6954693794250488,
726,0.5580105781555176,0.0232391357421875,0.5626568794250488,
727,0.5617752075195312,0.020294189453125,0.5658340454101562,
728,0.6115676760673523,0.0188446044921875,0.6153365969657898,
729,0.7630439400672913,0.02825927734375,0.7686973214149475,
730,0.8162090182304382,0.021942138671875,0.820595920085907,
731,0.7326959371566772,0.024200439453125,0.7375367879867554,
732,0.6494043469429016,0.01708984375,0.6528223156929016,
733,0.6404256224632263,0.0214996337890625,0.6447247862815857,
734,0.5201104879379272,0.01543426513671875,0.5231965780258179,
735,0.6214338541030884,0.025634765625,0.6265608072280884,
736,0.8845426440238953,0.0229034423828125,0.8891240954399109,
737,0.2799105644226074,0.015167236328125,0.2829432487487793,
738,0.7991329431533813,0.02020263671875,0.8031727075576782,
739,0.5255265235900879,0.018157958984375,0.5291581153869629,
740,0.4460720419883728,0.020751953125,0.4502224326133728,
741,0.6432405114173889,0.0205841064453125,0.6473565697669983,
742,0.6774171590805054,0.023468017578125,0.6821092367172241,
743,0.646484375,0.0158233642578125,0.6496486663818359,
744,0.7717136144638062,0.01702880859375,0.7751201391220093,
745,0.5303560495376587,0.015625,0.5334802865982056,
746,0.5736706256866455,0.0197906494140625,0.5776302814483643,
747,0.37440574169158936,0.020355224609375,0.37847602367401123,
748,0.396037220954895,0.0147247314453125,0.3989821672439575,
749,0.7110345959663391,0.02392578125,0.7158182263374329,
750,0.5884921550750732,0.0166015625,0.5918128490447998,
751,0.5605772733688354,0.023101806640625,0.5651968717575073,
752,0.7096734046936035,0.0210418701171875,0.7138810157775879,
753,1.013633370399475,0.0231170654296875,1.0182567834854126,
754,1.1497929096221924,0.022369384765625,1.1542675495147705,
755,0.5562695860862732,0.0161895751953125,0.5595082640647888,
756,0.6701951026916504,0.018768310546875,0.6739487648010254,
757,0.8158770203590393,0.0189056396484375,0.8196573853492737,
758,0.815942645072937,0.0261993408203125,0.8211840391159058,
759,0.6087713241577148,0.0193023681640625,0.6126317977905273,
760,0.548270583152771,0.0239715576171875,0.5530656576156616,
761,0.4612793028354645,0.0168304443359375,0.46464577317237854,
762,0.5790646076202393,0.01995849609375,0.583054780960083,
763,0.5200057029724121,0.0225982666015625,0.5245261192321777,
764,0.8577115535736084,0.026641845703125,0.8630406856536865,
765,0.5827701687812805,0.0185699462890625,0.5864837765693665,
766,0.5242266654968262,0.0204010009765625,0.5283083915710449,
767,0.7808926701545715,0.024749755859375,0.7858441472053528,
768,0.3987064063549042,0.016754150390625,0.40205761790275574,
769,0.8827142715454102,0.0328369140625,0.8892831802368164,
770,0.7846907377243042,0.0198974609375,0.7886694669723511,
771,0.8541299700737,0.0264892578125,0.8594285845756531,
772,0.6221888661384583,0.0213623046875,0.6264613270759583,
773,0.7397916316986084,0.0245208740234375,0.7446973323822021,
774,0.6228265762329102,0.02642822265625,0.6281137466430664,
775,0.6005682349205017,0.0217437744140625,0.6049169898033142,
776,0.7455532550811768,0.0212249755859375,0.7497990131378174,
777,0.4916505217552185,0.0184783935546875,0.49534696340560913,
778,0.5534552931785583,0.0164947509765625,0.556755006313324,
779,0.3570910096168518,0.0170745849609375,0.3605051636695862,
780,0.3032803535461426,0.012664794921875,0.3058133125305176,
781,0.40051305294036865,0.01898193359375,0.4043086767196655,
782,0.5976312756538391,0.020904541015625,0.6018121838569641,
783,0.6880013346672058,0.0196990966796875,0.6919419169425964,
784,0.5923193693161011,0.01776123046875,0.595870852470398,
785,0.7946277260780334,0.01568603515625,0.79776531457901,
786,0.3832097053527832,0.0140838623046875,0.38602685928344727,
787,1.0520470142364502,0.0197296142578125,1.0559914112091064,
788,0.7023802399635315,0.021453857421875,0.7066717743873596,
789,0.6804489493370056,0.020599365234375,0.6845688223838806,
790,0.27437373995780945,0.01197052001953125,0.27676746249198914,
791,0.4600582718849182,0.0164337158203125,0.46334463357925415,
792,1.0233098268508911,0.01837158203125,1.026983380317688,
793,0.9251834750175476,0.0239410400390625,0.929970920085907,
794,1.040402889251709,0.02069091796875,1.044541835784912,
795,0.4964282810688019,0.0209197998046875,0.5006129741668701,
796,0.6223199367523193,0.0206146240234375,0.62644362449646,
797,0.7679697871208191,0.0177459716796875,0.7715193629264832,
798,0.6080606579780579,0.0186920166015625,0.6117990612983704,
799,0.9702156782150269,0.0213165283203125,0.9744805097579956,
800,0.6274108290672302,0.0186767578125,0.6311454176902771,
801,0.5167150497436523,0.0232391357421875,0.5213613510131836,
802,0.9131596684455872,0.028228759765625,0.9188054203987122,
803,1.2004969120025635,0.0283355712890625,1.2061655521392822,
804,0.4521750509738922,0.0229644775390625,0.4567679464817047,
805,0.594563364982605,0.0196533203125,0.5984925031661987,
806,0.5669819712638855,0.02069091796875,0.5711209177970886,
807,0.6158102750778198,0.018341064453125,0.6194781064987183,
808,0.9048578143119812,0.022705078125,0.909397304058075,
809,0.5832311511039734,0.01934814453125,0.58710116147995,
810,0.6859620809555054,0.023956298828125,0.6907533407211304,
811,0.7622371315956116,0.0303802490234375,0.7683139443397522,
812,0.46953102946281433,0.0247802734375,0.4744863212108612,
813,0.5206868052482605,0.016998291015625,0.5240857005119324,
814,0.9610311388969421,0.028289794921875,0.966688334941864,
815,0.6727914810180664,0.02301025390625,0.6773920059204102,
816,0.5222704410552979,0.0177001953125,0.5258104801177979,
817,0.8230250477790833,0.016845703125,0.8263934254646301,
818,0.6357735395431519,0.022308349609375,0.6402367353439331,
819,0.4119863212108612,0.01438140869140625,0.41486260294914246,
820,0.8869826197624207,0.0218505859375,0.8913542628288269,
821,0.8690499067306519,0.020263671875,0.8731011152267456,
822,0.7977400422096252,0.0234832763671875,0.8024359345436096,
823,0.7777045965194702,0.0208587646484375,0.781877875328064,
824,0.5366272926330566,0.01629638671875,0.5398869514465332,
825,0.9346039891242981,0.031585693359375,0.9409211277961731,
826,0.6463199853897095,0.016326904296875,0.6495853662490845,
827,0.8798651099205017,0.019073486328125,0.8836798071861267,
828,0.7547416090965271,0.02728271484375,0.7601966261863708,
829,0.6910386681556702,0.02105712890625,0.6952500939369202,
830,0.9925767779350281,0.024749755859375,0.9975282549858093,
831,0.8760321736335754,0.0227813720703125,0.8805869221687317,
832,0.46128612756729126,0.01371002197265625,0.46402889490127563,
833,0.7023360133171082,0.023712158203125,0.70707768201828,
834,1.0891886949539185,0.0230255126953125,1.0937930345535278,
835,0.724459707736969,0.0175323486328125,0.7279654145240784,
836,1.081915259361267,0.0313720703125,1.0881904363632202,
837,0.6122211217880249,0.019134521484375,0.6160472631454468,
838,0.6724991202354431,0.0249176025390625,0.6774811148643494,
839,0.37034377455711365,0.0126495361328125,0.372872918844223,
840,1.0304582118988037,0.02777099609375,1.0360124111175537,
841,0.8712719082832336,0.026763916015625,0.8766239285469055,
842,0.4541836082935333,0.019439697265625,0.4580707848072052,
843,0.9442065954208374,0.0274200439453125,0.9496921300888062,
844,0.7876316905021667,0.0289306640625,0.7934185862541199,
845,0.5928600430488586,0.02178955078125,0.5972164273262024,
846,0.5909726023674011,0.0269927978515625,0.5963703989982605,
847,0.6205313205718994,0.0252838134765625,0.6255896091461182,
848,0.5767773389816284,0.019073486328125,0.5805920362472534,
849,0.7037391066551208,0.0253753662109375,0.7088126540184021,
850,0.8121762871742249,0.0286102294921875,0.8178983330726624,
851,0.9844262003898621,0.0262603759765625,0.9896790385246277,
852,0.7609401941299438,0.024444580078125,0.7658306360244751,
853,0.35792165994644165,0.0167999267578125,0.3612824082374573,
854,1.082349419593811,0.027801513671875,1.0879112482070923,
855,0.8069746494293213,0.027679443359375,0.8125097751617432,
856,0.7189700603485107,0.018524169921875,0.7226741313934326,
857,0.45692646503448486,0.01629638671875,0.4601861238479614,
858,0.8545421957969666,0.023040771484375,0.8591503500938416,
859,0.7584675550460815,0.022796630859375,0.7630261182785034,
860,0.3802622854709625,0.0138092041015625,0.383024126291275,
861,1.1739758253097534,0.0285797119140625,1.1796902418136597,
862,0.6420305967330933,0.01873779296875,0.6457785367965698,
863,0.7395248413085938,0.017578125,0.7430400848388672,
864,0.35742196440696716,0.0127716064453125,0.3599759042263031,
865,0.832551121711731,0.021575927734375,0.8368655443191528,
866,0.5840728878974915,0.019012451171875,0.5878761410713196,
867,0.7412183880805969,0.0198974609375,0.7451971173286438,
868,0.6900930404663086,0.020263671875,0.6941442489624023,
869,0.46366584300994873,0.0166473388671875,0.46699607372283936,
870,1.1490998268127441,0.0232391357421875,1.1537461280822754,
871,0.6553167104721069,0.018218994140625,0.6589597463607788,
872,0.8113881945610046,0.0230865478515625,0.8160039782524109,
873,0.8738864660263062,0.022247314453125,0.8783344030380249,
874,0.5432847738265991,0.01947021484375,0.5471795797348022,
875,0.7603632807731628,0.022613525390625,0.7648875117301941,
876,0.4350336790084839,0.01898193359375,0.43882930278778076,
877,0.4828440845012665,0.0181121826171875,0.4864661395549774,
878,0.608108639717102,0.018341064453125,0.6117764711380005,
879,0.7944673895835876,0.025848388671875,0.7996363043785095,
880,1.1001871824264526,0.02349853515625,1.1048868894577026,
881,0.5762296319007874,0.01401519775390625,0.5790334343910217,
882,0.6366692781448364,0.019317626953125,0.6405335664749146,
883,0.9299070239067078,0.0187530517578125,0.9336568713188171,
884,0.6972042322158813,0.02471923828125,0.7021480798721313,
885,1.1854015588760376,0.0243072509765625,1.1902614831924438,
886,0.5213189125061035,0.030548095703125,0.5274300575256348,
887,1.0235713720321655,0.0293731689453125,1.029446005821228,
888,0.4385263919830322,0.016265869140625,0.44178032875061035,
889,0.6033443808555603,0.0185546875,0.6070560812950134,
890,0.7572289109230042,0.0298004150390625,0.7631874680519104,
891,1.0731201171875,0.02679443359375,1.0784797668457031,
892,0.5253360867500305,0.0212249755859375,0.5295818448066711,
893,0.8252151608467102,0.0179595947265625,0.8288066983222961,
894,0.6592962145805359,0.02239990234375,0.6637746691703796,
895,0.6081039309501648,0.0253753662109375,0.613177478313446,
896,0.6086063981056213,0.0190582275390625,0.6124172806739807,
897,0.5696043968200684,0.0193634033203125,0.5734763145446777,
898,0.8135753870010376,0.023773193359375,0.8183284997940063,
899,0.5870668292045593,0.0208587646484375,0.5912401080131531,
900,0.6866040825843811,0.0166473388671875,0.6899343132972717,
901,0.5596247911453247,0.022308349609375,0.564087986946106,
902,0.3924766778945923,0.0170135498046875,0.3958793878555298,
903,0.6844481229782104,0.0171966552734375,0.6878870725631714,
904,0.671227216720581,0.021820068359375,0.675591230392456,
905,0.7155488729476929,0.017669677734375,0.7190831899642944,
906,0.42318785190582275,0.021728515625,0.42753279209136963,
907,0.42542019486427307,0.01410675048828125,0.42824116349220276,
908,0.4907328486442566,0.0155792236328125,0.4938494563102722,
909,0.6379232406616211,0.01971435546875,0.6418676376342773,
910,0.3729948401451111,0.009979248046875,0.37498992681503296,
911,0.38553184270858765,0.0148773193359375,0.38850730657577515,
912,0.9077017903327942,0.01947021484375,0.9115965962409973,
913,0.3865013122558594,0.01386260986328125,0.38927459716796875,
914,0.9434338808059692,0.0233001708984375,0.948095440864563,
915,0.39890751242637634,0.0131988525390625,0.40154728293418884,
916,0.7575147747993469,0.020904541015625,0.7616956830024719,
917,0.434586763381958,0.016204833984375,0.43782734870910645,
918,0.5217639803886414,0.0153045654296875,0.5248252749443054,
919,0.9730798006057739,0.0170745849609375,0.9764939546585083,
920,0.5454192161560059,0.0198822021484375,0.5493941307067871,
921,0.814232349395752,0.022369384765625,0.8187069892883301,
922,0.33951336145401,0.01181793212890625,0.3418765664100647,
923,0.8044913411140442,0.0240936279296875,0.8093093037605286,
924,0.3897519111633301,0.0169677734375,0.3931450843811035,
925,0.3955676853656769,0.01407623291015625,0.39838293194770813,
926,0.5248714089393616,0.014678955078125,0.52780681848526,
927,0.7102111577987671,0.022308349609375,0.7146743535995483,
928,1.1359142065048218,0.0221710205078125,1.140346884727478,
929,1.1971186399459839,0.027557373046875,1.202630877494812,
930,0.9086353182792664,0.0186309814453125,0.912362277507782,
931,0.9385464191436768,0.0226287841796875,0.943070650100708,
932,0.9550905823707581,0.02410888671875,0.9599123597145081,
933,0.7949570417404175,0.021881103515625,0.7993324995040894,
934,0.7082518935203552,0.022674560546875,0.7127875685691833,
935,0.5592894554138184,0.0189666748046875,0.5630831718444824,
936,0.6826695799827576,0.02044677734375,0.6867589354515076,
937,0.7387380599975586,0.0259552001953125,0.7439298629760742,
938,0.4692096412181854,0.0155792236328125,0.47232624888420105,
939,0.466056764125824,0.01390838623046875,0.4688376784324646,
940,0.6007862687110901,0.021514892578125,0.6050892472267151,
941,0.8194612860679626,0.021514892578125,0.8237642645835876,
942,0.7725082039833069,0.0214691162109375,0.7768035531044006,
943,1.1282464265823364,0.03289794921875,1.1348267793655396,
944,0.9021081328392029,0.023895263671875,0.906887948513031,
945,0.7130545973777771,0.0301055908203125,0.7190741896629333,
946,0.5170055031776428,0.01800537109375,0.5206065773963928,
947,0.6672311425209045,0.0270233154296875,0.6726365685462952,
948,1.7223036289215088,0.0305023193359375,1.7284033298492432,
949,0.5967636108398438,0.020843505859375,0.6009330749511719,
950,0.4979727566242218,0.0173492431640625,0.5014421939849854,
951,0.729712188243866,0.0240325927734375,0.7345187067985535,
952,0.8934258222579956,0.023468017578125,0.8981178998947144,
953,0.5229999423027039,0.02520751953125,0.5280429720878601,
954,0.7018194198608398,0.025360107421875,0.7068929672241211,
955,0.4686623811721802,0.017730712890625,0.4722081422805786,
956,0.43052375316619873,0.01548004150390625,0.4336193799972534,
957,0.6911590695381165,0.0183868408203125,0.694836437702179,
958,0.7662291526794434,0.0229949951171875,0.7708296775817871,
959,0.8825057744979858,0.0189971923828125,0.8863052129745483,
960,0.6613429188728333,0.0242462158203125,0.6661913990974426,
961,0.6815521121025085,0.01456451416015625,0.6844646334648132,
962,0.5378986597061157,0.0187225341796875,0.5416427850723267,
963,0.47941988706588745,0.0175018310546875,0.4829198718070984,
964,0.38514092564582825,0.01284027099609375,0.38770821690559387,
965,0.6045657396316528,0.0196990966796875,0.6085063219070435,
966,0.5953208804130554,0.019500732421875,0.599221408367157,
967,0.9338711500167847,0.0178680419921875,0.9374455213546753,
968,0.9011081457138062,0.022491455078125,0.905605673789978,
969,0.9195813536643982,0.021636962890625,0.9239072203636169,
970,0.28313982486724854,0.01016998291015625,0.28517305850982666,
971,0.822746992111206,0.0188751220703125,0.826521635055542,
972,0.7306985855102539,0.0179595947265625,0.7342901229858398,
973,0.8447403311729431,0.0252685546875,0.8497948050498962,
974,0.5501705408096313,0.015838623046875,0.5533386468887329,
975,0.6510220766067505,0.02142333984375,0.6553059816360474,
976,0.5402345657348633,0.0148773193359375,0.5432100296020508,
977,0.9466726183891296,0.0210113525390625,0.9508764147758484,
978,0.47491079568862915,0.0190277099609375,0.4787159562110901,
979,0.7908508777618408,0.02337646484375,0.7955276966094971,
980,0.6788345575332642,0.0186004638671875,0.6825538873672485,
981,0.8501315712928772,0.016754150390625,0.8534827828407288,
982,0.3688374161720276,0.01776123046875,0.37238889932632446,
983,0.9389186501502991,0.0184783935546875,0.9426150918006897,
984,0.4171832203865051,0.013702392578125,0.4199240803718567,
985,0.6670393347740173,0.0184326171875,0.6707262396812439,
986,0.3873383104801178,0.0160675048828125,0.39055219292640686,
987,0.5735659003257751,0.01422119140625,0.5764097571372986,
988,0.7884321212768555,0.0166015625,0.791752815246582,
989,0.765811026096344,0.022430419921875,0.770297110080719,
990,0.774876058101654,0.02294921875,0.7794651389122009,
991,0.46464958786964417,0.01751708984375,0.4681533873081207,
992,0.3903125822544098,0.01593017578125,0.39349785447120667,
993,0.748726487159729,0.0182647705078125,0.7523790597915649,
994,0.7349674105644226,0.0161590576171875,0.738198459148407,
995,0.5967121720314026,0.0170135498046875,0.6001148819923401,
996,0.6219742894172668,0.0229644775390625,0.6265671849250793,
997,0.33658385276794434,0.0167694091796875,0.3399369716644287,
998,0.8988750576972961,0.0177001953125,0.9024150967597961,
999,0.8807893991470337,0.025177001953125,0.8858247995376587,
1000,0.42097413539886475,0.0154876708984375,0.42407166957855225,51.14503816793893
1001,0.7944661974906921,0.0215911865234375,0.7987844347953796,
1002,0.579896092414856,0.015655517578125,0.5830279588699341,
1003,0.8202553391456604,0.0178375244140625,0.8238220810890198,
1004,0.5637044906616211,0.01497650146484375,0.5666990280151367,
1005,0.9720722436904907,0.0184173583984375,0.9757553339004517,
1006,0.57331383228302,0.0173797607421875,0.5767890214920044,
1007,1.0713411569595337,0.03240966796875,1.0778223276138306,
1008,0.6679757237434387,0.019287109375,0.6718323826789856,
1009,0.47522851824760437,0.01500701904296875,0.47823068499565125,
1010,0.7360813021659851,0.019805908203125,0.7400409579277039,
1011,0.3893263339996338,0.0169830322265625,0.39272332191467285,
1012,0.4861066937446594,0.013214111328125,0.48875027894973755,
1013,0.5331986546516418,0.01554107666015625,0.5363076329231262,
1014,0.49528732895851135,0.015625,0.4984115660190582,
1015,0.8376966118812561,0.0203399658203125,0.8417630791664124,
1016,0.372419148683548,0.01171875,0.37476328015327454,
1017,0.5314663052558899,0.015411376953125,0.5345485806465149,
1018,0.44748079776763916,0.01407623291015625,0.4502960443496704,
1019,1.494573950767517,0.0269012451171875,1.4999526739120483,
1020,0.7358307242393494,0.0227203369140625,0.7403740286827087,
1021,0.9742804765701294,0.0210113525390625,0.9784842729568481,
1022,0.5284891724586487,0.01824951171875,0.5321398377418518,
1023,0.3830496668815613,0.01236724853515625,0.3855234980583191,
1024,0.47689497470855713,0.01294708251953125,0.4794851541519165,
1025,0.3613329827785492,0.01264190673828125,0.36386212706565857,
1026,0.6238417625427246,0.01678466796875,0.6271986961364746,
1027,0.5430701971054077,0.0174407958984375,0.5465587377548218,
1028,0.49863284826278687,0.0162200927734375,0.5018772482872009,
1029,1.2854129076004028,0.0198516845703125,1.2893840074539185,
1030,0.740071713924408,0.01898193359375,0.7438673377037048,
1031,0.7451159954071045,0.021484375,0.7494113445281982,
1032,0.9238972067832947,0.02117919921875,0.9281315207481384,
1033,0.517284095287323,0.01033782958984375,0.5193516612052917,
1034,0.3446475565433502,0.011810302734375,0.3470088541507721,
1035,0.4799075722694397,0.014923095703125,0.48289257287979126,
1036,1.0245753526687622,0.02911376953125,1.030396580696106,
1037,0.4764786660671234,0.01654052734375,0.4797860085964203,
1038,0.5367487072944641,0.01384735107421875,0.5395181775093079,
1039,0.9258971214294434,0.024932861328125,0.9308829307556152,
1040,0.8173989057540894,0.0237274169921875,0.8221443891525269,
1041,0.5616347193717957,0.01540374755859375,0.5647150874137878,
1042,0.5724895596504211,0.01508331298828125,0.5755069851875305,
1043,0.7126837968826294,0.0192108154296875,0.7165251970291138,
1044,0.6204088926315308,0.018096923828125,0.6240290403366089,
1045,0.39260947704315186,0.0139007568359375,0.3953903913497925,
1046,0.4274492859840393,0.01100921630859375,0.42965036630630493,
1047,0.6678857803344727,0.0181121826171875,0.6715078353881836,
1048,0.5382224917411804,0.01552581787109375,0.5413276553153992,
1049,0.5367593169212341,0.0151519775390625,0.5397900938987732,
1050,0.7848997712135315,0.0226898193359375,0.7894392609596252,
1051,1.0284810066223145,0.0259552001953125,1.03367280960083,
1052,0.7300904393196106,0.0180511474609375,0.7337010502815247,
1053,0.8501845002174377,0.0172119140625,0.8536272644996643,
1054,0.814337968826294,0.0247039794921875,0.8192780017852783,
1055,0.419625848531723,0.012939453125,0.4222141206264496,
1056,0.335056334733963,0.0113677978515625,0.3373298943042755,
1057,0.9270855784416199,0.0290374755859375,0.9328915476799011,
1058,0.5826844573020935,0.0163116455078125,0.5859460234642029,
1059,0.6225603818893433,0.0246429443359375,0.6274889707565308,
1060,0.4656626582145691,0.00934600830078125,0.46753185987472534,
1061,0.7037565112113953,0.01409912109375,0.7065755724906921,
1062,0.3835921287536621,0.00897979736328125,0.3853878974914551,
1063,0.5971370339393616,0.0146484375,0.6000667214393616,
1064,0.7069402933120728,0.0189056396484375,0.7107206583023071,
1065,0.42608189582824707,0.0171356201171875,0.42950940132141113,
1066,0.54012131690979,0.01337432861328125,0.5427954196929932,
1067,0.324675589799881,0.007686614990234375,0.32621291279792786,
1068,0.5276895761489868,0.016357421875,0.5309606790542603,
1069,0.4528864920139313,0.01788330078125,0.4564627707004547,
1070,0.7529902458190918,0.01226043701171875,0.7554430961608887,
1071,0.5601394772529602,0.0182342529296875,0.5637863278388977,
1072,0.7635398507118225,0.0178070068359375,0.7671008706092834,
1073,0.6263087391853333,0.0172882080078125,0.6297667622566223,
1074,0.5146627426147461,0.01410675048828125,0.5174837112426758,
1075,0.4772154986858368,0.0157928466796875,0.4803740680217743,
1076,0.4822562634944916,0.01342010498046875,0.48493990302085876,
1077,0.5943131446838379,0.0160064697265625,0.5975136756896973,
1078,0.6237373948097229,0.0170440673828125,0.6271458268165588,
1079,0.994817316532135,0.02044677734375,0.998906672000885,
1080,0.6650426387786865,0.02191162109375,0.6694257259368896,
1081,0.8908820748329163,0.02032470703125,0.8949485421180725,
1082,0.49974900484085083,0.014739990234375,0.502697765827179,
1083,0.5717623233795166,0.01389312744140625,0.5745413303375244,
1084,1.0483888387680054,0.0182647705078125,1.0520414113998413,
1085,0.5059227347373962,0.0159912109375,0.5091213583946228,
1086,0.8348276615142822,0.0193328857421875,0.8386938571929932,
1087,0.5294014811515808,0.0198211669921875,0.5333649516105652,
1088,0.6803597211837769,0.019195556640625,0.6841992139816284,
1089,1.1311298608779907,0.0236053466796875,1.1358524560928345,
1090,0.47933855652809143,0.01490020751953125,0.48231783509254456,
1091,1.008325457572937,0.0192108154296875,1.0121668577194214,
1092,0.5620489120483398,0.0268096923828125,0.5674123764038086,
1093,0.9481826424598694,0.025390625,0.9532600045204163,
1094,0.6667097806930542,0.01824951171875,0.6703604459762573,
1095,0.31604427099227905,0.0125885009765625,0.31856197118759155,
1096,0.31083834171295166,0.01561737060546875,0.31396257877349854,
1097,0.6745587587356567,0.0207366943359375,0.6787053346633911,
1098,0.5807444453239441,0.0172271728515625,0.5841891169548035,
1099,0.49198323488235474,0.0200653076171875,0.49599629640579224,
1100,1.2446324825286865,0.025115966796875,1.2496564388275146,
1101,0.6246121525764465,0.015838623046875,0.6277802586555481,
1102,0.9444888830184937,0.0175018310546875,0.9479888677597046,
1103,0.41975137591362,0.01433563232421875,0.4226181209087372,
1104,0.6543742418289185,0.0178070068359375,0.6579352617263794,
1105,0.4864647686481476,0.01284027099609375,0.4890320599079132,
1106,0.5341470837593079,0.01806640625,0.5377596020698547,
1107,1.2355438470840454,0.0237274169921875,1.240289330482483,
1108,0.6343117356300354,0.01666259765625,0.6376438736915588,
1109,0.7349035143852234,0.0201873779296875,0.7389394640922546,
1110,0.8400062322616577,0.0180206298828125,0.8436111211776733,
1111,0.9719759821891785,0.0201568603515625,0.9760081171989441,
1112,0.957128643989563,0.0168304443359375,0.960495114326477,
1113,0.8590061664581299,0.02093505859375,0.8631947040557861,
1114,0.7842531800270081,0.0168914794921875,0.787631094455719,
1115,0.789006769657135,0.018890380859375,0.7927852272987366,
1116,1.060310959815979,0.01678466796875,1.063667893409729,
1117,0.5520506501197815,0.0129241943359375,0.5546351075172424,
1118,0.8069724440574646,0.0207977294921875,0.8111304640769958,
1119,0.3604976236820221,0.014312744140625,0.36336055397987366,
1120,0.6194103360176086,0.0198211669921875,0.623373806476593,
1121,0.5116055011749268,0.0133819580078125,0.5142815113067627,
1122,0.8716951608657837,0.0295257568359375,0.8776003122329712,
1123,0.34593087434768677,0.01548004150390625,0.34902650117874146,
1124,1.022594928741455,0.0235748291015625,1.0273098945617676,
1125,0.6143214106559753,0.01678466796875,0.6176783442497253,
1126,0.5715437531471252,0.0179443359375,0.5751333832740784,
1127,0.2657591700553894,0.01183319091796875,0.2681261897087097,
1128,0.43904560804367065,0.01160430908203125,0.44136685132980347,
1129,1.3094278573989868,0.0214691162109375,1.3137232065200806,
1130,0.6939775943756104,0.021728515625,0.6983225345611572,
1131,0.5687126517295837,0.02044677734375,0.5728020071983337,
1132,0.35381317138671875,0.0105438232421875,0.3559226989746094,
1133,0.3271789252758026,0.0086517333984375,0.32890889048576355,
1134,0.8196882009506226,0.023193359375,0.8243268728256226,
1135,0.728315532207489,0.01806640625,0.7319280505180359,
1136,0.4435232877731323,0.01543426513671875,0.44660937786102295,
1137,0.6882475018501282,0.02105712890625,0.6924589276313782,
1138,0.3456213176250458,0.01227569580078125,0.34807607531547546,
1139,0.5252195000648499,0.0143585205078125,0.5280919671058655,
1140,0.4203583300113678,0.012359619140625,0.4228302538394928,
1141,0.38160401582717896,0.01224517822265625,0.3840530514717102,
1142,1.0683612823486328,0.0205841064453125,1.0724773406982422,
1143,0.9272206425666809,0.018798828125,0.9309800267219543,
1144,0.7346356511116028,0.0192413330078125,0.7384846806526184,
1145,1.0615609884262085,0.02239990234375,1.0660394430160522,
1146,0.957931637763977,0.02471923828125,0.962875485420227,
1147,0.6150168776512146,0.0282440185546875,0.6206664443016052,
1148,0.6995642781257629,0.0185699462890625,0.7032778859138489,
1149,0.748752772808075,0.01800537109375,0.752353847026825,
1150,0.5024144053459167,0.01194000244140625,0.504802405834198,
1151,0.37067586183547974,0.01517486572265625,0.3737104535102844,
1152,0.875603437423706,0.020355224609375,0.8796737194061279,
1153,1.008963942527771,0.0201568603515625,1.0129960775375366,
1154,1.0202109813690186,0.02008056640625,1.0242278575897217,
1155,1.7518335580825806,0.027679443359375,1.7573686838150024,
1156,0.5244559049606323,0.017822265625,0.5280207395553589,
1157,0.4494601786136627,0.017608642578125,0.4529811441898346,
1158,0.4774361848831177,0.018096923828125,0.4810563325881958,
1159,0.6914798617362976,0.021209716796875,0.6957218050956726,
1160,0.9445692896842957,0.0183868408203125,0.9482466578483582,
1161,0.6529176235198975,0.024932861328125,0.6579034328460693,
1162,0.9731108546257019,0.0234222412109375,0.9777953028678894,
1163,0.848318338394165,0.018157958984375,0.85194993019104,
1164,0.9065934419631958,0.026153564453125,0.9118233919143677,
1165,0.5664377212524414,0.01317596435546875,0.5690736770629883,
1166,0.569155216217041,0.0166473388671875,0.5724854469299316,
1167,0.7554430365562439,0.0182342529296875,0.7590898871421814,
1168,0.4775960147380829,0.0170745849609375,0.48101016879081726,
1169,0.4971551299095154,0.0140838623046875,0.49997228384017944,
1170,0.6093032360076904,0.0185089111328125,0.6130053997039795,
1171,0.5772849321365356,0.014617919921875,0.5802088975906372,
1172,0.7493149042129517,0.017669677734375,0.7528492212295532,
1173,0.9477167129516602,0.0211181640625,0.951939582824707,
1174,0.6151292324066162,0.015899658203125,0.6183087825775146,
1175,0.6509975790977478,0.0138397216796875,0.6537651419639587,
1176,0.7480326890945435,0.01812744140625,0.75165855884552,
1177,0.5726802945137024,0.017059326171875,0.576092541217804,
1178,0.38324713706970215,0.01190948486328125,0.38562941551208496,
1179,1.4414594173431396,0.025726318359375,1.4466054439544678,
1180,0.6276596188545227,0.017364501953125,0.6311329007148743,
1181,0.7524005174636841,0.0169219970703125,0.7557841539382935,
1182,0.5013346672058105,0.01319122314453125,0.5039725303649902,
1183,0.9145816564559937,0.0214996337890625,0.918880820274353,
1184,1.0762739181518555,0.0200347900390625,1.0802793502807617,
1185,0.41862753033638,0.0097503662109375,0.4205777943134308,
1186,0.4313521683216095,0.016143798828125,0.43458130955696106,
1187,0.8270423412322998,0.020416259765625,0.8311240673065186,
1188,0.5066521167755127,0.0167388916015625,0.5099995136260986,
1189,1.4808924198150635,0.0286865234375,1.4866297245025635,
1190,0.3225497305393219,0.0205078125,0.3266505300998688,
1191,0.7500067353248596,0.019195556640625,0.7538462281227112,
1192,0.6318977475166321,0.0171051025390625,0.6353195309638977,
1193,0.8479102849960327,0.018402099609375,0.8515914678573608,
1194,1.3637889623641968,0.025299072265625,1.3688472509384155,
1195,0.5428835153579712,0.0172882080078125,0.5463415384292603,
1196,0.6375734210014343,0.0182037353515625,0.6412145495414734,
1197,0.44003257155418396,0.0130615234375,0.4426456391811371,
1198,0.5872061848640442,0.0166015625,0.5905268788337708,
1199,0.513515830039978,0.016082763671875,0.5167316198348999,
1200,0.5818527340888977,0.01320648193359375,0.584494411945343,
1201,0.8945332169532776,0.01947021484375,0.8984280228614807,
1202,0.3817881643772125,0.009033203125,0.38359442353248596,
1203,0.6748461723327637,0.01690673828125,0.6782279014587402,
1204,0.562021791934967,0.00970458984375,0.5639625191688538,
1205,0.8501850962638855,0.0184478759765625,0.8538739085197449,
1206,0.5390685200691223,0.017547607421875,0.5425780415534973,
1207,0.9734129309654236,0.0202484130859375,0.9774641394615173,
1208,0.7884359359741211,0.0188446044921875,0.7922048568725586,
1209,0.8095385432243347,0.017852783203125,0.8131090998649597,
1210,0.6589955687522888,0.01467132568359375,0.6619290709495544,
1211,0.4754502773284912,0.0126190185546875,0.47797369956970215,
1212,0.8627150654792786,0.01447296142578125,0.8656104207038879,
1213,0.6673553586006165,0.0173797607421875,0.6708305478096008,
1214,0.6527419090270996,0.00997161865234375,0.6547369956970215,
1215,0.9789433479309082,0.0180206298828125,0.9825482368469238,
1216,0.640821635723114,0.0206298828125,0.6449491381645203,
1217,0.3419713079929352,0.0140838623046875,0.34478846192359924,
1218,0.9452983140945435,0.01529693603515625,0.9483577013015747,
1219,0.9407188892364502,0.0184326171875,0.9444057941436768,
1220,0.8907042145729065,0.0175018310546875,0.8942041993141174,
1221,0.8182650208473206,0.0216522216796875,0.8225947022438049,
1222,0.7339926958084106,0.0152740478515625,0.7370482683181763,
1223,0.916287362575531,0.0172882080078125,0.9197453856468201,
1224,0.4152701497077942,0.0135650634765625,0.41798239946365356,
1225,0.23024679720401764,0.01122283935546875,0.23249174654483795,
1226,0.3769569396972656,0.012908935546875,0.37953948974609375,
1227,1.1043798923492432,0.0227508544921875,1.1089308261871338,
1228,0.6094203591346741,0.0158233642578125,0.61258465051651,
1229,0.5741666555404663,0.0193939208984375,0.5780462026596069,
1230,0.7188321948051453,0.0137481689453125,0.7215825915336609,
1231,0.3764333128929138,0.01361846923828125,0.37915700674057007,
1232,0.4840039908885956,0.012451171875,0.4864949882030487,
1233,0.519480288028717,0.0153350830078125,0.5225473046302795,
1234,0.4696313142776489,0.01207733154296875,0.47204601764678955,
1235,0.3562217056751251,0.0113677978515625,0.3584952652454376,
1236,0.7039104700088501,0.0151519775390625,0.7069412469863892,
1237,0.6084708571434021,0.017822265625,0.6120356917381287,
1238,0.5995771884918213,0.0183563232421875,0.6032488346099854,
1239,0.9652566313743591,0.022857666015625,0.9698266386985779,
1240,0.8410634398460388,0.021942138671875,0.8454503417015076,
1241,0.4964252710342407,0.01446533203125,0.4993187189102173,
1242,0.3206433057785034,0.00984954833984375,0.32261359691619873,
1243,0.6693606376647949,0.01314544677734375,0.6719889640808105,
1244,1.224611520767212,0.0223236083984375,1.2290747165679932,
1245,0.48374101519584656,0.015960693359375,0.4869339168071747,
1246,0.7036961913108826,0.01727294921875,0.707150399684906,
1247,0.7404168844223022,0.0199737548828125,0.7444108724594116,
1248,0.6934419870376587,0.018463134765625,0.6971346139907837,
1249,0.5446364283561707,0.016693115234375,0.5479742884635925,
1250,0.3762739896774292,0.01116180419921875,0.3785055875778198,
1251,0.6896523237228394,0.017059326171875,0.6930645704269409,
1252,0.6086201667785645,0.0157318115234375,0.6117672920227051,
1253,0.99964839220047,0.0261383056640625,1.0048744678497314,
1254,0.6356154084205627,0.019317626953125,0.6394796967506409,
1255,0.8209524154663086,0.017578125,0.824467658996582,
1256,0.6696710586547852,0.0233612060546875,0.6743440628051758,
1257,0.9758394956588745,0.028900146484375,0.9816187620162964,
1258,0.5367957353591919,0.01153564453125,0.539103627204895,
1259,0.8453882336616516,0.020721435546875,0.8495309948921204,
1260,0.6573497653007507,0.01727294921875,0.6608039736747742,
1261,0.612708568572998,0.015594482421875,0.6158270835876465,
1262,1.2676832675933838,0.0218353271484375,1.2720510959625244,
1263,0.7960024476051331,0.0189208984375,0.7997866272926331,
1264,0.8846031427383423,0.017822265625,0.8881679773330688,
1265,0.5954262614250183,0.01436614990234375,0.5982987284660339,
1266,0.6877913475036621,0.01445770263671875,0.6906828880310059,
1267,0.8462369441986084,0.021148681640625,0.8504674434661865,
1268,0.6453977227210999,0.017333984375,0.648865282535553,
1269,0.45151713490486145,0.010772705078125,0.4536724388599396,
1270,0.9212247133255005,0.01519012451171875,0.9242631196975708,
1271,0.80555659532547,0.0168304443359375,0.808923065662384,
1272,0.601146936416626,0.01201629638671875,0.6035501956939697,
1273,0.7390921711921692,0.01947021484375,0.7429869771003723,
1274,0.613590657711029,0.0147705078125,0.6165451407432556,
1275,0.4920957386493683,0.0115509033203125,0.4944055378437042,
1276,0.7920342087745667,0.0188751220703125,0.7958088517189026,
1277,0.81047123670578,0.014739990234375,0.8134199976921082,
1278,0.2555406987667084,0.00901031494140625,0.2573431432247162,
1279,0.6656057238578796,0.01389312744140625,0.6683847308158875,
1280,0.3413446247577667,0.01320648193359375,0.34398630261421204,
1281,0.30581605434417725,0.0107269287109375,0.3079618215560913,
1282,0.6145867109298706,0.0164947509765625,0.6178864240646362,
1283,0.6115185618400574,0.0163116455078125,0.6147801280021667,
1284,0.5302858948707581,0.01271820068359375,0.5328302979469299,
1285,0.49845486879348755,0.0130462646484375,0.501064121723175,
1286,0.6399959921836853,0.0152740478515625,0.6430515646934509,
1287,0.5830757021903992,0.01409912109375,0.585894763469696,
1288,0.486197829246521,0.01381683349609375,0.4889615774154663,
1289,0.5497490763664246,0.01322174072265625,0.5523926615715027,
1290,0.8661597371101379,0.021484375,0.8704550862312317,
1291,0.5731428861618042,0.01216888427734375,0.575576663017273,
1292,0.9607188105583191,0.01367950439453125,0.9634539484977722,
1293,0.6120265126228333,0.01470947265625,0.6149676442146301,
1294,0.34200114011764526,0.00836944580078125,0.34367483854293823,
1295,0.6526646018028259,0.01276397705078125,0.655216634273529,
1296,0.636191725730896,0.01654052734375,0.6394990682601929,
1297,0.9686521291732788,0.019073486328125,0.9724668264389038,
1298,0.5045228004455566,0.014739990234375,0.5074715614318848,
1299,0.5742198824882507,0.01114654541015625,0.5764495730400085,
1300,0.5479809045791626,0.01434326171875,0.5508495569229126,
1301,0.7401247620582581,0.01085662841796875,0.7422953248023987,
1302,0.557913601398468,0.011260986328125,0.5601661801338196,
1303,0.727944016456604,0.02154541015625,0.7322546243667603,
1304,0.4256698191165924,0.016510009765625,0.42897143959999084,
1305,0.5640600919723511,0.0123443603515625,0.5665282011032104,
1306,0.5871441960334778,0.01486968994140625,0.5901177525520325,
1307,0.2732352018356323,0.0110015869140625,0.27543628215789795,
1308,0.3463805019855499,0.01401519775390625,0.3491843044757843,
1309,0.6490976214408875,0.014556884765625,0.6520082354545593,
1310,0.8663806319236755,0.018402099609375,0.8700618147850037,
1311,0.2989312410354614,0.00991058349609375,0.3009129762649536,
1312,0.756708562374115,0.0159912109375,0.7599071860313416,
1313,0.7188907265663147,0.0181121826171875,0.7225127816200256,
1314,0.4192848205566406,0.01230621337890625,0.42174530029296875,
1315,0.8454998731613159,0.0156097412109375,0.84862220287323,
1316,1.1943402290344238,0.0228118896484375,1.1989026069641113,
1317,0.5433705449104309,0.01435089111328125,0.5462411046028137,
1318,0.8915278315544128,0.0195465087890625,0.8954378962516785,
1319,0.7820257544517517,0.021270751953125,0.7862791419029236,
1320,0.6572558283805847,0.01641845703125,0.6605402827262878,
1321,0.6182199716567993,0.0226287841796875,0.6227442026138306,
1322,1.1234019994735718,0.023040771484375,1.1280101537704468,
1323,0.4744361340999603,0.0165252685546875,0.4777415692806244,
1324,0.7804624438285828,0.01512908935546875,0.7834874987602234,
1325,0.27899667620658875,0.0118255615234375,0.28136178851127625,
1326,0.44226017594337463,0.01213836669921875,0.44468823075294495,
1327,0.5270275473594666,0.023834228515625,0.5317959189414978,
1328,0.7170747518539429,0.01519775390625,0.720115065574646,
1329,0.7525098323822021,0.016937255859375,0.7558972835540771,
1330,0.8893190026283264,0.026702880859375,0.8946595788002014,
1331,0.6232121586799622,0.019012451171875,0.6270154118537903,
1332,0.5436223149299622,0.01194000244140625,0.5460103154182434,
1333,0.553687334060669,0.0162811279296875,0.5569431781768799,
1334,1.0052915811538696,0.0229949951171875,1.0098921060562134,
1335,0.5368619561195374,0.01262664794921875,0.5393872857093811,
1336,0.7460092306137085,0.016021728515625,0.7492135763168335,
1337,0.6376177668571472,0.01373291015625,0.6403643488883972,
1338,0.6582098603248596,0.01514434814453125,0.6612387299537659,
1339,0.6739758849143982,0.01580810546875,0.6771382689476013,
1340,1.0148136615753174,0.0200347900390625,1.0188190937042236,
1341,0.33601388335227966,0.01021575927734375,0.33805665373802185,
1342,0.4145365059375763,0.01010894775390625,0.41655829548835754,
1343,0.5975313186645508,0.014495849609375,0.6004304885864258,
1344,0.513883650302887,0.01448822021484375,0.5167809128761292,
1345,0.2929318845272064,0.0108795166015625,0.2951081693172455,
1346,0.8556028604507446,0.0173492431640625,0.8590723276138306,
1347,0.531067967414856,0.0167236328125,0.5344134569168091,
1348,1.0723704099655151,0.01464080810546875,1.0752981901168823,
1349,0.5722358822822571,0.016632080078125,0.5755622982978821,
1350,0.4843960106372833,0.00807952880859375,0.4860115349292755,
1351,0.6806217432022095,0.018280029296875,0.684278130531311,
1352,0.46648329496383667,0.012054443359375,0.46889418363571167,
1353,0.46864622831344604,0.0106964111328125,0.47078627347946167,
1354,0.31280019879341125,0.0101470947265625,0.31482961773872375,
1355,0.3169310986995697,0.00942230224609375,0.31881555914878845,
1356,0.7789360880851746,0.0202789306640625,0.7829911112785339,
1357,0.6530941724777222,0.0159454345703125,0.6562832593917847,
1358,0.8307427167892456,0.0222015380859375,0.8351830244064331,
1359,0.8272132277488708,0.02301025390625,0.8318137526512146,
1360,0.564761221408844,0.01556396484375,0.567874014377594,
1361,0.3605818450450897,0.01328277587890625,0.36323878169059753,
1362,1.5798901319503784,0.0227203369140625,1.5844334363937378,
1363,0.636995792388916,0.019805908203125,0.6409554481506348,
1364,0.3030617833137512,0.01088714599609375,0.3052399754524231,
1365,0.7235843539237976,0.0181427001953125,0.727212131023407,
1366,0.32560083270072937,0.010772705078125,0.3277561366558075,
1367,0.4191199541091919,0.01267242431640625,0.4216548204421997,
1368,0.8230989575386047,0.0173797607421875,0.8265741467475891,
1369,1.3455054759979248,0.0243682861328125,1.3503806591033936,
1370,0.9845858216285706,0.020477294921875,0.9886828064918518,
1371,0.23747071623802185,0.009765625,0.23942384123802185,
1372,0.4318068325519562,0.0122222900390625,0.4342520534992218,
1373,0.9786481261253357,0.0230865478515625,0.9832639098167419,
1374,0.7527625560760498,0.0240325927734375,0.7575690746307373,
1375,0.8173673748970032,0.019287109375,0.82122403383255,
1376,0.6162826418876648,0.01904296875,0.6200916171073914,
1377,0.5136802196502686,0.0173187255859375,0.517143964767456,
1378,0.8294265270233154,0.019683837890625,0.8333632946014404,
1379,0.3300262689590454,0.0128021240234375,0.3325859308242798,
1380,0.8104685544967651,0.0204620361328125,0.8145617246627808,
1381,0.460256963968277,0.01053619384765625,0.4623645842075348,
1382,0.9207507967948914,0.022735595703125,0.9252979159355164,
1383,0.7398638129234314,0.01409912109375,0.7426828742027283,
1384,0.8216421008110046,0.016571044921875,0.8249570727348328,
1385,0.9052281379699707,0.0231170654296875,0.9098515510559082,
1386,0.6155998706817627,0.015869140625,0.6187736988067627,
1387,0.8080610036849976,0.02197265625,0.8124555349349976,
1388,0.8387728333473206,0.0220489501953125,0.8431826233863831,
1389,0.6432518362998962,0.0165557861328125,0.6465629935264587,
1390,0.73464435338974,0.0201873779296875,0.7386803030967712,
1391,1.0798132419586182,0.02142333984375,1.084097146987915,
1392,0.5678730607032776,0.014251708984375,0.5707226395606995,
1393,0.8468251824378967,0.0187530517578125,0.8505750298500061,
1394,0.9659202694892883,0.0157470703125,0.9690693020820618,
1395,0.7359991073608398,0.016845703125,0.7393674850463867,
1396,0.952926516532898,0.019134521484375,0.9567526578903198,
1397,0.5532804131507874,0.0182342529296875,0.5569272637367249,
1398,1.1141430139541626,0.0192718505859375,1.1179977655410767,
1399,0.5111035704612732,0.01335906982421875,0.5137757658958435,
1400,1.1332720518112183,0.0189208984375,1.1370562314987183,
1401,0.3858225643634796,0.01226806640625,0.3882754147052765,
1402,0.742369532585144,0.01540374755859375,0.7454499006271362,
1403,1.226786732673645,0.0207977294921875,1.2309447526931763,
1404,0.3063119649887085,0.01103973388671875,0.30852067470550537,
1405,0.4851967990398407,0.01197052001953125,0.4875905215740204,
1406,0.2922484576702118,0.00934600830078125,0.29411765933036804,
1407,0.5591153502464294,0.01424407958984375,0.5619649291038513,
1408,0.4508727192878723,0.01204681396484375,0.4532817006111145,
1409,0.3855113387107849,0.0113372802734375,0.387779176235199,
1410,0.7411171793937683,0.0174560546875,0.7446076273918152,
1411,0.506160318851471,0.01119232177734375,0.5083995461463928,
1412,0.47196316719055176,0.00957489013671875,0.4738781452178955,
1413,0.5855556726455688,0.01503753662109375,0.5885635614395142,
1414,0.5011765956878662,0.01044464111328125,0.5032651424407959,
1415,0.6888019442558289,0.015350341796875,0.691872775554657,
1416,0.9565815329551697,0.01412200927734375,0.959406316280365,
1417,0.554070234298706,0.01239013671875,0.5565478801727295,
1418,0.6700266003608704,0.0146026611328125,0.6729467511177063,
1419,0.6462099552154541,0.01239013671875,0.6486876010894775,
1420,0.8672810792922974,0.0167236328125,0.8706265687942505,
1421,0.48804590106010437,0.01136016845703125,0.49031755328178406,
1422,0.9179765582084656,0.0183563232421875,0.9216482043266296,
1423,0.6684333086013794,0.016387939453125,0.6717101335525513,
1424,0.5195444822311401,0.013031005859375,0.522149920463562,
1425,1.1531413793563843,0.0152435302734375,1.1561893224716187,
1426,0.7289080023765564,0.0155792236328125,0.732024610042572,
1427,0.8509693741798401,0.0167236328125,0.8543148636817932,
1428,0.6420387625694275,0.014862060546875,0.6450104117393494,
1429,0.7250738143920898,0.016693115234375,0.7284116744995117,
1430,0.9010390043258667,0.02191162109375,0.9054220914840698,
1431,0.72712641954422,0.017974853515625,0.7307217717170715,
1432,0.35544857382774353,0.0133056640625,0.35810932517051697,
1433,1.0887606143951416,0.0227813720703125,1.0933153629302979,
1434,0.4123828709125519,0.01129150390625,0.4146411716938019,
1435,0.6531059741973877,0.0210418701171875,0.6573135852813721,
1436,0.3056242763996124,0.0113983154296875,0.30790355801582336,
1437,0.9388620257377625,0.01409912109375,0.9416810870170593,
1438,1.3924363851547241,0.018310546875,1.3960984945297241,
1439,0.5919716358184814,0.0142059326171875,0.5948135852813721,
1440,0.40280938148498535,0.01154327392578125,0.4051172733306885,
1441,0.6698088049888611,0.0169677734375,0.6732019782066345,
1442,0.5053324699401855,0.01267242431640625,0.5078673362731934,
1443,0.4990391135215759,0.01280975341796875,0.5016006827354431,
1444,0.3160967528820038,0.00797271728515625,0.31769129633903503,
1445,0.6735631823539734,0.01145172119140625,0.6758539080619812,
1446,0.44100457429885864,0.01158905029296875,0.44332200288772583,
1447,0.3702335059642792,0.01033782958984375,0.3723010718822479,
1448,0.6618047952651978,0.01345062255859375,0.6644941568374634,
1449,0.46980020403862,0.0119171142578125,0.4721843898296356,
1450,0.6241773366928101,0.0171966552734375,0.627616286277771,
1451,0.5179911255836487,0.01403045654296875,0.5207968354225159,
1452,0.7585185170173645,0.0160675048828125,0.7617323994636536,
1453,0.6820672154426575,0.0156402587890625,0.68519526720047,
1454,0.9955626726150513,0.0177001953125,0.9991027116775513,
1455,0.5829852819442749,0.0157318115234375,0.5861324071884155,
1456,0.5260212421417236,0.014190673828125,0.5288593769073486,
1457,0.3754763603210449,0.01218414306640625,0.3779139518737793,
1458,1.0279994010925293,0.0208587646484375,1.032172679901123,
1459,1.164817214012146,0.0269012451171875,1.1701959371566772,
1460,0.6366826295852661,0.0169677734375,0.6400758028030396,
1461,0.5006137490272522,0.013580322265625,0.5033298134803772,
1462,0.5774902701377869,0.0188140869140625,0.5812534689903259,
1463,0.4133933484554291,0.01525115966796875,0.41644319891929626,
1464,0.9514312148094177,0.02130126953125,0.9556922316551208,
1465,0.8977778553962708,0.0248260498046875,0.9027445912361145,
1466,0.7467164397239685,0.01532745361328125,0.7497815489768982,
1467,0.7356387972831726,0.018951416015625,0.739428699016571,
1468,0.7711266279220581,0.015625,0.774250864982605,
1469,0.9029132723808289,0.0186004638671875,0.9066326022148132,
1470,0.5909489393234253,0.0205230712890625,0.5950535535812378,
1471,0.7149909138679504,0.01329803466796875,0.7176497578620911,
1472,1.039160132408142,0.0199127197265625,1.0431426763534546,
1473,0.29898175597190857,0.01015472412109375,0.3010130822658539,
1474,0.8051376342773438,0.0162200927734375,0.8083820343017578,
1475,0.4923419654369354,0.012481689453125,0.494838684797287,
1476,0.3489013910293579,0.01093292236328125,0.35108721256256104,
1477,0.46281999349594116,0.01149749755859375,0.46512025594711304,
1478,0.686988115310669,0.0169677734375,0.6903812885284424,
1479,0.4964291453361511,0.01071929931640625,0.4985730051994324,
1480,0.7404274344444275,0.0160064697265625,0.7436279654502869,
1481,0.7986559271812439,0.0182952880859375,0.8023142218589783,
1482,1.0007811784744263,0.01538848876953125,1.0038596391677856,
1483,0.6840793490409851,0.01776123046875,0.687630832195282,
1484,0.6332706212997437,0.013458251953125,0.6359618902206421,
1485,0.895973265171051,0.0134429931640625,0.8986626267433167,
1486,1.0489569902420044,0.01617431640625,1.0521918535232544,
1487,0.8725342750549316,0.015838623046875,0.8757023811340332,
1488,0.6019954085350037,0.01263427734375,0.6045226454734802,
1489,0.6324743628501892,0.01477813720703125,0.6354307532310486,
1490,0.7599130272865295,0.014801025390625,0.7628732323646545,
1491,0.7208990454673767,0.01445770263671875,0.7237905859947205,
1492,0.7160521149635315,0.0142822265625,0.7189093232154846,
1493,0.9659813642501831,0.0182037353515625,0.9696224927902222,
1494,0.44952392578125,0.01210784912109375,0.4519462585449219,
1495,0.926487386226654,0.0135345458984375,0.929193913936615,
1496,0.7643109560012817,0.0174560546875,0.7678014039993286,
1497,0.5778298377990723,0.0126800537109375,0.5803666114807129,
1498,0.7730761170387268,0.0194244384765625,0.7769613862037659,
1499,0.5796412825584412,0.01470184326171875,0.582582414150238,
1500,0.7028887271881104,0.01432037353515625,0.7057535648345947,
1501,0.7064099311828613,0.0152740478515625,0.709465503692627,
1502,0.54050612449646,0.01273345947265625,0.5430524349212646,
1503,0.9468777179718018,0.016632080078125,0.9502041339874268,
1504,0.7410954833030701,0.01355743408203125,0.7438077330589294,
1505,0.40508246421813965,0.0106353759765625,0.4072091579437256,
1506,0.6019222736358643,0.013275146484375,0.6045773029327393,
1507,0.5486119985580444,0.0138092041015625,0.5513738393783569,
1508,0.9284536242485046,0.015289306640625,0.9315111041069031,
1509,0.7711150646209717,0.0130767822265625,0.7737300395965576,
1510,0.3531525731086731,0.01091766357421875,0.3553364872932434,
1511,0.7537773251533508,0.015960693359375,0.756970226764679,
1512,0.661286473274231,0.0166778564453125,0.66462242603302,
1513,0.4929735064506531,0.011444091796875,0.4952623248100281,
1514,1.0065248012542725,0.0203857421875,1.0106027126312256,
1515,0.5696883201599121,0.01454925537109375,0.572598934173584,
1516,0.4533272385597229,0.01102447509765625,0.45553213357925415,
1517,0.5908783078193665,0.0146942138671875,0.5938175320625305,
1518,0.9573516249656677,0.01306915283203125,0.9599646925926208,
1519,0.3997642993927002,0.01293182373046875,0.40235066413879395,
1520,0.37506812810897827,0.017578125,0.3785833716392517,
1521,0.45144593715667725,0.01617431640625,0.45468080043792725,
1522,0.965552806854248,0.0146636962890625,0.9684863090515137,
1523,0.3918401896953583,0.01209259033203125,0.3942587077617645,
1524,0.8848989605903625,0.01427459716796875,0.8877542614936829,
1525,0.3214312493801117,0.00963592529296875,0.3233586251735687,
1526,0.8224971890449524,0.0209808349609375,0.8266933560371399,
1527,0.7351219654083252,0.01259613037109375,0.7376415729522705,
1528,1.1369297504425049,0.01910400390625,1.1407501697540283,
1529,0.32751280069351196,0.0121002197265625,0.329933226108551,
1530,0.9634300470352173,0.01861572265625,0.9671531915664673,
1531,1.290942907333374,0.0221099853515625,1.2953641414642334,
1532,0.588019609451294,0.0121307373046875,0.5904457569122314,
1533,0.5657151937484741,0.0196685791015625,0.5696481466293335,
1534,0.8772322535514832,0.0194854736328125,0.8811289668083191,
1535,0.8729706406593323,0.0201263427734375,0.8769951462745667,
1536,0.566310703754425,0.015380859375,0.5693872570991516,
1537,0.7347609400749207,0.01216888427734375,0.7371947169303894,
1538,0.9793338179588318,0.0179443359375,0.9829234480857849,
1539,0.3798876106739044,0.010894775390625,0.3820658028125763,
1540,0.9178935885429382,0.01513671875,0.9209205508232117,
1541,0.604626476764679,0.01261138916015625,0.6071479916572571,
1542,0.6498829126358032,0.016998291015625,0.6532818078994751,
1543,0.6725866198539734,0.0114898681640625,0.6748849749565125,
1544,1.018692970275879,0.017059326171875,1.0221052169799805,
1545,0.6247398853302002,0.01513671875,0.6277668476104736,
1546,0.8326552510261536,0.01483917236328125,0.8356230854988098,
1547,0.7348237633705139,0.0137176513671875,0.7375665307044983,
1548,1.109971523284912,0.0167999267578125,1.1133322715759277,
1549,0.6446999907493591,0.01374053955078125,0.6474484801292419,
1550,0.38091588020324707,0.00782012939453125,0.3824799060821533,
1551,0.8658355474472046,0.015838623046875,0.8690036535263062,
1552,0.9314922094345093,0.017791748046875,0.9350513219833374,
1553,1.2371368408203125,0.01371002197265625,1.2398796081542969,
1554,0.4240869879722595,0.00782012939453125,0.42565101385116577,
1555,0.835507333278656,0.01348876953125,0.8382043242454529,
1556,0.6776982545852661,0.0115966796875,0.6800175905227661,
1557,0.5549193620681763,0.0150146484375,0.5579215288162231,
1558,1.4016284942626953,0.0161285400390625,1.4048538208007812,
1559,0.6236351132392883,0.01308441162109375,0.6262519955635071,
1560,0.42376604676246643,0.0092010498046875,0.4256066381931305,
1561,0.3829619586467743,0.010284423828125,0.38501808047294617,
1562,0.36044377088546753,0.0096588134765625,0.3623759150505066,
1563,1.2994589805603027,0.0199127197265625,1.3034415245056152,
1564,1.0158178806304932,0.017333984375,1.0192854404449463,
1565,0.5016180276870728,0.01354217529296875,0.5043264627456665,
1566,1.1845327615737915,0.0148162841796875,1.1874967813491821,
1567,0.939185380935669,0.01506805419921875,0.9421989917755127,
1568,0.5277705192565918,0.01192474365234375,0.5301547050476074,
1569,0.49004220962524414,0.0089874267578125,0.4918398857116699,
1570,0.7747004628181458,0.0148773193359375,0.7776759266853333,
1571,0.506416380405426,0.0106353759765625,0.508543074131012,
1572,0.7286660075187683,0.01270294189453125,0.7312065958976746,
1573,0.6356400847434998,0.0098419189453125,0.6376084685325623,
1574,0.9568230509757996,0.01474761962890625,0.9597718119621277,
1575,0.5405258536338806,0.00933837890625,0.542393147945404,
1576,0.590523362159729,0.0108642578125,0.5926958322525024,
1577,0.43720147013664246,0.010955810546875,0.439393013715744,
1578,0.6700406670570374,0.016754150390625,0.6733918786048889,
1579,0.35616326332092285,0.01097869873046875,0.35835862159729004,
1580,1.5787307024002075,0.0225372314453125,1.5832396745681763,
1581,0.3560692369937897,0.01142120361328125,0.35835424065589905,
1582,0.8306220173835754,0.016021728515625,0.8338263630867004,
1583,0.49208131432533264,0.01238250732421875,0.49455705285072327,
1584,0.4842935800552368,0.0113067626953125,0.48655569553375244,
1585,0.3906967341899872,0.011932373046875,0.3930828273296356,
1586,0.4307929277420044,0.0095672607421875,0.43270599842071533,
1587,0.41603219509124756,0.0097503662109375,0.41798245906829834,
1588,0.2957214415073395,0.00676727294921875,0.29707470536231995,
1589,0.8532502055168152,0.01666259765625,0.8565823435783386,
1590,0.6381190419197083,0.01291656494140625,0.6407015919685364,
1591,0.7011510729789734,0.016204833984375,0.7043916583061218,
1592,0.593006432056427,0.01444244384765625,0.5958941578865051,
1593,0.959563136100769,0.01512908935546875,0.9625881910324097,
1594,0.8188682794570923,0.0136871337890625,0.8216053247451782,
1595,0.7048689723014832,0.0175628662109375,0.7083823084831238,
1596,0.5150366425514221,0.013641357421875,0.517764151096344,
1597,1.2146778106689453,0.015594482421875,1.2177963256835938,
1598,1.0075922012329102,0.0164642333984375,1.0108842849731445,
1599,0.8817745447158813,0.018035888671875,0.8853813409805298,
1600,0.6352908611297607,0.0152740478515625,0.6383464336395264,
1601,0.8318328261375427,0.0211181640625,0.8360556960105896,
1602,0.9161122441291809,0.0216827392578125,0.9204495549201965,
1603,0.5798914432525635,0.0164337158203125,0.5831778049468994,
1604,0.5987460017204285,0.01580810546875,0.6019083857536316,
1605,1.370909571647644,0.03033447265625,1.3769749402999878,
1606,0.461915522813797,0.0160064697265625,0.46511605381965637,
1607,1.2900457382202148,0.02288818359375,1.2946233749389648,
1608,0.5456135869026184,0.015899658203125,0.5487931370735168,
1609,0.37737953662872314,0.01244354248046875,0.37986862659454346,
1610,0.47670745849609375,0.0133209228515625,0.4793720245361328,
1611,0.4662913382053375,0.0127105712890625,0.4688338339328766,
1612,0.3820745348930359,0.0106048583984375,0.3841955065727234,
1613,0.519247829914093,0.01253509521484375,0.5217540860176086,
1614,0.9853452444076538,0.02130126953125,0.9896062612533569,
1615,0.6022580862045288,0.0146942138671875,0.6051973104476929,
1616,0.6229255199432373,0.0161590576171875,0.6261565685272217,
1617,0.727436363697052,0.01401519775390625,0.7302401661872864,
1618,0.35530993342399597,0.00812530517578125,0.3569349944591522,
1619,0.8184697031974792,0.0152130126953125,0.8215119242668152,
1620,0.5306183695793152,0.01544189453125,0.5337063670158386,
1621,0.9781399965286255,0.0175933837890625,0.9816590547561646,
1622,0.7261194586753845,0.01396942138671875,0.7289137244224548,
1623,0.8071780800819397,0.01338958740234375,0.8098559975624084,
1624,0.5312862992286682,0.0159454345703125,0.5344753861427307,
1625,0.5688509941101074,0.013153076171875,0.5714812278747559,
1626,0.710421085357666,0.0145416259765625,0.7133297920227051,
1627,0.7002958059310913,0.01280975341796875,0.7028573751449585,
1628,0.7322056889533997,0.01442718505859375,0.735091507434845,
1629,0.7444764375686646,0.015106201171875,0.7474976778030396,
1630,1.0397335290908813,0.018768310546875,1.0434871912002563,
1631,0.3943230211734772,0.0124664306640625,0.3968159258365631,
1632,0.5473122596740723,0.013153076171875,0.5499424934387207,
1633,0.45920947194099426,0.0119476318359375,0.4615993797779083,
1634,0.5427798628807068,0.0143585205078125,0.5456523299217224,
1635,0.5208019614219666,0.01035308837890625,0.5228733420372009,
1636,0.7889447808265686,0.02032470703125,0.7930112481117249,
1637,0.6659226417541504,0.01461029052734375,0.6688446998596191,
1638,0.5314484238624573,0.0164337158203125,0.5347347855567932,
1639,0.7590011358261108,0.0166168212890625,0.7623237371444702,
1640,0.871563196182251,0.0204315185546875,0.8756487369537354,
1641,0.8199195265769958,0.016510009765625,0.8232211470603943,
1642,0.5205951929092407,0.0150604248046875,0.5236068964004517,
1643,0.5468529462814331,0.01056671142578125,0.5489662885665894,
1644,0.47388309240341187,0.00988006591796875,0.4758591055870056,
1645,0.6978083252906799,0.01348876953125,0.7005053162574768,
1646,0.6993826031684875,0.015838623046875,0.7025507092475891,
1647,0.8908069729804993,0.0166015625,0.8941276669502258,
1648,0.39655977487564087,0.00991058349609375,0.39854151010513306,
1649,0.9217661023139954,0.015838623046875,0.9249342083930969,
1650,0.37881043553352356,0.011932373046875,0.381196528673172,
1651,0.44902631640434265,0.013519287109375,0.4517309367656708,
1652,0.26840972900390625,0.0078887939453125,0.2699871063232422,
1653,0.7438496351242065,0.01422119140625,0.74669349193573,
1654,0.5860112309455872,0.01267242431640625,0.588546097278595,
1655,0.5527023077011108,0.01161956787109375,0.5550254583358765,
1656,0.5406296849250793,0.01409912109375,0.5434487462043762,
1657,0.6812605857849121,0.0139312744140625,0.6840472221374512,
1658,0.6223708987236023,0.01204681396484375,0.6247798800468445,
1659,0.46714073419570923,0.00942230224609375,0.469025194644928,
1660,0.44927671551704407,0.010284423828125,0.45133283734321594,
1661,0.595519483089447,0.0128021240234375,0.5980791449546814,
1662,0.711359441280365,0.01117706298828125,0.7135948538780212,
1663,0.7935587763786316,0.0157012939453125,0.796698272228241,
1664,0.7564231157302856,0.017852783203125,0.7599936723709106,
1665,0.8213273286819458,0.015716552734375,0.8244706392288208,
1666,0.8576326966285706,0.01715087890625,0.8610621094703674,
1667,0.5924583077430725,0.01751708984375,0.5959621071815491,
1668,0.5790256261825562,0.01470184326171875,0.581966757774353,
1669,0.7019403576850891,0.0154571533203125,0.7050321698188782,
1670,0.41054606437683105,0.01145172119140625,0.41283679008483887,
1671,0.7055086493492126,0.01641845703125,0.7087931036949158,
1672,0.9245831966400146,0.0199432373046875,0.9285733699798584,
1673,0.3843649625778198,0.0149688720703125,0.38735949993133545,
1674,0.496104896068573,0.0159912109375,0.49930351972579956,
1675,0.5514591336250305,0.01203155517578125,0.5538662075996399,
1676,0.572152853012085,0.01412200927734375,0.5749776363372803,
1677,0.3535926640033722,0.0087890625,0.3553502857685089,
1678,0.7187541723251343,0.01390838623046875,0.7215350866317749,
1679,0.2924019694328308,0.0067138671875,0.2937447428703308,
1680,0.6043225526809692,0.01264190673828125,0.6068516969680786,
1681,0.3507936894893646,0.0097808837890625,0.35275062918663025,
1682,0.3971122205257416,0.0102691650390625,0.39916643500328064,
1683,0.7331898808479309,0.0111541748046875,0.7354214787483215,
1684,0.8379502296447754,0.0118408203125,0.8403191566467285,
1685,1.0930544137954712,0.0177764892578125,1.0966097116470337,
1686,0.6103152632713318,0.0178680419921875,0.6138896346092224,
1687,0.6302839517593384,0.015838623046875,0.6334520578384399,
1688,0.8438702821731567,0.017608642578125,0.8473912477493286,
1689,0.4199777841567993,0.0097503662109375,0.4219280481338501,
1690,0.8345595002174377,0.01551055908203125,0.8376608490943909,
1691,0.9098390936851501,0.0233154296875,0.9145006537437439,
1692,0.8987743258476257,0.01395416259765625,0.9015647768974304,
1693,0.5844405889511108,0.01313018798828125,0.5870670080184937,
1694,0.29347527027130127,0.0103302001953125,0.2955409288406372,
1695,0.7062162160873413,0.0180511474609375,0.7098268270492554,
1696,0.44783905148506165,0.0099334716796875,0.44982650876045227,
1697,0.4422062933444977,0.0116424560546875,0.44453516602516174,
1698,0.7303867936134338,0.01812744140625,0.7340126633644104,
1699,0.944428563117981,0.019378662109375,0.948304295539856,
1700,0.520824134349823,0.015045166015625,0.5238339304924011,
1701,0.6104546189308167,0.014556884765625,0.6133652329444885,
1702,0.7480992078781128,0.011871337890625,0.7504738569259644,
1703,0.39922034740448,0.009613037109375,0.401142954826355,
1704,0.6850312352180481,0.01776123046875,0.688582718372345,
1705,0.6409169435501099,0.01226806640625,0.6433697938919067,
1706,1.6708171367645264,0.01727294921875,1.6742713451385498,
1707,0.5186750292778015,0.0129852294921875,0.5212728381156921,
1708,0.3705284893512726,0.0114288330078125,0.37281349301338196,
1709,0.8139045834541321,0.01482391357421875,0.8168686032295227,
1710,0.4032982587814331,0.01061248779296875,0.4054211378097534,
1711,0.5812175273895264,0.01386260986328125,0.5839908123016357,
1712,0.7576209306716919,0.02020263671875,0.7616606950759888,
1713,0.3653568625450134,0.00804901123046875,0.3669666647911072,
1714,0.6987740397453308,0.013214111328125,0.7014176249504089,
1715,0.2876996695995331,0.00836181640625,0.28937241435050964,
1716,0.8979061841964722,0.0138092041015625,0.9006680250167847,
1717,0.4079244136810303,0.01329803466796875,0.4105832576751709,
1718,0.3741758465766907,0.01078033447265625,0.3763311505317688,
1719,0.6430553793907166,0.0174560546875,0.6465458273887634,
1720,1.1025416851043701,0.015380859375,1.1056182384490967,
1721,0.3021082878112793,0.0096893310546875,0.3040461540222168,
1722,0.5550839900970459,0.0152435302734375,0.5581319332122803,
1723,0.5741820335388184,0.01091766357421875,0.5763659477233887,
1724,0.5072538256645203,0.01062774658203125,0.5093786120414734,
1725,0.8732016086578369,0.01342010498046875,0.8758852481842041,
1726,0.47293615341186523,0.0136566162109375,0.47566747665405273,
1727,0.5166479349136353,0.010589599609375,0.5187650918960571,
1728,0.7132893800735474,0.0117645263671875,0.715643048286438,
1729,0.41625046730041504,0.007904052734375,0.4178316593170166,
1730,0.6353033781051636,0.01444244384765625,0.6381911039352417,
1731,0.8358292579650879,0.01387786865234375,0.8386044502258301,
1732,0.5395086407661438,0.01343536376953125,0.5421960949897766,
1733,1.6811472177505493,0.0177459716796875,1.6846967935562134,
1734,0.599222719669342,0.01413726806640625,0.6020494103431702,
1735,0.3927173912525177,0.008209228515625,0.39435961842536926,
1736,0.6407070755958557,0.01251220703125,0.6432095170021057,
1737,0.6450911164283752,0.0102386474609375,0.6471396088600159,
1738,0.906549334526062,0.01311492919921875,0.9091719388961792,
1739,0.6758891344070435,0.01235198974609375,0.6783591508865356,
1740,0.49880078434944153,0.01251983642578125,0.501305103302002,
1741,0.29322075843811035,0.00847625732421875,0.29491639137268066,
1742,0.5127103924751282,0.0129852294921875,0.5153082013130188,
1743,0.7501114010810852,0.01297760009765625,0.752707302570343,
1744,0.5524277687072754,0.01617431640625,0.5556626319885254,
1745,0.598486065864563,0.0127410888671875,0.6010342836380005,
1746,0.7971461415290833,0.0178070068359375,0.8007071614265442,
1747,0.88872891664505,0.018951416015625,0.8925188183784485,
1748,0.6999004483222961,0.0197906494140625,0.7038601040840149,
1749,0.4192439019680023,0.011688232421875,0.42158231139183044,
1750,0.4872415065765381,0.015289306640625,0.4902989864349365,
1751,0.414945513010025,0.0164794921875,0.418241411447525,
1752,0.5009297728538513,0.01412200927734375,0.5037545561790466,
1753,0.5793949961662292,0.01161956787109375,0.5817181468009949,
1754,0.36083629727363586,0.0128936767578125,0.36341503262519836,
1755,0.3179464042186737,0.00824737548828125,0.3195962607860565,
1756,0.6785744428634644,0.0127410888671875,0.6811226606369019,
1757,1.0397825241088867,0.01503753662109375,1.042790412902832,
1758,0.2612224519252777,0.006549835205078125,0.2625328004360199,
1759,0.5510412454605103,0.012451171875,0.5535322427749634,
1760,0.3949942886829376,0.01129913330078125,0.39725449681282043,
1761,0.41457173228263855,0.010345458984375,0.4166412055492401,
1762,1.2271580696105957,0.0171051025390625,1.2305798530578613,
1763,0.5944957137107849,0.01220703125,0.5969371199607849,
1764,0.5458000302314758,0.0121917724609375,0.5482376217842102,
1765,1.1418215036392212,0.0172271728515625,1.1452661752700806,
1766,0.7706997990608215,0.01495361328125,0.7736905217170715,
1767,1.0072057247161865,0.0166015625,1.010526418685913,
1768,0.5433567762374878,0.021240234375,0.547606348991394,
1769,0.6162845492362976,0.0131683349609375,0.6189185976982117,
1770,0.558907687664032,0.0160675048828125,0.562121570110321,
1771,0.5752567648887634,0.01465606689453125,0.5781883597373962,
1772,0.7539176940917969,0.0178985595703125,0.7574977874755859,
1773,0.7445525527000427,0.01369476318359375,0.7472915053367615,
1774,0.5566480159759521,0.0123443603515625,0.5591161251068115,
1775,0.7076647281646729,0.01318359375,0.7103006839752197,
1776,0.767088770866394,0.0171661376953125,0.7705219984054565,
1777,0.535693347454071,0.01064300537109375,0.5378219485282898,
1778,0.5643002390861511,0.013275146484375,0.5669552683830261,
1779,0.8148848414421082,0.01255035400390625,0.8173949122428894,
1780,0.982901930809021,0.0158538818359375,0.9860719442367554,
1781,1.1110965013504028,0.01389312744140625,1.1138755083084106,
1782,0.6138452291488647,0.012451171875,0.6163362264633179,
1783,0.3377115726470947,0.012176513671875,0.3401472568511963,
1784,0.5469325184822083,0.011322021484375,0.5491965413093567,
1785,0.9537713527679443,0.019989013671875,0.9577691555023193,
1786,0.6936154961585999,0.01540374755859375,0.696695864200592,
1787,0.9167665243148804,0.0175018310546875,0.9202665090560913,
1788,0.6072899699211121,0.0159454345703125,0.6104790568351746,
1789,0.46075931191444397,0.01172637939453125,0.46310535073280334,
1790,0.9552650451660156,0.015869140625,0.9584388732910156,
1791,0.5396196842193604,0.01300811767578125,0.5422213077545166,
1792,0.394430935382843,0.01062774658203125,0.39655572175979614,
1793,0.7757758498191833,0.01424407958984375,0.7786254286766052,
1794,0.376788854598999,0.01244354248046875,0.37927794456481934,
1795,0.6470789909362793,0.01214599609375,0.6495089530944824,
1796,0.7294831871986389,0.01294708251953125,0.7320733666419983,
1797,0.31174060702323914,0.00998687744140625,0.3137376010417938,
1798,0.3549208641052246,0.0093841552734375,0.3567976951599121,
1799,0.5304409265518188,0.01104736328125,0.5326496362686157,
1800,0.8045095801353455,0.01331329345703125,0.8071722388267517,
1801,0.4409691393375397,0.00811004638671875,0.4425913393497467,
1802,0.6079397797584534,0.0118408203125,0.6103087067604065,
1803,1.1638163328170776,0.0163421630859375,1.1670855283737183,
1804,0.6728419661521912,0.0131378173828125,0.6754702925682068,
1805,0.5333945751190186,0.0142059326171875,0.5362365245819092,
1806,0.9169732332229614,0.01355743408203125,0.9196854829788208,
1807,0.5403615832328796,0.0142669677734375,0.5432149767875671,
1808,0.43414247035980225,0.012542724609375,0.4366506338119507,
1809,0.5843568444252014,0.01068878173828125,0.5864949822425842,
1810,0.5960835218429565,0.01239013671875,0.59856116771698,
1811,0.3620060682296753,0.00797271728515625,0.36360061168670654,
1812,0.7681185603141785,0.0148162841796875,0.7710825800895691,
1813,0.8143935799598694,0.0140228271484375,0.8171973824501038,
1814,0.765048623085022,0.01486968994140625,0.7680221796035767,
1815,0.4014098346233368,0.0165557861328125,0.4047209918498993,
1816,0.7589330673217773,0.0176849365234375,0.7624692916870117,
1817,0.9269715547561646,0.01611328125,0.9301949739456177,
1818,0.756507396697998,0.0196075439453125,0.7604289054870605,
1819,0.7841910123825073,0.025421142578125,0.7892760038375854,
1820,0.7166171669960022,0.015655517578125,0.7197490334510803,
1821,0.5937822461128235,0.01605224609375,0.5969923138618469,
1822,0.4609357416629791,0.0165557861328125,0.4642468988895416,
1823,0.7145035862922668,0.017364501953125,0.7179768681526184,
1824,0.5286930799484253,0.01291656494140625,0.5312756299972534,
1825,0.8112253546714783,0.0130462646484375,0.8138346076011658,
1826,0.8262254595756531,0.0134429931640625,0.8289148211479187,
1827,0.8549076914787292,0.0165863037109375,0.8582245707511902,
1828,0.6046901941299438,0.01434326171875,0.6075588464736938,
1829,0.5124254822731018,0.01386260986328125,0.5151987671852112,
1830,0.6498326659202576,0.01024627685546875,0.6518811583518982,
1831,0.6791511178016663,0.013092041015625,0.6817699074745178,
1832,0.8154247999191284,0.0164642333984375,0.8187168836593628,
1833,0.6332637071609497,0.01476287841796875,0.6362162828445435,
1834,0.869442880153656,0.0160369873046875,0.8726510405540466,
1835,0.8810009956359863,0.016326904296875,0.8842663764953613,
1836,0.6784786581993103,0.013946533203125,0.6812672019004822,
1837,0.7631140947341919,0.017333984375,0.766581654548645,
1838,0.6832156181335449,0.0157318115234375,0.6863627433776855,
1839,0.5407832264900208,0.011016845703125,0.5429862141609192,
1840,0.30561283230781555,0.0117645263671875,0.3079665005207062,
1841,0.2926892340183258,0.0114288330078125,0.2949742376804352,
1842,0.6156731247901917,0.0144500732421875,0.6185627579689026,
1843,0.6034910678863525,0.01126861572265625,0.6057455539703369,
1844,0.8300026059150696,0.01303863525390625,0.8326099514961243,
1845,0.995676577091217,0.01222991943359375,0.9981217980384827,
1846,0.8406742811203003,0.01397705078125,0.8434704542160034,
1847,0.4533572196960449,0.01270294189453125,0.45589780807495117,
1848,0.52017742395401,0.0128631591796875,0.5227504372596741,
1849,0.3976489007472992,0.00966644287109375,0.39958199858665466,
1850,0.38946953415870667,0.009185791015625,0.3913063108921051,
1851,0.611370325088501,0.01080322265625,0.6135313510894775,
1852,0.6509827375411987,0.01287078857421875,0.6535576581954956,
1853,0.7229660153388977,0.01434326171875,0.7258346676826477,
1854,0.5702487826347351,0.0118865966796875,0.5726253390312195,
1855,1.395153522491455,0.0245819091796875,1.4000706672668457,
1856,0.7770577073097229,0.01258087158203125,0.7795735001564026,
1857,0.38726529479026794,0.009307861328125,0.38912686705589294,
1858,0.39943161606788635,0.00701904296875,0.40083542466163635,
1859,0.8340168595314026,0.0135650634765625,0.836729109287262,
1860,0.9138080477714539,0.01255035400390625,0.9163181185722351,
1861,0.9358842968940735,0.0269927978515625,0.9412820935249329,
1862,0.7322467565536499,0.0194244384765625,0.736132025718689,
1863,0.8738861083984375,0.01355743408203125,0.8765983581542969,
1864,0.9810326099395752,0.021240234375,0.9852821826934814,
1865,0.7704198360443115,0.0189666748046875,0.7742135524749756,
1866,0.3931126594543457,0.01520538330078125,0.39615297317504883,
1867,0.5959537625312805,0.0157318115234375,0.5991008877754211,
1868,0.8569621443748474,0.0206756591796875,0.8610972762107849,
1869,0.8441890478134155,0.01561737060546875,0.8473132848739624,
1870,0.48483845591545105,0.01152801513671875,0.48714444041252136,
1871,0.972318172454834,0.0179290771484375,0.9759039878845215,
1872,0.44546735286712646,0.00942230224609375,0.4473518133163452,
1873,0.696505606174469,0.0150146484375,0.6995077729225159,
1874,0.3145182430744171,0.01186370849609375,0.31689098477363586,
1875,0.5913466215133667,0.0111541748046875,0.5935782194137573,
1876,0.5424438714981079,0.0175628662109375,0.5459572076797485,
1877,0.5417913198471069,0.009063720703125,0.5436042547225952,
1878,0.5987367033958435,0.01300048828125,0.6013364195823669,
1879,0.8154552578926086,0.015045166015625,0.8184650540351868,
1880,0.4343043267726898,0.01029205322265625,0.4363623559474945,
1881,0.3976893424987793,0.0095062255859375,0.39959096908569336,
1882,0.5412077307701111,0.0138092041015625,0.5439695715904236,
1883,0.4377650022506714,0.01047515869140625,0.4398592710494995,
1884,1.015329122543335,0.01446533203125,1.0182225704193115,
1885,0.6451884508132935,0.0186767578125,0.6489230394363403,
1886,0.7981050610542297,0.016448974609375,0.8013952374458313,
1887,0.8714227676391602,0.01499176025390625,0.8744211196899414,
1888,0.8227027058601379,0.0150299072265625,0.8257086873054504,
1889,0.7534846663475037,0.0170745849609375,0.756898820400238,
1890,0.4113938510417938,0.012176513671875,0.4138295352458954,
1891,0.4796528220176697,0.01209259033203125,0.4820713400840759,
1892,0.4138529896736145,0.0116729736328125,0.416187584400177,
1893,0.837817907333374,0.0196380615234375,0.8417470455169678,
1894,0.49272313714027405,0.0156707763671875,0.495856910943985,
1895,0.39410826563835144,0.0153656005859375,0.3971810042858124,
1896,0.5709286332130432,0.01500701904296875,0.5739307999610901,
1897,0.34859946370124817,0.012115478515625,0.35102179646492004,
1898,0.4386688768863678,0.01201629638671875,0.44107213616371155,
1899,0.5917046666145325,0.0151214599609375,0.5947297215461731,
1900,0.6689199805259705,0.0150299072265625,0.671925961971283,
1901,0.6807534098625183,0.015411376953125,0.6838356852531433,
1902,0.36201274394989014,0.01123046875,0.36425960063934326,
1903,0.5290830135345459,0.011962890625,0.5314748287200928,
1904,0.5162052512168884,0.0144500732421875,0.5190948843955994,
1905,1.0619949102401733,0.0201873779296875,1.0660308599472046,
1906,0.5651912093162537,0.016357421875,0.5684623122215271,
1907,0.5022054314613342,0.01413726806640625,0.5050321221351624,
1908,0.6097009778022766,0.01297760009765625,0.6122968792915344,
1909,0.6868589520454407,0.0156097412109375,0.6899812817573547,
1910,0.6225855946540833,0.0133209228515625,0.6252501606941223,
1911,0.7658995389938354,0.0138702392578125,0.7686728239059448,
1912,0.5461797714233398,0.01385498046875,0.5489511489868164,
1913,0.6128290295600891,0.011383056640625,0.6151064038276672,
1914,0.6767240166664124,0.01502227783203125,0.679728090763092,
1915,1.0118979215621948,0.01446533203125,1.0147913694381714,
1916,0.7562746405601501,0.01235198974609375,0.7587446570396423,
1917,0.924301266670227,0.01114654541015625,0.9265309572219849,
1918,0.7795258164405823,0.012359619140625,0.7819977402687073,
1919,0.5346001982688904,0.011566162109375,0.5369138121604919,
1920,0.6176190972328186,0.01422119140625,0.620462954044342,
1921,0.6933887004852295,0.0186767578125,0.6971232891082764,
1922,0.6328345537185669,0.0191192626953125,0.636658787727356,
1923,0.4507138133049011,0.01261138916015625,0.45323532819747925,
1924,0.7676517367362976,0.0173492431640625,0.7711212038993835,
1925,1.0935724973678589,0.023590087890625,1.098291277885437,
1926,0.5683372020721436,0.015838623046875,0.5715053081512451,
1927,0.5163936018943787,0.017578125,0.5199088454246521,
1928,0.9926011562347412,0.016998291015625,0.9960000514984131,
1929,0.4213804602622986,0.01044464111328125,0.42346900701522827,
1930,0.7696958184242249,0.01479339599609375,0.772654116153717,
1931,1.1161644458770752,0.018096923828125,1.1197845935821533,
1932,0.25980186462402344,0.00879669189453125,0.26156139373779297,
1933,0.6050699949264526,0.0116424560546875,0.6073988676071167,
1934,0.6639494895935059,0.01282501220703125,0.6665148735046387,
1935,0.9298382997512817,0.0183563232421875,0.9335099458694458,
1936,0.7550128698348999,0.017822265625,0.7585777044296265,
1937,1.1068633794784546,0.0163726806640625,1.1101382970809937,
1938,1.0076874494552612,0.0156707763671875,1.0108212232589722,
1939,0.722710132598877,0.012664794921875,0.725243091583252,
1940,0.4554182291030884,0.00806427001953125,0.45703089237213135,
1941,0.7113116979598999,0.0124664306640625,0.7138046026229858,
1942,0.6571559309959412,0.0154571533203125,0.6602477431297302,
1943,0.5489928126335144,0.0111846923828125,0.5512301325798035,
1944,0.39843863248825073,0.01531982421875,0.4015018343925476,
1945,1.0899829864501953,0.01351165771484375,1.0926856994628906,
1946,0.3714059889316559,0.010223388671875,0.3734506666660309,
1947,0.4859127402305603,0.01047515869140625,0.4880070090293884,
1948,0.7392682433128357,0.01186370849609375,0.7416409850120544,
1949,0.7822060585021973,0.015533447265625,0.7853131294250488,
1950,0.3013880252838135,0.006732940673828125,0.3027346134185791,
1951,0.6829953193664551,0.0123443603515625,0.6854634284973145,
1952,1.1423933506011963,0.01629638671875,1.1456530094146729,
1953,0.5029240250587463,0.00969696044921875,0.5048637986183167,
1954,0.39903125166893005,0.01102447509765625,0.4012361466884613,
1955,0.5334184765815735,0.00995635986328125,0.5354097485542297,
1956,0.3776203989982605,0.00733184814453125,0.3790871500968933,
1957,0.4135800302028656,0.0079498291015625,0.4151698052883148,
1958,0.41582170128822327,0.01009368896484375,0.4178396761417389,
1959,0.3081497251987457,0.008758544921875,0.309901624917984,
1960,1.2805778980255127,0.0131988525390625,1.2832176685333252,
1961,0.6125985980033875,0.01261138916015625,0.6151201128959656,
1962,0.9113284945487976,0.01519012451171875,0.9143669009208679,
1963,0.8745409250259399,0.0152435302734375,0.8775888681411743,
1964,0.6687443852424622,0.01312255859375,0.6713688969612122,
1965,0.6449389457702637,0.0110931396484375,0.6471571922302246,
1966,0.5599409937858582,0.01383209228515625,0.5627066493034363,
1967,0.711266040802002,0.01471710205078125,0.7142090797424316,
1968,0.47783657908439636,0.00945281982421875,0.47972676157951355,
1969,0.6616308689117432,0.019317626953125,0.6654951572418213,
1970,0.5599942803382874,0.01441192626953125,0.562876284122467,
1971,0.9262282848358154,0.0217132568359375,0.9305694103240967,
1972,0.4305029511451721,0.011566162109375,0.4328165650367737,
1973,0.538577139377594,0.013458251953125,0.5412684082984924,
1974,0.5210001468658447,0.01386260986328125,0.5237734317779541,
1975,1.0599122047424316,0.01605224609375,1.063122272491455,
1976,0.5655521154403687,0.014739990234375,0.5685008764266968,
1977,0.4444957375526428,0.01096343994140625,0.4466891884803772,
1978,0.28757941722869873,0.00868988037109375,0.2893170118331909,
1979,0.6531766057014465,0.015777587890625,0.6563313603401184,
1980,0.675520122051239,0.013885498046875,0.678297221660614,
1981,0.3674444556236267,0.0100250244140625,0.36944907903671265,
1982,0.6553458571434021,0.0120849609375,0.6577624678611755,
1983,0.4030492305755615,0.011962890625,0.4054410457611084,
1984,1.0162365436553955,0.0168304443359375,1.0196030139923096,
1985,0.6449782252311707,0.0133209228515625,0.6476427912712097,
1986,0.5949616432189941,0.01348114013671875,0.597658634185791,
1987,0.8951225876808167,0.01641845703125,0.8984070420265198,
1988,0.8292437195777893,0.01270294189453125,0.8317843079566956,
1989,0.6764194369316101,0.012359619140625,0.6788913607597351,
1990,0.49460121989250183,0.01454925537109375,0.4975118339061737,
1991,0.5209851861000061,0.0086212158203125,0.5227094292640686,
1992,0.9524102807044983,0.01122283935546875,0.9546552300453186,
1993,0.7939586043357849,0.0128631591796875,0.796531617641449,
1994,0.6661964058876038,0.01202392578125,0.6686015725135803,
1995,0.6732680201530457,0.010650634765625,0.6753985285758972,
1996,0.5339035987854004,0.010223388671875,0.5359482765197754,
1997,0.5309652090072632,0.01169586181640625,0.5333036184310913,
1998,0.8795660734176636,0.01367950439453125,0.8823012113571167,
1999,0.8831447958946228,0.0167236328125,0.8864902853965759,
2000,0.865816056728363,0.0143280029296875,0.8686808943748474,52.67175572519084
2001,0.38245999813079834,0.01146697998046875,0.38475263118743896,
2002,0.49334782361984253,0.00882720947265625,0.4951130747795105,
2003,0.7691107392311096,0.01263427734375,0.7716379761695862,
2004,0.552176833152771,0.01226043701171875,0.5546296834945679,
2005,0.4495447874069214,0.01036834716796875,0.4516180753707886,
2006,0.7477523684501648,0.01349639892578125,0.7504512667655945,
2007,0.4795912504196167,0.00937652587890625,0.4814661741256714,
2008,0.5977222919464111,0.012451171875,0.6002132892608643,
2009,0.7960734367370605,0.0118255615234375,0.798438549041748,
2010,0.6141377091407776,0.0095062255859375,0.6160393357276917,
2011,0.27977582812309265,0.0095977783203125,0.28169557452201843,
2012,0.6515030264854431,0.01166534423828125,0.6538357138633728,
2013,0.6072781085968018,0.01294708251953125,0.6098682880401611,
2014,0.6789587140083313,0.01358795166015625,0.6816766858100891,
2015,0.6823351383209229,0.0149078369140625,0.6853163242340088,
2016,0.44054916501045227,0.01273345947265625,0.44309547543525696,
2017,0.4593426287174225,0.01120758056640625,0.4615837633609772,
2018,0.7856478095054626,0.0134735107421875,0.7883428931236267,
2019,1.2865607738494873,0.015472412109375,1.2896544933319092,
2020,0.5853081345558167,0.01221466064453125,0.5877514481544495,
2021,0.6799812912940979,0.01131439208984375,0.6822434067726135,
2022,0.2584146559238434,0.0089111328125,0.26019707322120667,
2023,0.29749926924705505,0.00927734375,0.2993551194667816,
2024,0.8848515748977661,0.0174560546875,0.888342022895813,
2025,0.6168133616447449,0.01593017578125,0.6199986338615417,
2026,0.31465137004852295,0.01305389404296875,0.31726253032684326,
2027,0.5670440793037415,0.01218414306640625,0.5694816708564758,
2028,0.9132083654403687,0.0177154541015625,0.9167522192001343,
2029,0.8521488904953003,0.01378631591796875,0.8549069166183472,
2030,0.8260485529899597,0.0170440673828125,0.8294569849967957,
2031,0.37422752380371094,0.00969696044921875,0.37616729736328125,
2032,0.8888196349143982,0.014617919921875,0.8917436003684998,
2033,1.0458146333694458,0.0221710205078125,1.050247311592102,
2034,0.9803735017776489,0.01525115966796875,0.9834233522415161,
2035,1.2251347303390503,0.0214385986328125,1.2294224500656128,
2036,0.404246985912323,0.01204681396484375,0.4066559672355652,
2037,0.6076535582542419,0.01351165771484375,0.6103562712669373,
2038,0.9897224307060242,0.018463134765625,0.9934150576591492,
2039,0.9305860996246338,0.021942138671875,0.9349730014801025,
2040,0.4824148416519165,0.0106964111328125,0.48455488681793213,
2041,1.0465052127838135,0.019927978515625,1.0504915714263916,
2042,0.7959465384483337,0.01129150390625,0.7982048392295837,
2043,0.8363499641418457,0.01169586181640625,0.8386883735656738,
2044,0.6711968183517456,0.01026153564453125,0.6732491254806519,
2045,0.7686371803283691,0.0146331787109375,0.7715630531311035,
2046,0.4869319200515747,0.01102447509765625,0.48913681507110596,
2047,0.7483307123184204,0.01039886474609375,0.750409722328186,
2048,0.394144743680954,0.0091552734375,0.395975798368454,
2049,0.45901548862457275,0.0078582763671875,0.46058714389801025,
2050,0.5499346256256104,0.0114288330078125,0.5522196292877197,
2051,0.6185706257820129,0.011962890625,0.6209624409675598,
2052,0.6556978821754456,0.0102691650390625,0.6577520966529846,
2053,0.9744943380355835,0.0189971923828125,0.978293776512146,
2054,0.6568644046783447,0.012298583984375,0.6593248844146729,
2055,0.42289701104164124,0.0083465576171875,0.4245659410953522,
2056,0.43395620584487915,0.00873565673828125,0.4357033371925354,
2057,0.3721714913845062,0.00969696044921875,0.37411126494407654,
2058,0.40800395607948303,0.01212310791015625,0.4104281961917877,
2059,0.46813806891441345,0.010101318359375,0.4701579511165619,
2060,1.3153010606765747,0.0207672119140625,1.3194552659988403,
2061,0.6489894986152649,0.0108795166015625,0.651165783405304,
2062,0.895900547504425,0.01496124267578125,0.8988931775093079,
2063,0.5904518365859985,0.0128326416015625,0.5930191278457642,
2064,0.44891488552093506,0.01297760009765625,0.45151078701019287,
2065,0.4411822259426117,0.01168060302734375,0.443518728017807,
2066,0.9447160959243774,0.0134735107421875,0.9474111795425415,
2067,0.7971727252006531,0.0154571533203125,0.8002645373344421,
2068,1.1726609468460083,0.02032470703125,1.1767274141311646,
2069,0.9404097199440002,0.01071929931640625,0.9425535798072815,
2070,0.4049265384674072,0.012298583984375,0.40738701820373535,
2071,0.44416069984436035,0.0127716064453125,0.4467146396636963,
2072,0.7935824990272522,0.0140228271484375,0.7963863015174866,
2073,0.4656521677970886,0.0124969482421875,0.468150794506073,
2074,0.8980337977409363,0.01552581787109375,0.901138961315155,
2075,0.5992252230644226,0.0124664306640625,0.6017181277275085,
2076,0.6669711470603943,0.016754150390625,0.6703223586082458,
2077,0.4024553596973419,0.01146697998046875,0.40474799275398254,
2078,0.5360888242721558,0.012786865234375,0.5386465787887573,
2079,0.7748929262161255,0.02264404296875,0.7794209718704224,
2080,0.4819015860557556,0.01120758056640625,0.4841427206993103,
2081,0.7175775170326233,0.0140380859375,0.7203851342201233,
2082,0.5703722834587097,0.00910186767578125,0.5721928477287292,
2083,0.6036818027496338,0.01073455810546875,0.6058294773101807,
2084,0.8879921436309814,0.01654052734375,0.8912994861602783,
2085,0.6165560483932495,0.0148468017578125,0.6195257902145386,
2086,0.4285815954208374,0.01129913330078125,0.4308418035507202,
2087,0.3608435392379761,0.00991058349609375,0.36282527446746826,
2088,0.7184591293334961,0.017181396484375,0.7218961715698242,
2089,0.34915536642074585,0.00908660888671875,0.35097306966781616,
2090,0.7223889827728271,0.01092529296875,0.7245748043060303,
2091,0.3760761320590973,0.00914764404296875,0.3779052793979645,
2092,1.074887752532959,0.0180206298828125,1.0784926414489746,
2093,0.6441789865493774,0.0148162841796875,0.6471430063247681,
2094,1.3749467134475708,0.0183258056640625,1.3786126375198364,
2095,0.6836265921592712,0.01531219482421875,0.6866897940635681,
2096,0.6710400581359863,0.0192108154296875,0.6748814582824707,
2097,0.5621136426925659,0.01331329345703125,0.5647763013839722,
2098,0.7228460311889648,0.01641845703125,0.726130485534668,
2099,0.5260765552520752,0.01276397705078125,0.5286285877227783,
2100,0.8729794025421143,0.0211944580078125,0.8772175312042236,
2101,0.3068963885307312,0.00897216796875,0.30869120359420776,
2102,0.7404446005821228,0.015716552734375,0.7435879111289978,
2103,0.767669677734375,0.017303466796875,0.7711296081542969,
2104,0.6291404366493225,0.0180816650390625,0.632756769657135,
2105,0.6491605639457703,0.01132965087890625,0.6514264941215515,
2106,0.9710012674331665,0.0179595947265625,0.9745928049087524,
2107,0.8057207465171814,0.01181793212890625,0.8080839514732361,
2108,0.6330657601356506,0.0106201171875,0.6351905465126038,
2109,0.5576990246772766,0.01142120361328125,0.559984028339386,
2110,0.8580429553985596,0.0175018310546875,0.8615429401397705,
2111,0.7209179401397705,0.013916015625,0.723700761795044,
2112,0.7890421748161316,0.019317626953125,0.7929064631462097,
2113,0.6915948390960693,0.0164794921875,0.6948907375335693,
2114,0.447695255279541,0.010528564453125,0.449800968170166,
2115,0.5367844104766846,0.00977325439453125,0.5387394428253174,
2116,1.0177658796310425,0.0186309814453125,1.021492838859558,
2117,0.516774594783783,0.0142364501953125,0.519622266292572,
2118,0.633703351020813,0.01337432861328125,0.6363774538040161,
2119,0.690305769443512,0.01165008544921875,0.6926365494728088,
2120,0.48355939984321594,0.01129150390625,0.48581770062446594,
2121,0.7104629278182983,0.01125335693359375,0.7127135992050171,
2122,0.7096453905105591,0.0103607177734375,0.7117167711257935,
2123,0.6309528946876526,0.01358795166015625,0.6336708664894104,
2124,0.37083324790000916,0.0086822509765625,0.37256988883018494,
2125,0.7180597186088562,0.0102386474609375,0.7201082110404968,
2126,0.5271759629249573,0.01090240478515625,0.529356062412262,
2127,0.5363898277282715,0.01346588134765625,0.5390830039978027,
2128,0.4759672284126282,0.01058197021484375,0.47808438539505005,
2129,0.7439819574356079,0.01202392578125,0.7463871240615845,
2130,0.660667896270752,0.01274871826171875,0.6632180213928223,
2131,0.6465728878974915,0.01535797119140625,0.6496437191963196,
2132,0.5250105857849121,0.01000213623046875,0.5270113945007324,
2133,1.3370697498321533,0.0169525146484375,1.340461015701294,
2134,0.42939093708992004,0.00865936279296875,0.4311228096485138,
2135,0.9390711784362793,0.0162353515625,0.9423174858093262,
2136,0.5213541388511658,0.01171112060546875,0.5236963629722595,
2137,0.7410467863082886,0.0130157470703125,0.7436503171920776,
2138,0.6197835206985474,0.00966644287109375,0.6217166185379028,
2139,0.964215099811554,0.01413726806640625,0.9670417904853821,
2140,0.6727009415626526,0.01282501220703125,0.6752663254737854,
2141,0.6988307237625122,0.0137786865234375,0.7015868425369263,
2142,0.3653090298175812,0.0121307373046875,0.3677351772785187,
2143,0.5754438042640686,0.01296234130859375,0.5780358910560608,
2144,0.9511182308197021,0.0190887451171875,0.9549367427825928,
2145,0.551277756690979,0.01042938232421875,0.5533643960952759,
2146,0.5268606543540955,0.01222991943359375,0.5293058753013611,
2147,0.517808198928833,0.01006317138671875,0.5198204517364502,
2148,0.9674172401428223,0.0172271728515625,0.9708619117736816,
2149,0.6777023673057556,0.012237548828125,0.680149495601654,
2150,0.8921017050743103,0.01255035400390625,0.8946117758750916,
2151,0.7528117299079895,0.01399993896484375,0.7556117177009583,
2152,0.544154942035675,0.01244354248046875,0.5466440320014954,
2153,0.6592614650726318,0.01349639892578125,0.6619603633880615,
2154,0.6641167402267456,0.01165008544921875,0.6664475202560425,
2155,1.0377553701400757,0.016693115234375,1.0410932302474976,
2156,0.2943120002746582,0.00720977783203125,0.29575395584106445,
2157,0.5623109340667725,0.0098876953125,0.564288854598999,
2158,0.4363287687301636,0.01047515869140625,0.4384230375289917,
2159,0.8046833872795105,0.016204833984375,0.8079239726066589,
2160,0.6061548590660095,0.01056671142578125,0.6082682013511658,
2161,0.8470852971076965,0.01149749755859375,0.8493855595588684,
2162,0.9907863140106201,0.013824462890625,0.9935519695281982,
2163,0.8549737930297852,0.012664794921875,0.8575067520141602,
2164,0.4621092677116394,0.015899658203125,0.46528881788253784,
2165,0.5061696171760559,0.00914764404296875,0.5079987645149231,
2166,0.31554073095321655,0.01047515869140625,0.3176349997520447,
2167,0.7613692879676819,0.01235198974609375,0.7638393044471741,
2168,0.7291709780693054,0.01177215576171875,0.731524646282196,
2169,0.41016685962677,0.00843048095703125,0.41185295581817627,
2170,0.4528874158859253,0.00794219970703125,0.4544762372970581,
2171,0.9794517755508423,0.019012451171875,0.9832550287246704,
2172,0.7495617866516113,0.01207733154296875,0.751976490020752,
2173,0.47588595747947693,0.01183319091796875,0.47825297713279724,
2174,0.32984092831611633,0.004150390625,0.330671101808548,
2175,0.5202031135559082,0.01071929931640625,0.5223469734191895,
2176,0.9941619038581848,0.0135040283203125,0.9968627095222473,
2177,0.7334038019180298,0.0166015625,0.7367244958877563,
2178,1.0203171968460083,0.0176544189453125,1.0238476991653442,
2179,0.5983022451400757,0.0139007568359375,0.6010831594467163,
2180,0.5043361186981201,0.009613037109375,0.5062587261199951,
2181,0.6883031725883484,0.01214599609375,0.6907331347465515,
2182,0.7244018316268921,0.01245880126953125,0.7268928289413452,
2183,0.4204830825328827,0.0100555419921875,0.42249342799186707,
2184,0.5069202184677124,0.01103973388671875,0.5091289281845093,
2185,0.891656756401062,0.01253509521484375,0.8941630125045776,
2186,0.8006852269172668,0.01459503173828125,0.80360347032547,
2187,0.7179980874061584,0.01506805419921875,0.7210116982460022,
2188,0.6493921875953674,0.01154327392578125,0.6517000794410706,
2189,0.4543457627296448,0.0103302001953125,0.4564114212989807,
2190,0.9048373699188232,0.0177154541015625,0.9083812236785889,
2191,0.5979607701301575,0.01214599609375,0.6003907322883606,
2192,0.6701350212097168,0.0154876708984375,0.6732325553894043,
2193,0.8163772821426392,0.0132904052734375,0.8190361261367798,
2194,0.26550164818763733,0.00849151611328125,0.26720014214515686,
2195,0.5215287804603577,0.0108489990234375,0.5236993432044983,
2196,0.4538283944129944,0.01064300537109375,0.45595699548721313,
2197,0.6690338253974915,0.01236724853515625,0.6715076565742493,
2198,0.6906441450119019,0.0166473388671875,0.6939743757247925,
2199,0.34056976437568665,0.005584716796875,0.34168651700019836,
2200,0.650725245475769,0.0111236572265625,0.6529492139816284,
2201,0.41619762778282166,0.009552001953125,0.4181078374385834,
2202,0.630097508430481,0.0117950439453125,0.63245689868927,
2203,0.8692803382873535,0.0157318115234375,0.8724274635314941,
2204,0.9062203764915466,0.01288604736328125,0.9087972044944763,
2205,0.616599440574646,0.0138702392578125,0.6193727254867554,
2206,0.5224028825759888,0.01068878173828125,0.5245410203933716,
2207,0.6478022933006287,0.0167694091796875,0.651155412197113,
2208,1.0246093273162842,0.015869140625,1.0277831554412842,
2209,0.437220960855484,0.01026153564453125,0.43927326798439026,
2210,0.724698007106781,0.018707275390625,0.7284402251243591,
2211,1.1062408685684204,0.0185699462890625,1.1099544763565063,
2212,1.0158613920211792,0.0176849365234375,1.0193976163864136,
2213,0.6263912916183472,0.0104217529296875,0.6284760236740112,
2214,0.7556461691856384,0.014404296875,0.7585262656211853,
2215,0.4195363521575928,0.00864410400390625,0.4212653636932373,
2216,0.753852367401123,0.01422119140625,0.7566962242126465,
2217,0.8155160546302795,0.0158233642578125,0.8186803460121155,
2218,0.8765900731086731,0.01432037353515625,0.8794549107551575,
2219,0.5748171806335449,0.01345062255859375,0.5775065422058105,
2220,0.6425948739051819,0.01259613037109375,0.6451144814491272,
2221,0.6176754236221313,0.0142974853515625,0.6205345392227173,
2222,0.6757614612579346,0.01291656494140625,0.6783440113067627,
2223,0.8388584852218628,0.0159912109375,0.8420571088790894,
2224,1.1005842685699463,0.0183258056640625,1.104250192642212,
2225,0.6231544613838196,0.01103973388671875,0.6253631711006165,
2226,0.6229339838027954,0.01416015625,0.625766396522522,
2227,0.5563876032829285,0.01369476318359375,0.5591265559196472,
2228,0.4028802216053009,0.01678466796875,0.4062371551990509,
2229,1.526456594467163,0.02545166015625,1.5315454006195068,
2230,0.4656480550765991,0.0162353515625,0.468894362449646,
2231,0.9571685791015625,0.0186920166015625,0.960906982421875,
2232,0.7311264276504517,0.01812744140625,0.7347522974014282,
2233,0.6901097297668457,0.016265869140625,0.6933636665344238,
2234,0.6615486741065979,0.01055908203125,0.6636601090431213,
2235,0.3048061728477478,0.00699615478515625,0.30620521306991577,
2236,1.0485515594482422,0.0160369873046875,1.0517597198486328,
2237,0.4883177876472473,0.0161285400390625,0.49154311418533325,
2238,0.7567437887191772,0.0168914794921875,0.7601217031478882,
2239,0.6836287379264832,0.0145416259765625,0.6865374445915222,
2240,0.939594566822052,0.019287109375,0.9434512257575989,
2241,0.3082258999347687,0.00910186767578125,0.3100464642047882,
2242,0.8106674551963806,0.015167236328125,0.8137001395225525,
2243,0.6736582517623901,0.01451873779296875,0.6765612363815308,
2244,0.6967864036560059,0.01171112060546875,0.6991286277770996,
2245,0.5460339784622192,0.010009765625,0.5480366945266724,
2246,0.6739662885665894,0.01143646240234375,0.6762531995773315,
2247,0.6374076008796692,0.01361083984375,0.6401293873786926,
2248,0.7145421504974365,0.01045989990234375,0.7166345119476318,
2249,0.4036601781845093,0.00783538818359375,0.40522706508636475,
2250,0.33610081672668457,0.00858306884765625,0.3378174304962158,
2251,0.5174176096916199,0.01519775390625,0.520457923412323,
2252,0.6134502291679382,0.01389312744140625,0.616229236125946,
2253,0.7540314793586731,0.0155181884765625,0.757134735584259,
2254,0.5225348472595215,0.01352691650390625,0.5252394676208496,
2255,0.7569764852523804,0.01241302490234375,0.7594598531723022,
2256,0.6730471849441528,0.0123138427734375,0.6755095720291138,
2257,0.47534841299057007,0.0109405517578125,0.477536141872406,
2258,0.6835591197013855,0.01117706298828125,0.6857945322990417,
2259,0.6322790384292603,0.00897979736328125,0.6340748071670532,
2260,0.977910578250885,0.01436614990234375,0.9807830452919006,
2261,0.5613105297088623,0.01273345947265625,0.563856840133667,
2262,0.9914007186889648,0.01410675048828125,0.9942216873168945,
2263,0.7994585633277893,0.01345062255859375,0.8021479249000549,
2264,0.5454904437065125,0.008331298828125,0.5471565127372742,
2265,0.6477459073066711,0.01090240478515625,0.6499260067939758,
2266,0.9647694230079651,0.014892578125,0.9677487015724182,
2267,0.44053372740745544,0.0091094970703125,0.4423552453517914,
2268,0.7020859718322754,0.0138397216796875,0.7048535346984863,
2269,0.6729138493537903,0.01340484619140625,0.6755955815315247,
2270,0.6490020751953125,0.01206207275390625,0.6514148712158203,
2271,0.3736434280872345,0.00860595703125,0.3753648102283478,
2272,0.5597106218338013,0.01064300537109375,0.56183922290802,
2273,1.0702779293060303,0.01354217529296875,1.072986364364624,
2274,0.5189089179039001,0.0111541748046875,0.5211405158042908,
2275,0.6388824582099915,0.01029205322265625,0.6409404873847961,
2276,0.5798991322517395,0.00988006591796875,0.5818751454353333,
2277,0.6575422883033752,0.0103607177734375,0.6596136689186096,
2278,0.936518669128418,0.0127410888671875,0.9390668869018555,
2279,0.39957326650619507,0.00811004638671875,0.4011954665184021,
2280,0.6393970847129822,0.01091766357421875,0.6415809988975525,
2281,0.7638297080993652,0.01447296142578125,0.7667250633239746,
2282,0.3060910105705261,0.0080108642578125,0.3076931834220886,
2283,0.614708662033081,0.00954437255859375,0.6166179180145264,
2284,0.711677074432373,0.0078277587890625,0.7132430076599121,
2285,0.4494550824165344,0.00792694091796875,0.4510400891304016,
2286,0.670621395111084,0.01265716552734375,0.6731524467468262,
2287,0.5391736626625061,0.00934600830078125,0.5410428643226624,
2288,0.36227574944496155,0.0078887939453125,0.3638531267642975,
2289,0.4673880636692047,0.01226806640625,0.4698409140110016,
2290,0.6560076475143433,0.0126190185546875,0.6585310697555542,
2291,0.5629411935806274,0.01122283935546875,0.5651861429214478,
2292,0.6833011507987976,0.01070404052734375,0.6854411959648132,
2293,0.5102128982543945,0.00954437255859375,0.5121221542358398,
2294,0.9584507942199707,0.01369476318359375,0.9611897468566895,
2295,0.8516279458999634,0.0137786865234375,0.8543840646743774,
2296,1.0656123161315918,0.01715087890625,1.0690417289733887,
2297,0.9823105335235596,0.01430511474609375,0.9851715564727783,
2298,0.919977068901062,0.0131988525390625,0.9226168394088745,
2299,0.6067559719085693,0.0160980224609375,0.6099755764007568,
2300,0.4096307158470154,0.013153076171875,0.4122609496116638,
2301,0.5898698568344116,0.0118255615234375,0.5922349691390991,
2302,0.6295554637908936,0.0139312744140625,0.6323421001434326,
2303,0.6701144576072693,0.0171356201171875,0.6735419631004333,
2304,0.749075174331665,0.00997161865234375,0.7510702610015869,
2305,0.5233603715896606,0.0099639892578125,0.5253535509109497,
2306,0.5600677728652954,0.00963592529296875,0.5619951486587524,
2307,0.3151617646217346,0.00789642333984375,0.31674104928970337,
2308,0.5997375249862671,0.01152801513671875,0.6020435094833374,
2309,0.5631105303764343,0.01100921630859375,0.5653116106987,
2310,0.39456668496131897,0.0094451904296875,0.39645591378211975,
2311,0.5968257784843445,0.01267242431640625,0.5993606448173523,
2312,0.6531909108161926,0.0099945068359375,0.6551898121833801,
2313,0.47841790318489075,0.0084075927734375,0.48009923100471497,
2314,0.40230265259742737,0.0074005126953125,0.40378275513648987,
2315,0.5228744745254517,0.0096588134765625,0.5248066186904907,
2316,0.5560210943222046,0.0091705322265625,0.5578550100326538,
2317,0.7197059988975525,0.01129150390625,0.7219642996788025,
2318,1.0583388805389404,0.01531982421875,1.0614020824432373,
2319,0.817793071269989,0.01143646240234375,0.8200799822807312,
2320,0.9708706140518188,0.017547607421875,0.9743801355361938,
2321,0.3925573527812958,0.00970458984375,0.3944980800151825,
2322,0.5006559491157532,0.0123748779296875,0.5031316876411438,
2323,0.5585218071937561,0.01181793212890625,0.5608850121498108,
2324,0.3988479971885681,0.006473541259765625,0.4001430869102478,
2325,0.5328084826469421,0.013336181640625,0.535474956035614,
2326,0.4116005003452301,0.0074920654296875,0.4130987226963043,
2327,0.6581929922103882,0.0128173828125,0.6607564687728882,
2328,0.6456044316291809,0.01065826416015625,0.6477368474006653,
2329,0.8242179155349731,0.016754150390625,0.8275691270828247,
2330,0.3488292098045349,0.00853729248046875,0.3505362868309021,
2331,0.34863194823265076,0.00844573974609375,0.3503209054470062,
2332,0.7097504734992981,0.0125732421875,0.712264358997345,
2333,1.1216353178024292,0.01486968994140625,1.1246088743209839,
2334,0.7543166279792786,0.01407623291015625,0.7571318745613098,
2335,0.5472869873046875,0.0101318359375,0.5493125915527344,
2336,1.16004478931427,0.01384735107421875,1.1628142595291138,
2337,0.6755253076553345,0.010650634765625,0.677655816078186,
2338,0.44226980209350586,0.0127716064453125,0.4448237419128418,
2339,0.6316036581993103,0.01226043701171875,0.6340565085411072,
2340,0.5509103536605835,0.0139312744140625,0.5536969900131226,
2341,0.9440704584121704,0.0178985595703125,0.9476505517959595,
2342,0.5427820682525635,0.0124664306640625,0.5452749729156494,
2343,0.6057695746421814,0.01035308837890625,0.6078409552574158,
2344,0.5899350643157959,0.00936126708984375,0.5918071269989014,
2345,0.3568193316459656,0.007511138916015625,0.3583213686943054,
2346,0.6160321831703186,0.0120391845703125,0.618439257144928,
2347,0.7956326007843018,0.01337432861328125,0.7983067035675049,
2348,1.0711475610733032,0.0149383544921875,1.0741344690322876,
2349,0.38847872614860535,0.0101776123046875,0.3905138671398163,
2350,0.4597712457180023,0.0104827880859375,0.46186742186546326,
2351,0.9410427808761597,0.01386260986328125,0.943816065788269,
2352,0.3290346562862396,0.006824493408203125,0.33039936423301697,
2353,1.1070246696472168,0.01515960693359375,1.1100573539733887,
2354,1.0861047506332397,0.0147857666015625,1.0890611410140991,
2355,0.5972526669502258,0.01088714599609375,0.5994308590888977,
2356,0.4675121307373047,0.008148193359375,0.46914196014404297,
2357,0.6978916525840759,0.01030731201171875,0.6999534964561462,
2358,0.7483294010162354,0.01222991943359375,0.750774621963501,
2359,1.064899206161499,0.01244354248046875,1.0673882961273193,
2360,0.9114876389503479,0.0151214599609375,0.9145126938819885,
2361,0.6112619042396545,0.01025390625,0.613312304019928,
2362,0.5119072794914246,0.01151275634765625,0.5142094492912292,
2363,0.2937047481536865,0.00946807861328125,0.29559874534606934,
2364,0.9799849390983582,0.0172271728515625,0.9834296107292175,
2365,0.6853447556495667,0.01435089111328125,0.6882153153419495,
2366,0.7713928818702698,0.01837158203125,0.7750664353370667,
2367,0.98356032371521,0.0186920166015625,0.9872987270355225,
2368,0.7300005555152893,0.01404571533203125,0.7328100800514221,
2369,0.5492948889732361,0.0150146484375,0.552297055721283,
2370,0.5833094716072083,0.01238250732421875,0.5857852101325989,
2371,0.4338553845882416,0.0125274658203125,0.4363616406917572,
2372,0.6629174947738647,0.01256561279296875,0.6654313802719116,
2373,1.5199388265609741,0.0188140869140625,1.5237020254135132,
2374,0.5965598821640015,0.0124359130859375,0.599047064781189,
2375,0.7333129644393921,0.01087188720703125,0.7354873418807983,
2376,0.8228896856307983,0.01412200927734375,0.8257144689559937,
2377,0.48974180221557617,0.00939178466796875,0.4916205406188965,
2378,0.6973366737365723,0.0164794921875,0.7006325721740723,
2379,0.6934335827827454,0.01485443115234375,0.6964052319526672,
2380,0.4071015417575836,0.00797271728515625,0.40869608521461487,
2381,0.7227204442024231,0.01389312744140625,0.7254994511604309,
2382,1.3774902820587158,0.0171966552734375,1.3809292316436768,
2383,0.6365838050842285,0.01485443115234375,0.6395554542541504,
2384,0.726481020450592,0.0141143798828125,0.7293038964271545,
2385,0.6329072117805481,0.011566162109375,0.6352208256721497,
2386,0.38715171813964844,0.00984954833984375,0.38912200927734375,
2387,0.7381865978240967,0.01418304443359375,0.7410228252410889,
2388,0.4404488801956177,0.0088348388671875,0.44221603870391846,
2389,0.5653467774391174,0.0124359130859375,0.5678339600563049,
2390,0.767926037311554,0.01113128662109375,0.7701519131660461,
2391,0.5561087727546692,0.0134735107421875,0.5588038563728333,
2392,0.7313588857650757,0.01525115966796875,0.7344087362289429,
2393,0.5607635378837585,0.0151214599609375,0.5637885928153992,
2394,0.8193395733833313,0.0142669677734375,0.8221929669380188,
2395,0.6980682611465454,0.0151214599609375,0.701093316078186,
2396,0.34056636691093445,0.006893157958984375,0.3419453799724579,
2397,0.8500304222106934,0.01403045654296875,0.8528361320495605,
2398,0.5583329200744629,0.01320648193359375,0.5609745979309082,
2399,0.8951257467269897,0.01338958740234375,0.8978036642074585,
2400,0.7931422591209412,0.0138397216796875,0.7959098219871521,
2401,0.5178962349891663,0.0099029541015625,0.5198760628700256,
2402,0.5005027055740356,0.00991058349609375,0.5024844408035278,
2403,0.600426435470581,0.010894775390625,0.6026046276092529,
2404,0.4521888196468353,0.006519317626953125,0.45349249243736267,
2405,0.8358612060546875,0.0123138427734375,0.8383235931396484,
2406,0.5788943767547607,0.0101318359375,0.5809199810028076,
2407,0.8273412585258484,0.01198577880859375,0.8297387957572937,
2408,0.5196501612663269,0.0110015869140625,0.5218512415885925,
2409,0.5757120847702026,0.01169586181640625,0.5780504941940308,
2410,0.41623029112815857,0.00983428955078125,0.41819676756858826,
2411,0.5673307180404663,0.0137481689453125,0.5700811147689819,
2412,0.5561608076095581,0.012237548828125,0.5586079359054565,
2413,0.36075499653816223,0.00762176513671875,0.3622789680957794,
2414,0.3638537526130676,0.007770538330078125,0.3654082417488098,
2415,0.5269632339477539,0.0098114013671875,0.528925895690918,
2416,0.47368043661117554,0.00848388671875,0.47537702322006226,
2417,0.7235957384109497,0.01285552978515625,0.726166844367981,
2418,1.1977405548095703,0.015625,1.2008647918701172,
2419,0.44415050745010376,0.0109405517578125,0.4463382363319397,
2420,1.1785759925842285,0.01309967041015625,1.181196689605713,
2421,0.6108900904655457,0.0087127685546875,0.6126324534416199,
2422,0.8708602786064148,0.01067352294921875,0.872994601726532,
2423,0.7063532471656799,0.0121002197265625,0.708773672580719,
2424,0.3662947714328766,0.0081634521484375,0.3679274618625641,
2425,0.5796070694923401,0.01009368896484375,0.5816250443458557,
2426,0.8791894316673279,0.01739501953125,0.8826684355735779,
2427,0.9410948157310486,0.0127410888671875,0.9436430335044861,
2428,0.363463819026947,0.0079803466796875,0.3650602698326111,
2429,0.6187546849250793,0.0133209228515625,0.6214192509651184,
2430,0.4221092462539673,0.00913238525390625,0.42393553256988525,
2431,0.5805630683898926,0.01163482666015625,0.5828900337219238,
2432,0.39776352047920227,0.009368896484375,0.39963749051094055,
2433,0.5143364071846008,0.008514404296875,0.5160396695137024,
2434,0.5678890347480774,0.01328277587890625,0.5705459713935852,
2435,0.5801374316215515,0.01139068603515625,0.5824148058891296,
2436,0.5017960071563721,0.0096282958984375,0.5037214756011963,
2437,0.7461267113685608,0.01515960693359375,0.7491593956947327,
2438,0.4923837184906006,0.0079345703125,0.4939706325531006,
2439,0.45962217450141907,0.01203155517578125,0.46202924847602844,
2440,0.6450459361076355,0.011962890625,0.6474377512931824,
2441,0.7362300157546997,0.01233673095703125,0.7386981248855591,
2442,0.6401401162147522,0.012542724609375,0.6426482796669006,
2443,0.8900020718574524,0.01387786865234375,0.8927772641181946,
2444,0.9851423501968384,0.01343536376953125,0.9878298044204712,
2445,0.70526123046875,0.01377105712890625,0.7080154418945312,
2446,0.9358410239219666,0.0164031982421875,0.939121663570404,
2447,0.5725113749504089,0.012237548828125,0.5749585032463074,
2448,0.5144094228744507,0.0111846923828125,0.5166467428207397,
2449,0.43080994486808777,0.01094818115234375,0.4329995810985565,
2450,0.8239198327064514,0.0108795166015625,0.8260961174964905,
2451,0.5897400379180908,0.0114593505859375,0.5920326709747314,
2452,0.9528040289878845,0.012481689453125,0.9553007483482361,
2453,1.2397257089614868,0.01319122314453125,1.2423635721206665,
2454,0.7782571315765381,0.0133819580078125,0.780933141708374,
2455,1.052290916442871,0.012298583984375,1.0547513961791992,
2456,0.6098161339759827,0.01090240478515625,0.6119962334632874,
2457,0.40596693754196167,0.01013946533203125,0.40799444913864136,
2458,0.5121128559112549,0.01220703125,0.5145542621612549,
2459,0.33463457226753235,0.0075225830078125,0.3361394703388214,
2460,0.6709681749343872,0.0102996826171875,0.6730281114578247,
2461,0.6723748445510864,0.01381683349609375,0.6751385927200317,
2462,0.9309244751930237,0.0170135498046875,0.9343271851539612,
2463,0.9923293590545654,0.01641845703125,0.9956138134002686,
2464,0.8895407915115356,0.01280975341796875,0.8921023607254028,
2465,0.9795178771018982,0.0123443603515625,0.9819859862327576,
2466,0.7794653177261353,0.01190185546875,0.7818456888198853,
2467,0.7143703699111938,0.01461029052734375,0.7172924280166626,
2468,0.4877375066280365,0.01120758056640625,0.4899786412715912,
2469,0.6802146434783936,0.01166534423828125,0.6825473308563232,
2470,0.5189689993858337,0.011016845703125,0.5211719870567322,
2471,0.41700389981269836,0.00890350341796875,0.41878440976142883,
2472,0.6704232096672058,0.013824462890625,0.6731888651847839,
2473,0.315870076417923,0.006542205810546875,0.31717851758003235,
2474,0.8185364007949829,0.01202392578125,0.8209415674209595,
2475,0.5239176750183105,0.01297760009765625,0.5265135765075684,
2476,0.9331420660018921,0.013702392578125,0.9358829259872437,
2477,1.01042902469635,0.01494598388671875,1.0134178400039673,
2478,0.5677334070205688,0.01129913330078125,0.5699936151504517,
2479,0.8093381524085999,0.01067352294921875,0.811472475528717,
2480,0.3457320034503937,0.00679779052734375,0.347091943025589,
2481,0.8160930275917053,0.01325225830078125,0.8187442421913147,
2482,0.5946852564811707,0.007556915283203125,0.5961968302726746,
2483,1.343924641609192,0.0187225341796875,1.3476687669754028,
2484,1.0058854818344116,0.01483917236328125,1.0088533163070679,
2485,0.5579155683517456,0.0124969482421875,0.56041419506073,
2486,0.5832242369651794,0.013946533203125,0.5860127806663513,
2487,0.7219077348709106,0.01473236083984375,0.724854588508606,
2488,0.7327763438224792,0.01544189453125,0.7358643412590027,
2489,0.7802460789680481,0.0171661376953125,0.7836793065071106,
2490,0.6377056241035461,0.00972747802734375,0.6396511197090149,
2491,0.5851986408233643,0.01103973388671875,0.5874073505401611,
2492,0.7629026174545288,0.0147247314453125,0.7658475637435913,
2493,0.5734344720840454,0.01117706298828125,0.5756698846817017,
2494,1.1426299810409546,0.0161895751953125,1.1458686590194702,
2495,0.8777834177017212,0.01131439208984375,0.8800455331802368,
2496,0.3907400369644165,0.00789642333984375,0.39231932163238525,
2497,0.5118712186813354,0.0108184814453125,0.5140341520309448,
2498,0.7395554780960083,0.0153350830078125,0.7426224946975708,
2499,0.4224455654621124,0.00493621826171875,0.4234326183795929,
2500,1.324135422706604,0.017669677734375,1.3276697397232056,
2501,0.5104032754898071,0.01094818115234375,0.5125929117202759,
2502,0.39410921931266785,0.01155853271484375,0.3964209258556366,
2503,0.7278226613998413,0.01580810546875,0.7309850454330444,
2504,0.6887542605400085,0.011749267578125,0.6911041140556335,
2505,1.0400679111480713,0.01470184326171875,1.0430090427398682,
2506,0.5921897292137146,0.01523590087890625,0.595237672328949,
2507,0.5832923054695129,0.009765625,0.5852454304695129,
2508,1.0323022603988647,0.017425537109375,1.0357869863510132,
2509,0.7841846346855164,0.01441192626953125,0.787066638469696,
2510,0.4136779308319092,0.01233673095703125,0.41614603996276855,
2511,1.0041390657424927,0.0139617919921875,1.0069314241409302,
2512,0.6657827496528625,0.0098419189453125,0.667751133441925,
2513,0.44450077414512634,0.0095367431640625,0.44640812277793884,
2514,0.8310049176216125,0.0135650634765625,0.8337171673774719,
2515,0.6706082820892334,0.01141357421875,0.67289137840271,
2516,0.7389039397239685,0.0107574462890625,0.741055428981781,
2517,0.49007076025009155,0.01242828369140625,0.49255603551864624,
2518,0.4744763970375061,0.00792694091796875,0.4760614037513733,
2519,0.2859203517436981,0.005535125732421875,0.2870275676250458,
2520,0.7491229772567749,0.0113525390625,0.7513927221298218,
2521,0.7892752885818481,0.00952911376953125,0.7911807298660278,
2522,0.8231803178787231,0.01232147216796875,0.8256446123123169,
2523,1.2364569902420044,0.0158538818359375,1.2396270036697388,
2524,0.9912703633308411,0.01393890380859375,0.9940589070320129,
2525,0.7506431341171265,0.01007843017578125,0.7526592016220093,
2526,0.7366673350334167,0.01299285888671875,0.7392651438713074,
2527,0.7616091370582581,0.01259613037109375,0.7641287446022034,
2528,0.9843422770500183,0.015869140625,0.9875161051750183,
2529,0.9510957598686218,0.01381683349609375,0.9538595080375671,
2530,0.5427507758140564,0.0120086669921875,0.5451521277427673,
2531,0.6781262755393982,0.0159912109375,0.6813248991966248,
2532,0.43020927906036377,0.0078582763671875,0.43178093433380127,
2533,0.5083357691764832,0.009613037109375,0.5102583765983582,
2534,0.31171926856040955,0.007415771484375,0.31320223212242126,
2535,0.753943920135498,0.01528167724609375,0.7569994926452637,
2536,0.9410965442657471,0.0171356201171875,0.9445240497589111,
2537,0.4370191693305969,0.00946807861328125,0.43891316652297974,
2538,0.6221433281898499,0.01502227783203125,0.6251474022865295,
2539,0.6075297594070435,0.01213836669921875,0.6099578142166138,
2540,0.5144177675247192,0.01119232177734375,0.5166569948196411,
2541,0.5310081839561462,0.0134735107421875,0.5337032675743103,
2542,0.8026201128959656,0.0106964111328125,0.8047601580619812,
2543,0.3319188058376312,0.006191253662109375,0.33315667510032654,
2544,0.8593745231628418,0.014068603515625,0.8621878623962402,
2545,0.8429803848266602,0.0158538818359375,0.8461503982543945,
2546,0.6841403841972351,0.010345458984375,0.6862098574638367,
2547,0.5081019401550293,0.00884246826171875,0.5098700523376465,
2548,0.4098406136035919,0.007114410400390625,0.41126349568367004,
2549,0.9865739345550537,0.0123138427734375,0.9890363216400146,
2550,0.43920233845710754,0.00849151611328125,0.4409008324146271,
2551,0.5187261700630188,0.00881195068359375,0.5204885601997375,
2552,1.2431992292404175,0.01311492919921875,1.2458218336105347,
2553,0.6374523639678955,0.01091766357421875,0.6396362781524658,
2554,0.5168958306312561,0.0088043212890625,0.518656313419342,
2555,0.6470639705657959,0.00981903076171875,0.6490285396575928,
2556,0.6281395554542542,0.0113525390625,0.630409300327301,
2557,0.6053041219711304,0.0116424560546875,0.6076329946517944,
2558,0.3063111901283264,0.004932403564453125,0.3072972893714905,
2559,0.563241720199585,0.0100555419921875,0.5652520656585693,
2560,0.6009547710418701,0.0120849609375,0.6033713817596436,
2561,0.6235443353652954,0.014892578125,0.6265236139297485,
2562,0.9798357486724854,0.01096343994140625,0.9820291996002197,
2563,0.8273056149482727,0.01503753662109375,0.830313503742218,
2564,0.5085153579711914,0.01033782958984375,0.5105829238891602,
2565,0.48597651720046997,0.01190185546875,0.48835688829421997,
2566,0.7535336017608643,0.01194000244140625,0.7559216022491455,
2567,0.7274526953697205,0.01384735107421875,0.7302221655845642,
2568,0.5237775444984436,0.013031005859375,0.5263829827308655,
2569,0.4486580789089203,0.00995635986328125,0.45064935088157654,
2570,0.753714382648468,0.0112152099609375,0.7559574246406555,
2571,0.42657271027565,0.01024627685546875,0.42862120270729065,
2572,0.5930113792419434,0.01175689697265625,0.5953631401062012,
2573,0.7003213763237,0.014007568359375,0.7031232714653015,
2574,0.577064037322998,0.01009368896484375,0.5790820121765137,
2575,0.532100260257721,0.01092529296875,0.5342860817909241,
2576,0.6349058151245117,0.01154327392578125,0.6372137069702148,
2577,0.5260401368141174,0.008026123046875,0.5276451706886292,
2578,0.4095374047756195,0.00970458984375,0.4114781320095062,
2579,0.9117737412452698,0.0121307373046875,0.9141998887062073,
2580,0.46558186411857605,0.009429931640625,0.4674682319164276,
2581,0.5953410267829895,0.00989532470703125,0.5973208546638489,
2582,0.5530992746353149,0.0087738037109375,0.5548540353775024,
2583,1.09703528881073,0.0132598876953125,1.0996865034103394,
2584,0.5149166584014893,0.007762908935546875,0.5164692401885986,
2585,0.3961156904697418,0.01047515869140625,0.39820995926856995,
2586,0.8313719630241394,0.01198577880859375,0.8337695002555847,
2587,0.7017761468887329,0.01200103759765625,0.704175591468811,
2588,0.4325985610485077,0.0103302001953125,0.43466421961784363,
2589,0.5751360654830933,0.01236724853515625,0.5776098966598511,
2590,0.7863156795501709,0.0135498046875,0.7890260219573975,
2591,0.6503374576568604,0.01154327392578125,0.6526453495025635,
2592,0.7773587107658386,0.0159759521484375,0.7805535197257996,
2593,0.4402361214160919,0.01007843017578125,0.44225218892097473,
2594,0.6509900689125061,0.009246826171875,0.6528392434120178,
2595,0.8591815233230591,0.01044464111328125,0.8612700700759888,
2596,0.41294145584106445,0.007518768310546875,0.4144454002380371,
2597,0.4975641369819641,0.007904052734375,0.4991453289985657,
2598,1.0527660846710205,0.01528167724609375,1.0558216571807861,
2599,0.3053283095359802,0.007259368896484375,0.30677980184555054,
2600,0.4286635220050812,0.00693511962890625,0.43005016446113586,
2601,0.38476139307022095,0.00705718994140625,0.3861728310585022,
2602,0.823222815990448,0.01177215576171875,0.8255764842033386,
2603,0.908564031124115,0.0118865966796875,0.9109405875205994,
2604,0.4018230736255646,0.00907135009765625,0.40363696217536926,
2605,0.39330869913101196,0.00635528564453125,0.3945799469947815,
2606,1.031900405883789,0.0137176513671875,1.0346431732177734,
2607,1.0777043104171753,0.01395416259765625,1.08049476146698,
2608,0.4081723690032959,0.0075225830078125,0.40967726707458496,
2609,0.5353541970252991,0.0097503662109375,0.5373044610023499,
2610,0.7883334159851074,0.0159759521484375,0.7915282249450684,
2611,0.7268850207328796,0.0152435302734375,0.729932963848114,
2612,0.6755624413490295,0.0106964111328125,0.6777024865150452,
2613,0.4978622794151306,0.01261138916015625,0.5003837943077087,
2614,0.5498400330543518,0.01189422607421875,0.552218496799469,
2615,0.813544511795044,0.0181121826171875,0.8171665668487549,
2616,0.5602826476097107,0.01163482666015625,0.5626096129417419,
2617,0.4109697639942169,0.009307861328125,0.4128313362598419,
2618,0.7755978107452393,0.0142059326171875,0.7784397602081299,
2619,1.0623809099197388,0.01763916015625,1.065909504890442,
2620,0.4856230616569519,0.0099029541015625,0.4876028895378113,
2621,0.5151189565658569,0.01070404052734375,0.5172590017318726,
2622,0.5445302128791809,0.01425933837890625,0.5473816990852356,
2623,1.215822458267212,0.0192108154296875,1.2196638584136963,
2624,0.48791739344596863,0.01168060302734375,0.49025389552116394,
2625,0.6671385765075684,0.0123138427734375,0.6696009635925293,
2626,0.6075707077980042,0.01442718505859375,0.6104565262794495,
2627,0.5953767895698547,0.0114593505859375,0.5976694226264954,
2628,0.586540937423706,0.01163482666015625,0.5888679027557373,
2629,0.3102201223373413,0.00836944580078125,0.3118938207626343,
2630,0.8206766247749329,0.0145263671875,0.8235815167427063,
2631,0.415875643491745,0.0106964111328125,0.4180156886577606,
2632,0.467398077249527,0.01160430908203125,0.4697193205356598,
2633,0.8223787546157837,0.0161590576171875,0.8256098031997681,
2634,1.000344157218933,0.0140838623046875,1.0031613111495972,
2635,0.6913979649543762,0.01284027099609375,0.6939652562141418,
2636,0.7010913491249084,0.01020050048828125,0.7031322121620178,
2637,0.4448608458042145,0.00806427001953125,0.44647350907325745,
2638,0.636464536190033,0.0128631591796875,0.639037549495697,
2639,0.6920456290245056,0.00909423828125,0.6938642859458923,
2640,0.6184918880462646,0.01198577880859375,0.62088942527771,
2641,0.8010596036911011,0.01375579833984375,0.8038100004196167,
2642,0.5174763798713684,0.01273345947265625,0.5200226902961731,
2643,0.7590734362602234,0.0134429931640625,0.761762797832489,
2644,0.9499686360359192,0.013580322265625,0.9526847004890442,
2645,0.5380339622497559,0.01004791259765625,0.5400443077087402,
2646,0.6527324914932251,0.010223388671875,0.6547771692276001,
2647,0.8597387075424194,0.014068603515625,0.8625520467758179,
2648,0.338152140378952,0.006679534912109375,0.3394882380962372,
2649,0.681284487247467,0.0136566162109375,0.6840158104896545,
2650,0.609481692314148,0.01348114013671875,0.6121786832809448,
2651,0.2569679617881775,0.0093536376953125,0.25883907079696655,
2652,1.1317932605743408,0.0191650390625,1.135627031326294,
2653,0.6952876448631287,0.011505126953125,0.6975879073143005,
2654,0.628187894821167,0.013580322265625,0.630903959274292,
2655,0.6622292995452881,0.01004791259765625,0.6642396450042725,
2656,0.9709196090698242,0.017059326171875,0.9743318557739258,
2657,1.0162642002105713,0.015899658203125,1.0194437503814697,
2658,0.8219082951545715,0.01280975341796875,0.8244698643684387,
2659,1.0900590419769287,0.01346588134765625,1.09275221824646,
2660,1.0120285749435425,0.0147552490234375,1.0149792432785034,
2661,0.4610055685043335,0.0099639892578125,0.46299874782562256,
2662,0.4021454453468323,0.0103759765625,0.4042206406593323,
2663,0.5284859538078308,0.010986328125,0.5306832194328308,
2664,0.6740347146987915,0.01438140869140625,0.6769109964370728,
2665,0.4865257143974304,0.01126861572265625,0.4887802004814148,
2666,0.763542890548706,0.0120086669921875,0.765944242477417,
2667,0.938215434551239,0.0132293701171875,0.94086092710495,
2668,0.4920223355293274,0.0101776123046875,0.49405747652053833,
2669,0.7052061557769775,0.012603759765625,0.7077276706695557,
2670,0.42225849628448486,0.00943756103515625,0.42414581775665283,
2671,0.7701483368873596,0.0103302001953125,0.7722139954566956,
2672,0.589354395866394,0.01103973388671875,0.5915631055831909,
2673,0.613688051700592,0.01152801513671875,0.6159940361976624,
2674,0.4487038552761078,0.009674072265625,0.45063886046409607,
2675,0.41942209005355835,0.0117950439453125,0.4217814803123474,
2676,0.4718573987483978,0.0093841552734375,0.4737342298030853,
2677,1.2667412757873535,0.0198211669921875,1.270704746246338,
2678,0.5565999150276184,0.0091094970703125,0.5584214329719543,
2679,0.5427055358886719,0.008880615234375,0.5444812774658203,
2680,0.5323778390884399,0.0093841552734375,0.5342546701431274,
2681,0.4554702341556549,0.009735107421875,0.45741763710975647,
2682,0.8406968116760254,0.01678466796875,0.8440537452697754,
2683,0.6193174123764038,0.01381683349609375,0.6220811605453491,
2684,0.6398396492004395,0.0129547119140625,0.6424298286437988,
2685,0.5732477307319641,0.01220703125,0.5756891369819641,
2686,0.7674020528793335,0.01348876953125,0.7700990438461304,
2687,0.8195645809173584,0.01763916015625,0.8230931758880615,
2688,0.7648226022720337,0.017303466796875,0.7682825326919556,
2689,0.49055880308151245,0.008697509765625,0.49229830503463745,
2690,0.5090892314910889,0.0140838623046875,0.5119063854217529,
2691,0.4251690208911896,0.01091766357421875,0.4273529350757599,
2692,0.6345387101173401,0.01200103759765625,0.6369381546974182,
2693,0.3391144275665283,0.00690460205078125,0.34049534797668457,
2694,0.2729802131652832,0.00772857666015625,0.27452611923217773,
2695,0.4696040749549866,0.00855255126953125,0.4713149666786194,
2696,0.7262677550315857,0.010040283203125,0.7282761931419373,
2697,0.3624538779258728,0.0089874267578125,0.3642515540122986,
2698,0.607647716999054,0.0115203857421875,0.6099517941474915,
2699,0.3578226864337921,0.00800323486328125,0.3594229519367218,
2700,0.7929242849349976,0.01165008544921875,0.7952550649642944,
2701,0.5024733543395996,0.01169586181640625,0.5048117637634277,
2702,0.5256542563438416,0.0096588134765625,0.5275864005088806,
2703,0.4459567666053772,0.0081787109375,0.4475923180580139,
2704,0.49860572814941406,0.0075531005859375,0.5001163482666016,
2705,0.47952237725257874,0.0106201171875,0.48164716362953186,
2706,0.6422325372695923,0.0112457275390625,0.6444813013076782,
2707,0.3362778425216675,0.007228851318359375,0.33772361278533936,
2708,0.5042651295661926,0.010101318359375,0.5062850117683411,
2709,0.4002922475337982,0.00946044921875,0.4021843373775482,
2710,0.7639559507369995,0.01267242431640625,0.7664908170700073,
2711,0.3474884033203125,0.0070037841796875,0.3488893508911133,
2712,0.7304884791374207,0.01435089111328125,0.7333590388298035,
2713,0.5436333417892456,0.0101470947265625,0.5456627607345581,
2714,0.6242731213569641,0.01690673828125,0.6276548504829407,
2715,0.5277791023254395,0.00922393798828125,0.5296235084533691,
2716,0.47113728523254395,0.00942230224609375,0.4730217456817627,
2717,0.9920914769172668,0.01515960693359375,0.9951241612434387,
2718,0.3747042715549469,0.007232666015625,0.3761509954929352,
2719,0.6764011979103088,0.011322021484375,0.6786652207374573,
2720,0.4926835596561432,0.010955810546875,0.49487510323524475,
2721,0.531954824924469,0.01102447509765625,0.5341597199440002,
2722,0.273112028837204,0.00811004638671875,0.274734228849411,
2723,0.8559910655021667,0.0125579833984375,0.8585030436515808,
2724,1.0964512825012207,0.0191192626953125,1.1002755165100098,
2725,0.4873429536819458,0.00738525390625,0.4888201951980591,
2726,0.6525238156318665,0.01373291015625,0.6552703976631165,
2727,0.4394465386867523,0.01244354248046875,0.44193562865257263,
2728,0.539560079574585,0.0096435546875,0.5414884090423584,
2729,0.6689758896827698,0.01279449462890625,0.6715355515480042,
2730,0.7507773637771606,0.0166778564453125,0.7541133165359497,
2731,0.6509215235710144,0.01213836669921875,0.6533495783805847,
2732,0.42532864212989807,0.01482391357421875,0.4282926619052887,
2733,0.44312340021133423,0.010101318359375,0.44514328241348267,
2734,0.9785904288291931,0.01088714599609375,0.980768620967865,
2735,0.5480236411094666,0.0130157470703125,0.5506271719932556,
2736,1.2559887170791626,0.015625,1.2591129541397095,
2737,0.8454383611679077,0.01293182373046875,0.8480247259140015,
2738,0.5218642950057983,0.010284423828125,0.5239204168319702,
2739,0.7788031697273254,0.0109710693359375,0.7809966206550598,
2740,0.4627600908279419,0.007701873779296875,0.464300274848938,
2741,0.33722779154777527,0.00803375244140625,0.3388347327709198,
2742,0.8915471434593201,0.01284027099609375,0.8941144347190857,
2743,0.8432432413101196,0.01355743408203125,0.845955491065979,
2744,0.5084810853004456,0.01071929931640625,0.5106249451637268,
2745,0.6450040936470032,0.011962890625,0.64739590883255,
2746,0.6124052405357361,0.01024627685546875,0.6144537329673767,
2747,0.7764789462089539,0.01068878173828125,0.7786170840263367,
2748,0.6398741602897644,0.00921630859375,0.6417176127433777,
2749,0.4964221119880676,0.007076263427734375,0.4978373646736145,
2750,0.42560118436813354,0.0084381103515625,0.4272891879081726,
2751,0.5167148113250732,0.0105133056640625,0.5188167095184326,
2752,0.7543612122535706,0.00984954833984375,0.7563315033912659,
2753,0.4625523090362549,0.0091552734375,0.4643833637237549,
2754,0.7136774063110352,0.00943756103515625,0.7155647277832031,
2755,0.3789466619491577,0.007205963134765625,0.38038766384124756,
2756,0.5070478320121765,0.00655364990234375,0.5083581805229187,
2757,0.4445074796676636,0.00818634033203125,0.4461449384689331,
2758,0.32981905341148376,0.0087890625,0.3315766751766205,
2759,0.6383920311927795,0.00787353515625,0.6399665474891663,
2760,0.504803478717804,0.0107421875,0.5069511532783508,
2761,0.5840896964073181,0.01143646240234375,0.5863766074180603,
2762,0.5134363174438477,0.00893402099609375,0.515223503112793,
2763,0.5897709727287292,0.01186370849609375,0.592143714427948,
2764,0.3950352072715759,0.005870819091796875,0.396209180355072,
2765,0.47763705253601074,0.00890350341796875,0.4794175624847412,
2766,0.4789183437824249,0.00971221923828125,0.48086097836494446,
2767,0.40444791316986084,0.0090789794921875,0.40626370906829834,
2768,0.8693713545799255,0.01444244384765625,0.8722590804100037,
2769,0.4891611337661743,0.00977325439453125,0.49111616611480713,
2770,0.6851275563240051,0.01214599609375,0.6875575184822083,
2771,0.5666898488998413,0.01141357421875,0.5689729452133179,
2772,0.8174616098403931,0.0114593505859375,0.8197542428970337,
2773,0.9216875433921814,0.0134124755859375,0.9243692755699158,
2774,0.46313241124153137,0.007251739501953125,0.4645829498767853,
2775,0.9567436575889587,0.0167999267578125,0.9601044058799744,
2776,0.3923278748989105,0.007659912109375,0.39385947585105896,
2777,0.4697842597961426,0.00873565673828125,0.47153139114379883,
2778,0.9282927513122559,0.01264190673828125,0.9308218955993652,
2779,0.5591568350791931,0.0121002197265625,0.5615772604942322,
2780,0.7518922090530396,0.009429931640625,0.7537785768508911,
2781,0.7918956875801086,0.014923095703125,0.7948806881904602,
2782,0.4395323693752289,0.01378631591796875,0.44229039549827576,
2783,1.1440225839614868,0.024383544921875,1.1488977670669556,
2784,0.69181889295578,0.0109710693359375,0.6940123438835144,
2785,0.4624246656894684,0.0094757080078125,0.4643196165561676,
2786,0.8490656018257141,0.01395416259765625,0.8518560528755188,
2787,0.5868737101554871,0.00919342041015625,0.5887123942375183,
2788,0.4071130156517029,0.007274627685546875,0.4085683226585388,
2789,0.3780718147754669,0.006031036376953125,0.3792782127857208,
2790,0.7354177832603455,0.010284423828125,0.7374739050865173,
2791,0.6981461644172668,0.018218994140625,0.7017892003059387,
2792,1.0264614820480347,0.0142822265625,1.0293186902999878,
2793,0.8060444593429565,0.01160430908203125,0.8083657026290894,
2794,0.7713942527770996,0.013824462890625,0.7741599082946777,
2795,0.8539913296699524,0.012420654296875,0.8564746975898743,
2796,0.6876724362373352,0.0100250244140625,0.6896770596504211,
2797,0.673514723777771,0.01146697998046875,0.6758073568344116,
2798,0.5628249049186707,0.01045989990234375,0.564917266368866,
2799,0.5107935070991516,0.00911712646484375,0.5126169323921204,
2800,0.4677002429962158,0.0079345703125,0.4692871570587158,
2801,0.4713501036167145,0.00872039794921875,0.4730943739414215,
2802,0.5883259773254395,0.01446533203125,0.591219425201416,
2803,0.841079831123352,0.01506805419921875,0.8440934419631958,
2804,0.8300362229347229,0.01245880126953125,0.832527220249176,
2805,0.7950272560119629,0.01012420654296875,0.7970528602600098,
2806,0.6305387020111084,0.00981903076171875,0.6325032711029053,
2807,0.662894070148468,0.0091552734375,0.664725124835968,
2808,0.6473032236099243,0.010009765625,0.6493059396743774,
2809,0.6335564255714417,0.01403045654296875,0.6363621354103088,
2810,0.6871525049209595,0.01326751708984375,0.6898056268692017,
2811,0.4362812340259552,0.007236480712890625,0.4377289116382599,
2812,0.6026136875152588,0.00896453857421875,0.6044065952301025,
2813,0.365684449672699,0.005115509033203125,0.3667077422142029,
2814,0.5472683310508728,0.0100555419921875,0.5492786765098572,
2815,0.5278721451759338,0.007335662841796875,0.5293388962745667,
2816,0.7398507595062256,0.01546478271484375,0.7429444789886475,
2817,1.1186959743499756,0.0123443603515625,1.121164083480835,
2818,0.3237726092338562,0.00905609130859375,0.32558363676071167,
2819,0.5663666725158691,0.011077880859375,0.5685830116271973,
2820,0.7531779408454895,0.01232147216796875,0.7556422352790833,
2821,0.5692471265792847,0.01065826416015625,0.571379542350769,
2822,0.449287474155426,0.01108551025390625,0.45150381326675415,
2823,0.5679404139518738,0.010772705078125,0.5700957179069519,
2824,0.5995434522628784,0.01264190673828125,0.6020725965499878,
2825,0.9297932386398315,0.0140380859375,0.9326008558273315,
2826,0.5672301650047302,0.0095977783203125,0.569149911403656,
2827,1.2684566974639893,0.018218994140625,1.2720997333526611,
2828,0.3971467912197113,0.008880615234375,0.39892253279685974,
2829,0.6702257394790649,0.01239013671875,0.6727033853530884,
2830,0.4569982886314392,0.0088653564453125,0.4587711691856384,
2831,0.5464955568313599,0.01531982421875,0.5495587587356567,
2832,0.6592087149620056,0.0109405517578125,0.6613964438438416,
2833,0.7807766199111938,0.018707275390625,0.784518837928772,
2834,0.8472743034362793,0.01422119140625,0.8501181602478027,
2835,0.7402701377868652,0.011138916015625,0.7424979209899902,
2836,0.5756422281265259,0.00963592529296875,0.5775696039199829,
2837,0.7256478071212769,0.014251708984375,0.7284973859786987,
2838,0.896376371383667,0.01132965087890625,0.8986423015594482,
2839,0.3904864192008972,0.00896453857421875,0.39227932691574097,
2840,0.43820422887802124,0.01177978515625,0.4405598044395447,
2841,0.7900730967521667,0.01404571533203125,0.7928826212882996,
2842,0.47026050090789795,0.00879669189453125,0.4720200300216675,
2843,0.7472161054611206,0.01194000244140625,0.7496041059494019,
2844,0.964904248714447,0.01447296142578125,0.9677996039390564,
2845,0.41779324412345886,0.0095367431640625,0.41970059275627136,
2846,0.38518524169921875,0.0098114013671875,0.3871479034423828,
2847,1.1353862285614014,0.0128631591796875,1.1379592418670654,
2848,0.7969029545783997,0.01215362548828125,0.7993329167366028,
2849,0.8368638157844543,0.0175018310546875,0.8403638005256653,
2850,1.1120561361312866,0.01213836669921875,1.114484190940857,
2851,0.8859333395957947,0.0192718505859375,0.8897880911827087,
2852,0.3915829658508301,0.01338958740234375,0.39426088333129883,
2853,0.4129156172275543,0.00608062744140625,0.4141315519809723,
2854,0.5262614488601685,0.0113677978515625,0.528535008430481,
2855,0.892890453338623,0.0166778564453125,0.8962264060974121,
2856,0.8098033666610718,0.01178741455078125,0.812160849571228,
2857,0.728657603263855,0.01392364501953125,0.7314423322677612,
2858,0.8332524299621582,0.01541900634765625,0.836336612701416,
2859,0.31528136134147644,0.00739288330078125,0.31675955653190613,
2860,0.8770774006843567,0.01522064208984375,0.8801215291023254,
2861,0.8089956045150757,0.01299285888671875,0.8115934133529663,
2862,0.44199612736701965,0.013397216796875,0.4446759521961212,
2863,0.49657607078552246,0.00894927978515625,0.498366117477417,
2864,0.7673909068107605,0.013153076171875,0.7700211405754089,
2865,1.0037630796432495,0.0157318115234375,1.0069102048873901,
2866,0.4565677046775818,0.00868988037109375,0.458305299282074,
2867,0.5215620398521423,0.0095977783203125,0.5234817862510681,
2868,0.5310623645782471,0.01177978515625,0.5334179401397705,
2869,0.34444135427474976,0.0083770751953125,0.34611696004867554,
2870,0.5421216487884521,0.0098876953125,0.5440995693206787,
2871,0.5769331455230713,0.01270294189453125,0.5794737339019775,
2872,0.9550110697746277,0.0140380859375,0.9578186869621277,
2873,0.5829610824584961,0.0111236572265625,0.5851850509643555,
2874,0.3321933448314667,0.01296234130859375,0.33478543162345886,
2875,0.7692620754241943,0.01206207275390625,0.7716748714447021,
2876,0.9192055463790894,0.0122528076171875,0.9216564893722534,
2877,0.5025010108947754,0.009429931640625,0.504387378692627,
2878,0.5921181440353394,0.0108184814453125,0.5942810773849487,
2879,0.5776181221008301,0.00884246826171875,0.5793862342834473,
2880,0.9538884162902832,0.0141143798828125,0.9567112922668457,
2881,0.46104076504707336,0.00928497314453125,0.46289756894111633,
2882,0.896430492401123,0.01413726806640625,0.8992571830749512,
2883,0.6706835031509399,0.01152801513671875,0.6729894876480103,
2884,0.8940033912658691,0.011749267578125,0.8963532447814941,
2885,0.34865328669548035,0.0096893310546875,0.35059115290641785,
2886,0.7408196926116943,0.0136566162109375,0.7435510158538818,
2887,0.77836012840271,0.01203155517578125,0.7807672023773193,
2888,0.6236536502838135,0.0093536376953125,0.6255247592926025,
2889,0.7162877917289734,0.01523590087890625,0.7193357348442078,
2890,0.330118864774704,0.00839996337890625,0.3317992389202118,
2891,0.6246746182441711,0.013458251953125,0.6273658871650696,
2892,1.0205193758010864,0.021453857421875,1.0248109102249146,
2893,0.38764312863349915,0.01059722900390625,0.38976219296455383,
2894,1.2995961904525757,0.0151214599609375,1.3026212453842163,
2895,0.2323300540447235,0.007167816162109375,0.2337634265422821,
2896,0.5114983320236206,0.011688232421875,0.5138367414474487,
2897,0.5831632614135742,0.010650634765625,0.5852937698364258,
2898,0.8004752993583679,0.015625,0.8035995364189148,
2899,0.6863030791282654,0.01337432861328125,0.6889771819114685,
2900,0.5387488603591919,0.01458740234375,0.541667103767395,
2901,1.0245386362075806,0.0148162841796875,1.0275026559829712,
2902,0.6580169200897217,0.01222991943359375,0.6604621410369873,
2903,0.6531504988670349,0.01186370849609375,0.6555232405662537,
2904,0.6917738914489746,0.0116729736328125,0.6941084861755371,
2905,0.46725359559059143,0.015533447265625,0.470360666513443,
2906,1.24592924118042,0.01514434814453125,1.2489581108093262,
2907,0.6240258812904358,0.0122528076171875,0.6264768242835999,
2908,0.6219275593757629,0.01042938232421875,0.6240141987800598,
2909,0.8889804482460022,0.01494598388671875,0.8919692635536194,
2910,0.3185283839702606,0.00897216796875,0.3203231990337372,
2911,0.5652772188186646,0.0106658935546875,0.5674096345901489,
2912,0.8132225871086121,0.012786865234375,0.8157803416252136,
2913,0.4292973577976227,0.01009368896484375,0.4313153326511383,
2914,0.48690536618232727,0.0091400146484375,0.48873355984687805,
2915,0.653889536857605,0.01346588134765625,0.6565827131271362,
2916,0.35537874698638916,0.010223388671875,0.35742342472076416,
2917,0.366751104593277,0.00905609130859375,0.36856213212013245,
2918,0.8906673789024353,0.01280975341796875,0.8932289481163025,
2919,0.6668320894241333,0.01062774658203125,0.6689568758010864,
2920,1.0768200159072876,0.016204833984375,1.080060601234436,
2921,0.5563783049583435,0.00872039794921875,0.5581225752830505,
2922,0.6104103326797485,0.01023101806640625,0.6124569177627563,
2923,0.5638919472694397,0.006526947021484375,0.5651975274085999,
2924,0.6530440449714661,0.01078033447265625,0.6551993489265442,
2925,0.4419032335281372,0.007358551025390625,0.44337475299835205,
2926,0.6753135323524475,0.010498046875,0.6774135231971741,
2927,0.9634358882904053,0.016510009765625,0.9667375087738037,
2928,0.5831072330474854,0.01081085205078125,0.5852701663970947,
2929,0.7664827704429626,0.0149993896484375,0.7694830298423767,
2930,0.37437841296195984,0.00872039794921875,0.37612268328666687,
2931,0.33455348014831543,0.00647735595703125,0.3358485698699951,
2932,0.49339500069618225,0.01058197021484375,0.4955121576786041,
2933,0.3514704704284668,0.008880615234375,0.35324621200561523,
2934,0.4501146078109741,0.0079193115234375,0.4516986608505249,
2935,0.4207579493522644,0.0068206787109375,0.42212170362472534,
2936,0.3220612108707428,0.006443023681640625,0.32334962487220764,
2937,0.4575868546962738,0.01168060302734375,0.4599233567714691,
2938,0.6276921033859253,0.0118255615234375,0.6300572156906128,
2939,0.8251245021820068,0.0120697021484375,0.8275392055511475,
2940,0.5316856503486633,0.009246826171875,0.533534824848175,
2941,0.8780446648597717,0.013671875,0.8807798027992249,
2942,0.5307230949401855,0.010986328125,0.5329203605651855,
2943,0.7988245487213135,0.01229095458984375,0.8012831211090088,
2944,0.6182622313499451,0.00905609130859375,0.6200732588768005,
2945,0.3386801481246948,0.007110595703125,0.34010207653045654,
2946,0.7411133646965027,0.013946533203125,0.7439019083976746,
2947,1.1065044403076172,0.01287841796875,1.109079360961914,
2948,0.6645496487617493,0.00933074951171875,0.6664159893989563,
2949,0.8220699429512024,0.01163482666015625,0.8243969082832336,
2950,0.37120190262794495,0.008453369140625,0.3728927671909332,
2951,0.7244597673416138,0.0116119384765625,0.7267829179763794,
2952,0.30517032742500305,0.006771087646484375,0.3065245449542999,
2953,0.4658861458301544,0.006778717041015625,0.4672422707080841,
2954,0.6349282264709473,0.00714111328125,0.6363568305969238,
2955,0.8021366596221924,0.0107421875,0.8042843341827393,
2956,0.46416351199150085,0.010894775390625,0.46634170413017273,
2957,0.3970149755477905,0.007656097412109375,0.39854657649993896,
2958,0.6580536961555481,0.00934600830078125,0.6599228978157043,
2959,0.7093155980110168,0.0134429931640625,0.7120049595832825,
2960,0.6330748200416565,0.0093231201171875,0.6349392533302307,
2961,0.9794999361038208,0.012542724609375,0.9820080995559692,
2962,0.5801910161972046,0.0084075927734375,0.5818723440170288,
2963,0.7401385307312012,0.01263427734375,0.7426657676696777,
2964,0.755261242389679,0.0132598876953125,0.7579124569892883,
2965,0.9510910511016846,0.0176239013671875,0.9546158313751221,
2966,0.6353039145469666,0.0114288330078125,0.6375889182090759,
2967,0.42793378233909607,0.0085296630859375,0.42963990569114685,
2968,0.6015613079071045,0.00937652587890625,0.6034362316131592,
2969,1.1860332489013672,0.0161590576171875,1.1892642974853516,
2970,1.1046785116195679,0.013763427734375,1.1074308156967163,
2971,0.5664021372795105,0.01302337646484375,0.5690075755119324,
2972,0.7752252817153931,0.0148773193359375,0.7782007455825806,
2973,0.77045738697052,0.01108551025390625,0.7726737260818481,
2974,1.0466021299362183,0.0144195556640625,1.0494860410690308,
2975,0.36822766065597534,0.008697509765625,0.36996716260910034,
2976,0.4388863146305084,0.00835418701171875,0.4405571520328522,
2977,0.2674872875213623,0.00722503662109375,0.2689321041107178,
2978,0.43951261043548584,0.0084075927734375,0.44119393825531006,
2979,0.6460058093070984,0.01131439208984375,0.648267924785614,
2980,0.6907707452774048,0.0121917724609375,0.6932083368301392,
2981,0.5493124127388,0.0118560791015625,0.551683247089386,
2982,0.42571821808815,0.0087890625,0.42747583985328674,
2983,0.4648341238498688,0.00904083251953125,0.466642290353775,
2984,0.4880915582180023,0.00995635986328125,0.49008283019065857,
2985,0.9673740267753601,0.0164947509765625,0.9706737399101257,
2986,0.7962457537651062,0.0125732421875,0.7987596392631531,
2987,0.5035282373428345,0.01251983642578125,0.5060325860977173,
2988,0.8520473837852478,0.0124053955078125,0.8545288443565369,
2989,0.8887925744056702,0.01317596435546875,0.891428530216217,
2990,1.0067241191864014,0.01806640625,1.0103366374969482,
2991,0.6249591708183289,0.01043701171875,0.6270458102226257,
2992,0.7290742993354797,0.01091766357421875,0.73125821352005,
2993,0.6072519421577454,0.01291656494140625,0.6098344922065735,
2994,0.4393967390060425,0.00960540771484375,0.44131743907928467,
2995,0.6101853847503662,0.00914764404296875,0.6120145320892334,
2996,0.5355844497680664,0.009307861328125,0.5374460220336914,
2997,0.5901891589164734,0.01033782958984375,0.5922567248344421,
2998,0.6804707646369934,0.0106048583984375,0.6825917363166809,
2999,0.7964698672294617,0.01074981689453125,0.7986194491386414,
3000,0.6123121976852417,0.01074981689453125,0.6144617795944214,51.14503816793893
3001,0.5984264612197876,0.012176513671875,0.6008621454238892,
3002,0.4801090657711029,0.01059722900390625,0.4822281301021576,
3003,0.6936904788017273,0.011016845703125,0.6958934664726257,
3004,0.35421547293663025,0.009124755859375,0.3560408055782318,
3005,0.5538567304611206,0.007663726806640625,0.5553892850875854,
3006,0.2912753224372864,0.005420684814453125,0.2923596501350403,
3007,1.083640217781067,0.0147705078125,1.0865947008132935,
3008,0.9182496070861816,0.01407623291015625,0.9210648536682129,
3009,1.0102357864379883,0.015167236328125,1.0132684707641602,
3010,0.5579698085784912,0.01090240478515625,0.5601499080657959,
3011,0.7071977853775024,0.01142120361328125,0.7094827890396118,
3012,0.842544674873352,0.01174163818359375,0.8448926210403442,
3013,0.8819647431373596,0.01209259033203125,0.8843832612037659,
3014,0.6458088755607605,0.0105438232421875,0.6479184031486511,
3015,0.8802288174629211,0.01247406005859375,0.8827236294746399,
3016,0.5716620683670044,0.010711669921875,0.5738040208816528,
3017,0.6004452109336853,0.01200103759765625,0.6028446555137634,
3018,0.5175716876983643,0.01248931884765625,0.5200703144073486,
3019,0.6282428503036499,0.0105133056640625,0.6303447484970093,
3020,0.6746959090232849,0.01146697998046875,0.6769885420799255,
3021,0.40339186787605286,0.007427215576171875,0.4048776924610138,
3022,0.5922673940658569,0.01369476318359375,0.5950063467025757,
3023,0.7252026200294495,0.0119171142578125,0.7275868058204651,
3024,0.9209486842155457,0.0125274658203125,0.9234549403190613,
3025,0.5798528790473938,0.01235198974609375,0.582322895526886,
3026,0.48427218198776245,0.0098724365234375,0.4862462878227234,
3027,0.5747286081314087,0.010406494140625,0.5768095254898071,
3028,0.5581501722335815,0.009765625,0.5601032972335815,
3029,0.5015265345573425,0.00862884521484375,0.5032526850700378,
3030,0.4768356382846832,0.00782012939453125,0.4783996641635895,
3031,0.5771169662475586,0.0098724365234375,0.5790910720825195,
3032,0.5506917834281921,0.00948333740234375,0.5525886416435242,
3033,0.5365482568740845,0.0076141357421875,0.5380712747573853,
3034,0.5314810872077942,0.007793426513671875,0.533039391040802,
3035,0.8592032790184021,0.0103302001953125,0.861268937587738,
3036,0.936077356338501,0.010498046875,0.9381773471832275,
3037,1.2740379571914673,0.01273345947265625,1.276584267616272,
3038,0.6024032235145569,0.007160186767578125,0.6038356423377991,
3039,0.36705300211906433,0.008697509765625,0.36879250407218933,
3040,1.3953793048858643,0.0160064697265625,1.3985798358917236,
3041,0.6275833249092102,0.01015472412109375,0.6296146512031555,
3042,0.7176724672317505,0.01024627685546875,0.7197209596633911,
3043,0.4556882977485657,0.007049560546875,0.4570978283882141,
3044,0.9187986254692078,0.0172882080078125,0.9222566485404968,
3045,0.9267195463180542,0.015594482421875,0.9298380613327026,
3046,1.1212810277938843,0.016876220703125,1.1246570348739624,
3047,0.5587615966796875,0.01148223876953125,0.5610580444335938,
3048,1.0812143087387085,0.01250457763671875,1.0837148427963257,
3049,0.31120729446411133,0.013031005859375,0.3138127326965332,
3050,0.5433644652366638,0.011505126953125,0.5456647276878357,
3051,0.9030620455741882,0.01250457763671875,0.9055625796318054,
3052,1.003103256225586,0.01206207275390625,1.0055160522460938,
3053,0.8575609922409058,0.01529693603515625,0.860620379447937,
3054,1.2744094133377075,0.0149993896484375,1.2774096727371216,
3055,0.5470194220542908,0.01068878173828125,0.5491575598716736,
3056,0.3249245285987854,0.00759124755859375,0.32644277811050415,
3057,0.7018627524375916,0.01334381103515625,0.7045311331748962,
3058,0.791428804397583,0.01096343994140625,0.7936222553253174,
3059,0.5457993149757385,0.01064300537109375,0.5479279160499573,
3060,0.5634593367576599,0.009185791015625,0.5652961134910583,
3061,0.3238077759742737,0.00963592529296875,0.3257351517677307,
3062,0.7929566502571106,0.01314544677734375,0.7955849766731262,
3063,0.594140887260437,0.0092010498046875,0.5959814786911011,
3064,0.6972907781600952,0.01220703125,0.6997321844100952,
3065,0.22082196176052094,0.005283355712890625,0.22187863290309906,
3066,0.425519198179245,0.00777435302734375,0.4270736873149872,
3067,0.7126376628875732,0.012725830078125,0.7151820659637451,
3068,0.454999715089798,0.01189422607421875,0.45737817883491516,
3069,0.7938039898872375,0.0108489990234375,0.7959745526313782,
3070,0.9504751563072205,0.0154266357421875,0.9535612463951111,
3071,0.2585424482822418,0.005001068115234375,0.259542852640152,
3072,0.6919254064559937,0.01001739501953125,0.6939281225204468,
3073,0.5224637985229492,0.00870513916015625,0.524205207824707,
3074,0.4464893043041229,0.0081024169921875,0.44810959696769714,
3075,0.30189749598503113,0.0065460205078125,0.3032068908214569,
3076,0.3102475106716156,0.007564544677734375,0.3117600381374359,
3077,0.5900888442993164,0.00988006591796875,0.5920648574829102,
3078,0.9409214854240417,0.01343536376953125,0.9436089396476746,
3079,0.6222418546676636,0.0114593505859375,0.6245344877243042,
3080,0.3134993612766266,0.01073455810546875,0.31564703583717346,
3081,0.6146265864372253,0.010162353515625,0.6166598200798035,
3082,0.7059049606323242,0.0124664306640625,0.7083978652954102,
3083,0.7183318734169006,0.00957489013671875,0.7202468514442444,
3084,0.4321901798248291,0.0095672607421875,0.43410325050354004,
3085,0.5413249135017395,0.01224517822265625,0.5437739491462708,
3086,0.9272525310516357,0.0129241943359375,0.9298369884490967,
3087,0.8442431092262268,0.0156402587890625,0.8473711609840393,
3088,0.804754376411438,0.012908935546875,0.8073369264602661,
3089,0.7339769601821899,0.01287078857421875,0.7365518808364868,
3090,0.8564262986183167,0.0147552490234375,0.8593769669532776,
3091,0.47428956627845764,0.0120849609375,0.4767061769962311,
3092,0.4988017678260803,0.01152801513671875,0.5011077523231506,
3093,0.7462320327758789,0.0113677978515625,0.7485055923461914,
3094,0.5616093873977661,0.01080322265625,0.5637704133987427,
3095,0.5550071001052856,0.009735107421875,0.5569545030593872,
3096,0.32328474521636963,0.00811004638671875,0.32490694522857666,
3097,0.6428021192550659,0.01158905029296875,0.6451195478439331,
3098,0.6689131259918213,0.0118865966796875,0.6712896823883057,
3099,1.119846224784851,0.016387939453125,1.123123049736023,
3100,0.9655650854110718,0.01181793212890625,0.9679282903671265,
3101,0.7004725933074951,0.01250457763671875,0.7029731273651123,
3102,0.5365330576896667,0.00858306884765625,0.538249671459198,
3103,0.9798538684844971,0.01448822021484375,0.9827511310577393,
3104,1.0863983631134033,0.01322174072265625,1.0890419483184814,
3105,0.4412684440612793,0.012603759765625,0.4437899589538574,
3106,0.42904409766197205,0.0106048583984375,0.43116506934165955,
3107,0.5747081637382507,0.01073455810546875,0.5768558382987976,
3108,0.7428596019744873,0.01129913330078125,0.7451198101043701,
3109,1.04268217086792,0.01242828369140625,1.0451674461364746,
3110,0.9376863837242126,0.0157928466796875,0.9408449530601501,
3111,0.5773976445198059,0.01084136962890625,0.5795662999153137,
3112,0.7728966474533081,0.01409149169921875,0.775715708732605,
3113,0.6921074390411377,0.01102447509765625,0.694312334060669,
3114,0.6882659792900085,0.00974273681640625,0.6902143359184265,
3115,0.3995644450187683,0.0109100341796875,0.4017464518547058,
3116,0.7212859988212585,0.0147247314453125,0.724230945110321,
3117,1.0540528297424316,0.014862060546875,1.0570244789123535,
3118,0.4893483817577362,0.007663726806640625,0.49088093638420105,
3119,0.7756391167640686,0.0131378173828125,0.7782674431800842,
3120,1.224713921546936,0.01361083984375,1.2274357080459595,
3121,0.5908778309822083,0.008392333984375,0.5925562977790833,
3122,0.8191348910331726,0.01399993896484375,0.8219348788261414,
3123,0.5317548513412476,0.00811004638671875,0.5333770513534546,
3124,0.3559284508228302,0.00936126708984375,0.35780051350593567,
3125,0.6130894422531128,0.0125885009765625,0.6156071424484253,
3126,0.5943278074264526,0.0108795166015625,0.5965040922164917,
3127,1.615527868270874,0.0171661376953125,1.6189610958099365,
3128,0.545538067817688,0.01031494140625,0.5476018190383911,
3129,0.4356931447982788,0.00934600830078125,0.43756234645843506,
3130,0.5641373991966248,0.01078033447265625,0.5662927031517029,
3131,0.3935953676700592,0.0081329345703125,0.39522233605384827,
3132,0.4733971655368805,0.00809478759765625,0.4750165045261383,
3133,0.6663417220115662,0.0135040283203125,0.6690425276756287,
3134,0.8521724939346313,0.009552001953125,0.8540827035903931,
3135,0.7295809984207153,0.0122528076171875,0.7320319414138794,
3136,0.5254603028297424,0.009979248046875,0.5274553894996643,
3137,0.5095750093460083,0.010040283203125,0.5115834474563599,
3138,0.5570032596588135,0.0117340087890625,0.5593492984771729,
3139,0.375527948141098,0.00763702392578125,0.37705573439598083,
3140,0.6296857595443726,0.0088348388671875,0.6314529180526733,
3141,0.8928659558296204,0.0146026611328125,0.8957861065864563,
3142,0.6224578619003296,0.009552001953125,0.6243680715560913,
3143,0.902305006980896,0.01258087158203125,0.9048207998275757,
3144,0.5443075895309448,0.00983428955078125,0.5462740659713745,
3145,1.1501277685165405,0.0142669677734375,1.152981162071228,
3146,0.34514355659484863,0.00856781005859375,0.34685730934143066,
3147,0.5008008480072021,0.0074310302734375,0.5022866725921631,
3148,0.4866054952144623,0.006511688232421875,0.4879082143306732,
3149,0.2978200614452362,0.008392333984375,0.2994985282421112,
3150,0.40272706747055054,0.007640838623046875,0.40425485372543335,
3151,0.672760009765625,0.01200103759765625,0.6751594543457031,
3152,0.47242680191993713,0.00856781005859375,0.47414055466651917,
3153,0.7464029788970947,0.01326751708984375,0.7490561008453369,
3154,0.9653106927871704,0.01392364501953125,0.9680954217910767,
3155,0.6685611605644226,0.00841522216796875,0.6702443957328796,
3156,0.5499677062034607,0.00875091552734375,0.5517176985740662,
3157,0.5820432305335999,0.010467529296875,0.584137499332428,
3158,0.7385078072547913,0.01157379150390625,0.7408233284950256,
3159,0.610989511013031,0.01141357421875,0.6132726073265076,
3160,0.8188905119895935,0.0114593505859375,0.8211831450462341,
3161,0.5757668018341064,0.01158905029296875,0.5780842304229736,
3162,0.7986773252487183,0.01267242431640625,0.8012121915817261,
3163,0.7942113280296326,0.0119476318359375,0.7966012358665466,
3164,0.46257835626602173,0.008331298828125,0.46424442529678345,
3165,0.7318013310432434,0.010986328125,0.7339985966682434,
3166,0.9505038857460022,0.01483154296875,0.9534698128700256,
3167,0.3937438726425171,0.005615234375,0.39486730098724365,
3168,0.5669520497322083,0.0086822509765625,0.568688690662384,
3169,0.6704056859016418,0.01126861572265625,0.6726601719856262,
3170,0.29168999195098877,0.0083160400390625,0.29335319995880127,
3171,0.45356500148773193,0.0096893310546875,0.45550286769866943,
3172,0.31607896089553833,0.0039825439453125,0.31687527894973755,
3173,0.4941945970058441,0.00753021240234375,0.4957004487514496,
3174,0.4555663466453552,0.00936126708984375,0.4574384093284607,
3175,0.567314088344574,0.00812530517578125,0.5689391493797302,
3176,0.8192963004112244,0.01206207275390625,0.8217090964317322,
3177,0.48066291213035583,0.01003265380859375,0.4826694428920746,
3178,0.3126215934753418,0.007472991943359375,0.3141160011291504,
3179,0.6123586297035217,0.00904083251953125,0.614166796207428,
3180,0.5604328513145447,0.00983428955078125,0.5623993277549744,
3181,0.5433872938156128,0.00835418701171875,0.5450581312179565,
3182,0.5741661787033081,0.009735107421875,0.5761135816574097,
3183,0.9069849848747253,0.01082611083984375,0.9091498255729675,
3184,0.6765826940536499,0.01071929931640625,0.6787265539169312,
3185,1.0072803497314453,0.0142822265625,1.0101375579833984,
3186,0.7075340747833252,0.009246826171875,0.7093832492828369,
3187,0.4146076440811157,0.00916290283203125,0.41644060611724854,
3188,0.5914099812507629,0.0133056640625,0.5940707325935364,
3189,0.4817691445350647,0.00978851318359375,0.4837260842323303,
3190,0.9209276437759399,0.0135650634765625,0.9236398935317993,
3191,0.786242663860321,0.0133819580078125,0.788918673992157,
3192,0.8603535294532776,0.01160430908203125,0.8626747727394104,
3193,0.5010570287704468,0.00923919677734375,0.5029052495956421,
3194,0.7552008628845215,0.00933837890625,0.7570681571960449,
3195,0.639989972114563,0.00997161865234375,0.6419850587844849,
3196,0.5083004236221313,0.006992340087890625,0.5096985101699829,
3197,0.579376220703125,0.00928497314453125,0.581233024597168,
3198,0.4813413918018341,0.01113128662109375,0.4835672676563263,
3199,0.8692036271095276,0.01157379150390625,0.871519148349762,
3200,0.3351805508136749,0.006816864013671875,0.33654430508613586,
3201,0.6875136494636536,0.0140533447265625,0.6903250813484192,
3202,0.6973768472671509,0.01357269287109375,0.7000910043716431,
3203,0.6424198746681213,0.009124755859375,0.6442452073097229,
3204,0.8760725855827332,0.0120849609375,0.8784891963005066,
3205,0.7389030456542969,0.0149383544921875,0.7418899536132812,
3206,0.4040376543998718,0.00835418701171875,0.4057084918022156,
3207,0.37370631098747253,0.00946807861328125,0.37560030817985535,
3208,0.8077502846717834,0.010284423828125,0.8098064064979553,
3209,0.38411155343055725,0.0071563720703125,0.38554301857948303,
3210,0.33303916454315186,0.005035400390625,0.33404624462127686,
3211,0.39224809408187866,0.0110626220703125,0.39446061849594116,
3212,0.4083068370819092,0.0086517333984375,0.4100368022918701,
3213,0.4310376048088074,0.0099639892578125,0.43303078413009644,
3214,0.960093080997467,0.0157318115234375,0.9632402062416077,
3215,1.0015125274658203,0.01363372802734375,1.0042400360107422,
3216,0.43913668394088745,0.011627197265625,0.4414617419242859,
3217,0.924114465713501,0.0200958251953125,0.9281351566314697,
3218,0.8068074584007263,0.01280975341796875,0.8093690276145935,
3219,0.7449383735656738,0.0167999267578125,0.7482991218566895,
3220,0.45578905940055847,0.01032257080078125,0.4578528106212616,
3221,0.3303709328174591,0.01006317138671875,0.3323831856250763,
3222,0.29600584506988525,0.00905609130859375,0.2978168725967407,
3223,0.6593658924102783,0.01000213623046875,0.6613667011260986,
3224,0.34767213463783264,0.00858306884765625,0.3493887484073639,
3225,0.5913437008857727,0.01187896728515625,0.5937202572822571,
3226,0.509619414806366,0.00858306884765625,0.5113360285758972,
3227,0.402842253446579,0.0089874267578125,0.40463992953300476,
3228,0.5567297339439392,0.007663726806640625,0.558262288570404,
3229,0.4959302246570587,0.012176513671875,0.4983659088611603,
3230,1.1252388954162598,0.0117950439453125,1.1275982856750488,
3231,0.9474813938140869,0.01450347900390625,0.9503824710845947,
3232,0.36471766233444214,0.0078582763671875,0.36628931760787964,
3233,0.4559086859226227,0.007328033447265625,0.4573744833469391,
3234,0.7021948099136353,0.01378631591796875,0.7049528360366821,
3235,0.6511027216911316,0.010101318359375,0.65312260389328,
3236,0.8117444515228271,0.01081085205078125,0.8139073848724365,
3237,0.7441949844360352,0.014312744140625,0.7470579147338867,
3238,0.36608099937438965,0.01010894775390625,0.3681027889251709,
3239,0.647922158241272,0.01068878173828125,0.6500602960586548,
3240,0.7065042853355408,0.0129241943359375,0.7090887427330017,
3241,0.605613112449646,0.01148223876953125,0.6079095602035522,
3242,0.44841355085372925,0.01088714599609375,0.4505917429924011,
3243,0.9713209271430969,0.0148162841796875,0.9742849469184875,
3244,0.37528932094573975,0.00860595703125,0.377010703086853,
3245,0.5264617800712585,0.0114288330078125,0.5287467837333679,
3246,0.44398653507232666,0.0099639892578125,0.4459797143936157,
3247,0.6040541529655457,0.01128387451171875,0.6063105463981628,
3248,0.7197127938270569,0.01261138916015625,0.722234308719635,
3249,0.4646376371383667,0.011444091796875,0.4669264554977417,
3250,0.4615684449672699,0.01137542724609375,0.4638439118862152,
3251,0.459583580493927,0.0107269287109375,0.46172934770584106,
3252,0.7775290608406067,0.017181396484375,0.7809661030769348,
3253,0.8269640207290649,0.013641357421875,0.8296915292739868,
3254,0.623148500919342,0.010040283203125,0.6251569390296936,
3255,0.630692183971405,0.01165771484375,0.6330229640007019,
3256,1.063610315322876,0.01335906982421875,1.0662825107574463,
3257,0.6808466911315918,0.01485443115234375,0.6838183403015137,
3258,1.0944647789001465,0.0164794921875,1.0977606773376465,
3259,0.28434669971466064,0.007110595703125,0.28576862812042236,
3260,0.30833324790000916,0.0088653564453125,0.3101061284542084,
3261,0.8209598064422607,0.0151519775390625,0.8239905834197998,
3262,0.5888609886169434,0.0115966796875,0.5911803245544434,
3263,0.569928765296936,0.01328277587890625,0.5725857019424438,
3264,0.4319843649864197,0.014312744140625,0.43484729528427124,
3265,0.44831782579421997,0.00830078125,0.44997817277908325,
3266,0.458371639251709,0.0086212158203125,0.4600958824157715,
3267,0.4762077331542969,0.0115966796875,0.4785270690917969,
3268,0.9719050526618958,0.01303863525390625,0.9745123982429504,
3269,0.8124842643737793,0.01122283935546875,0.8147292137145996,
3270,0.5151898860931396,0.00809478759765625,0.5168092250823975,
3271,0.7038618326187134,0.0106201171875,0.7059866189956665,
3272,0.5251719951629639,0.0111541748046875,0.5274035930633545,
3273,0.6852906346321106,0.01219940185546875,0.6877301335334778,
3274,0.833827555179596,0.0163421630859375,0.8370967507362366,
3275,0.8558245301246643,0.01222991943359375,0.8582697510719299,
3276,0.7150214910507202,0.01141357421875,0.7173045873641968,
3277,0.3685477674007416,0.00811004638671875,0.3701699674129486,
3278,0.5990473628044128,0.00843048095703125,0.6007334589958191,
3279,0.7245161533355713,0.010467529296875,0.7266104221343994,
3280,1.2147763967514038,0.01459503173828125,1.217694640159607,
3281,0.5650807023048401,0.01180267333984375,0.567441999912262,
3282,0.6205533742904663,0.00875091552734375,0.6223033666610718,
3283,0.5372729301452637,0.01082611083984375,0.5394377708435059,
3284,0.5503454208374023,0.0097198486328125,0.5522890090942383,
3285,0.6177552342414856,0.01491546630859375,0.6207383275032043,
3286,0.6748497486114502,0.0120086669921875,0.6772511005401611,
3287,0.37417203187942505,0.00782012939453125,0.3757360577583313,
3288,0.4189114570617676,0.0100250244140625,0.4209160804748535,
3289,0.5223967432975769,0.0091400146484375,0.5242249369621277,
3290,0.5273269414901733,0.0094146728515625,0.5292094945907593,
3291,0.25767114758491516,0.007747650146484375,0.2592208683490753,
3292,0.7539200782775879,0.012725830078125,0.7564644813537598,
3293,0.4882890582084656,0.00823211669921875,0.48993510007858276,
3294,0.7054280042648315,0.012054443359375,0.7078388929367065,
3295,0.6850104928016663,0.012451171875,0.6875014901161194,
3296,0.5160830616950989,0.00762176513671875,0.5176070332527161,
3297,0.9738197326660156,0.0118255615234375,0.9761848449707031,
3298,0.4238954782485962,0.0088043212890625,0.42565596103668213,
3299,0.861507773399353,0.01128387451171875,0.8637641668319702,
3300,0.6744990348815918,0.01064300537109375,0.6766276359558105,
3301,0.4512941539287567,0.00969696044921875,0.453233927488327,
3302,0.5757070779800415,0.00812530517578125,0.5773321390151978,
3303,0.4911375939846039,0.007396697998046875,0.49261674284935,
3304,0.44188278913497925,0.00859832763671875,0.4436022639274597,
3305,0.9199190139770508,0.01525115966796875,0.922968864440918,
3306,0.8887184262275696,0.01163482666015625,0.8910453915596008,
3307,0.7235800623893738,0.0110321044921875,0.7257868647575378,
3308,0.6608040928840637,0.00952911376953125,0.6627095341682434,
3309,0.7288041114807129,0.0163421630859375,0.7320733070373535,
3310,0.7109977006912231,0.00852203369140625,0.7127019166946411,
3311,0.523043692111969,0.00830841064453125,0.5247049927711487,
3312,1.2953135967254639,0.016815185546875,1.2986762523651123,
3313,1.0837117433547974,0.01172637939453125,1.0860577821731567,
3314,1.0428178310394287,0.0134429931640625,1.0455071926116943,
3315,0.9044482707977295,0.00916290283203125,0.9062812328338623,
3316,0.9268896579742432,0.012420654296875,0.929373025894165,
3317,0.7538171410560608,0.00948333740234375,0.7557139992713928,
3318,1.292341709136963,0.01537322998046875,1.2954163551330566,
3319,0.28450772166252136,0.0081024169921875,0.2861280143260956,
3320,0.8038666248321533,0.00955963134765625,0.8057787418365479,
3321,1.090193271636963,0.01293182373046875,1.0927796363830566,
3322,0.5969287157058716,0.00750732421875,0.598429799079895,
3323,0.7017303109169006,0.00974273681640625,0.7036786675453186,
3324,0.5993170142173767,0.009063720703125,0.601129949092865,
3325,0.6574433445930481,0.01045989990234375,0.6595357060432434,
3326,0.5800127387046814,0.0098876953125,0.581990659236908,
3327,0.589989185333252,0.01190948486328125,0.5923714637756348,
3328,0.8133317232131958,0.00974273681640625,0.8152800798416138,
3329,0.5416992902755737,0.00974273681640625,0.5436476469039917,
3330,0.8610674738883972,0.01285552978515625,0.8636385798454285,
3331,0.37948426604270935,0.008758544921875,0.38123616576194763,
3332,0.6138924360275269,0.00989532470703125,0.6158722639083862,
3333,0.5279862880706787,0.00974273681640625,0.5299346446990967,
3334,0.5153472423553467,0.006893157958984375,0.5167262554168701,
3335,0.6036083698272705,0.01110076904296875,0.6058285236358643,
3336,0.7795484066009521,0.00928497314453125,0.7814052104949951,
3337,0.7382370233535767,0.0091094970703125,0.7400585412979126,
3338,0.579596221446991,0.0081939697265625,0.5812346339225769,
3339,0.438394695520401,0.006580352783203125,0.4397107660770416,
3340,0.8657630085945129,0.0097808837890625,0.8677199482917786,
3341,0.639068603515625,0.0087127685546875,0.6408109664916992,
3342,0.9921665787696838,0.013946533203125,0.9949551224708557,
3343,0.31574317812919617,0.0056915283203125,0.31688186526298523,
3344,0.4097118079662323,0.0078125,0.41127392649650574,
3345,0.5801342129707336,0.01097869873046875,0.5823295712471008,
3346,0.8146565556526184,0.01171875,0.817000687122345,
3347,0.594154953956604,0.0114593505859375,0.5964475870132446,
3348,0.449471116065979,0.00887298583984375,0.45124590396881104,
3349,0.683989942073822,0.01031494140625,0.6860536932945251,
3350,0.5477162003517151,0.00940704345703125,0.5495977997779846,
3351,0.6259219646453857,0.0091094970703125,0.6277434825897217,
3352,0.43918007612228394,0.007904052734375,0.4407612681388855,
3353,0.5293182134628296,0.0072479248046875,0.5307677984237671,
3354,0.476309210062027,0.007724761962890625,0.4778541624546051,
3355,0.4589962959289551,0.007236480712890625,0.46044397354125977,
3356,0.3765619099140167,0.00661468505859375,0.3778846561908722,
3357,0.41664934158325195,0.0089874267578125,0.41844701766967773,
3358,0.9489972591400146,0.01198577880859375,0.95139479637146,
3359,0.29601049423217773,0.004238128662109375,0.2968583106994629,
3360,0.5210349559783936,0.00827789306640625,0.5226905345916748,
3361,0.8730217218399048,0.011749267578125,0.8753715753555298,
3362,0.3541654646396637,0.0083160400390625,0.3558286726474762,
3363,0.7971857190132141,0.00875091552734375,0.7989357113838196,
3364,1.102694034576416,0.01171112060546875,1.1050362586975098,
3365,0.4294779300689697,0.00893402099609375,0.43126511573791504,
3366,0.7360824346542358,0.0099029541015625,0.7380622625350952,
3367,0.5358114242553711,0.0100250244140625,0.537816047668457,
3368,0.5371204614639282,0.008544921875,0.5388294458389282,
3369,0.606543242931366,0.00905609130859375,0.6083542704582214,
3370,0.36033883690834045,0.0093841552734375,0.36221566796302795,
3371,0.5039215683937073,0.00801849365234375,0.5055256485939026,
3372,0.7849613428115845,0.014892578125,0.7879406213760376,
3373,0.9428203105926514,0.01178741455078125,0.9451777935028076,
3374,0.7715078592300415,0.0111541748046875,0.7737394571304321,
3375,0.6102217435836792,0.007549285888671875,0.6117314100265503,
3376,0.6314825415611267,0.00975799560546875,0.6334337592124939,
3377,0.42531922459602356,0.008636474609375,0.4270463287830353,
3378,0.3712560534477234,0.006885528564453125,0.372633159160614,
3379,0.5922785997390747,0.00676727294921875,0.5936318635940552,
3380,0.5150887966156006,0.00815582275390625,0.5167195796966553,
3381,0.4555719792842865,0.007965087890625,0.45716461539268494,
3382,0.5565531849861145,0.00908660888671875,0.5583708882331848,
3383,0.7442495226860046,0.012115478515625,0.7466718554496765,
3384,0.8402802348136902,0.00986480712890625,0.8422524333000183,
3385,0.5672375559806824,0.007537841796875,0.5687453150749207,
3386,0.9041593670845032,0.0168304443359375,0.9075258374214172,
3387,0.7207444310188293,0.0132598876953125,0.7233956456184387,
3388,0.9605650901794434,0.0119171142578125,0.962949275970459,
3389,0.6682205200195312,0.01094818115234375,0.67041015625,
3390,0.7520374059677124,0.01119232177734375,0.7542766332626343,
3391,0.7431044578552246,0.01038360595703125,0.7451815605163574,
3392,0.9113051295280457,0.00963592529296875,0.9132325053215027,
3393,0.5040844678878784,0.007709503173828125,0.5056265592575073,
3394,0.8067653179168701,0.012298583984375,0.8092257976531982,
3395,0.6717609167098999,0.00921630859375,0.6736043691635132,
3396,0.7474489808082581,0.01093292236328125,0.7496348023414612,
3397,0.48503369092941284,0.010101318359375,0.4870535731315613,
3398,0.5718680620193481,0.01554107666015625,0.5749770402908325,
3399,0.7933251857757568,0.01215362548828125,0.79575514793396,
3400,0.39621424674987793,0.007335662841796875,0.39768099784851074,
3401,1.0151715278625488,0.0160675048828125,1.018385410308838,
3402,0.6726730465888977,0.00995635986328125,0.674664318561554,
3403,0.3805941343307495,0.00872039794921875,0.38233840465545654,
3404,0.3464551568031311,0.00508880615234375,0.3474727272987366,
3405,0.6461284160614014,0.013671875,0.6488635540008545,
3406,0.36502668261528015,0.0068206787109375,0.3663904368877411,
3407,0.8918635249137878,0.01123046875,0.894110381603241,
3408,0.9653774499893188,0.0135650634765625,0.9680896997451782,
3409,0.49683690071105957,0.006977081298828125,0.4982321262359619,
3410,0.4157024025917053,0.008819580078125,0.4174667000770569,
3411,0.6123908162117004,0.0119171142578125,0.6147750020027161,
3412,0.6468746662139893,0.0120697021484375,0.6492893695831299,
3413,0.4349014163017273,0.0080108642578125,0.4365035891532898,
3414,0.6650091409683228,0.0121307373046875,0.6674352884292603,
3415,0.8222286105155945,0.01091766357421875,0.8244125247001648,
3416,0.4104670584201813,0.005615234375,0.41159048676490784,
3417,0.7321348190307617,0.00836181640625,0.7338075637817383,
3418,0.5904348492622375,0.00982666015625,0.5923994183540344,
3419,0.7477500438690186,0.01279449462890625,0.7503097057342529,
3420,0.6858214735984802,0.0092315673828125,0.6876677870750427,
3421,0.7202128171920776,0.01239013671875,0.7226904630661011,
3422,0.6364251971244812,0.0091705322265625,0.6382591128349304,
3423,0.5910530090332031,0.00921630859375,0.5928964614868164,
3424,0.4526033103466034,0.00722503662109375,0.45404812693595886,
3425,0.36387985944747925,0.006687164306640625,0.3652169108390808,
3426,1.0832220315933228,0.0105743408203125,1.0853372812271118,
3427,0.566429853439331,0.01091766357421875,0.5686137676239014,
3428,0.26794081926345825,0.005157470703125,0.2689726948738098,
3429,0.5607737898826599,0.01163482666015625,0.5631007552146912,
3430,0.7282438278198242,0.01126861572265625,0.7304983139038086,
3431,0.8120461106300354,0.01329803466796875,0.814704954624176,
3432,0.6308530569076538,0.01216888427734375,0.6332868337631226,
3433,0.7545603513717651,0.010589599609375,0.756677508354187,
3434,0.696774423122406,0.01071929931640625,0.6989182829856873,
3435,1.0644872188568115,0.01499176025390625,1.0674855709075928,
3436,0.43890145421028137,0.0063934326171875,0.44018033146858215,
3437,0.6022240519523621,0.00732421875,0.6036888957023621,
3438,0.7347907423973083,0.0094451904296875,0.7366799712181091,
3439,0.6624388098716736,0.00936126708984375,0.664310872554779,
3440,0.47010597586631775,0.012298583984375,0.4725664556026459,
3441,0.7303785085678101,0.0091400146484375,0.7322067022323608,
3442,0.8544371128082275,0.01004791259765625,0.8564474582672119,
3443,0.4526967704296112,0.0102386474609375,0.45474526286125183,
3444,0.7382960319519043,0.0133819580078125,0.7409720420837402,
3445,0.642679750919342,0.01256561279296875,0.6451936364173889,
3446,0.43411341309547424,0.0073699951171875,0.4355877935886383,
3447,0.6787260174751282,0.01001739501953125,0.6807287335395813,
3448,0.6902775168418884,0.010986328125,0.6924747824668884,
3449,0.5436001420021057,0.0091094970703125,0.5454216599464417,
3450,0.704232931137085,0.01030731201171875,0.7062947750091553,
3451,0.55489581823349,0.01032257080078125,0.5569595694541931,
3452,0.9262807965278625,0.0121917724609375,0.9287183880805969,
3453,0.3844852149486542,0.0082244873046875,0.38613030314445496,
3454,0.43430081009864807,0.0091094970703125,0.436122328042984,
3455,0.6829403042793274,0.0137481689453125,0.685690701007843,
3456,0.4029122591018677,0.006683349609375,0.40424931049346924,
3457,1.2764402627944946,0.014129638671875,1.2792669534683228,
3458,0.5437214970588684,0.0097808837890625,0.545678436756134,
3459,1.0813943147659302,0.0141448974609375,1.0842229127883911,
3460,0.6322661638259888,0.01010894775390625,0.63428795337677,
3461,0.6249119639396667,0.0125885009765625,0.6274296641349792,
3462,0.6326420903205872,0.01190948486328125,0.63502436876297,
3463,0.6483027338981628,0.00989532470703125,0.6502825617790222,
3464,0.7252969741821289,0.010711669921875,0.7274389266967773,
3465,0.8496378064155579,0.012176513671875,0.8520734906196594,
3466,0.5915940403938293,0.0108489990234375,0.59376460313797,
3467,0.49201834201812744,0.007556915283203125,0.49352991580963135,
3468,0.7389824390411377,0.01096343994140625,0.7411758899688721,
3469,0.4436954855918884,0.006008148193359375,0.4448971152305603,
3470,0.7348211407661438,0.01065826416015625,0.7369535565376282,
3471,0.582797646522522,0.006916046142578125,0.584180474281311,
3472,0.288411945104599,0.006130218505859375,0.28963837027549744,
3473,0.30648258328437805,0.006771087646484375,0.3078368008136749,
3474,0.9243387579917908,0.0121917724609375,0.9267763495445251,
3475,0.6942642331123352,0.01019287109375,0.6963031888008118,
3476,0.5406766533851624,0.008819580078125,0.5424409508705139,
3477,0.6122878789901733,0.01506805419921875,0.6153014898300171,
3478,0.9662206768989563,0.01192474365234375,0.9686048626899719,
3479,0.46904492378234863,0.0078582763671875,0.47061657905578613,
3480,0.28395649790763855,0.006198883056640625,0.2851962745189667,
3481,0.5964885950088501,0.01013946533203125,0.5985161066055298,
3482,0.5172783136367798,0.00708770751953125,0.5186954736709595,
3483,0.6923307180404663,0.01120758056640625,0.694571852684021,
3484,0.6053151488304138,0.00897216796875,0.6071099638938904,
3485,0.4067137837409973,0.0086822509765625,0.4084504246711731,
3486,0.4186026453971863,0.01094818115234375,0.42079228162765503,
3487,0.5567439198493958,0.008209228515625,0.5583861470222473,
3488,0.4191870093345642,0.0070648193359375,0.42060035467147827,
3489,0.6564890742301941,0.01122283935546875,0.6587340235710144,
3490,0.8851850628852844,0.01390838623046875,0.887965977191925,
3491,0.32517847418785095,0.00634765625,0.32644781470298767,
3492,0.3131420910358429,0.00518798828125,0.3141796886920929,
3493,0.5096271634101868,0.007396697998046875,0.5111063122749329,
3494,0.40827250480651855,0.0084228515625,0.409956693649292,
3495,0.5374233722686768,0.00820159912109375,0.5390636920928955,
3496,0.3920893371105194,0.006183624267578125,0.3933262526988983,
3497,0.9287091493606567,0.016754150390625,0.9320603609085083,
3498,0.4869369566440582,0.0077667236328125,0.488490492105484,
3499,0.6885149478912354,0.00768280029296875,0.6900513172149658,
3500,0.6587585210800171,0.00807952880859375,0.6603740453720093,
3501,0.7284212708473206,0.0103302001953125,0.7304869294166565,
3502,0.5317822694778442,0.00864410400390625,0.5335112810134888,
3503,0.2862358093261719,0.00569915771484375,0.28737545013427734,
3504,0.7093964219093323,0.00815582275390625,0.711027204990387,
3505,0.9878028035163879,0.0114898681640625,0.990101158618927,
3506,0.4995366632938385,0.011688232421875,0.5018750429153442,
3507,0.5284315347671509,0.00977325439453125,0.5303865671157837,
3508,0.5133955478668213,0.008026123046875,0.515000581741333,
3509,0.4320012032985687,0.00739288330078125,0.4334793984889984,
3510,1.060619592666626,0.01126861572265625,1.0628740787506104,
3511,0.7917691469192505,0.01470947265625,0.7947102785110474,
3512,0.671958863735199,0.011749267578125,0.674308717250824,
3513,0.9921601414680481,0.009918212890625,0.9941437840461731,
3514,1.0934171676635742,0.01346588134765625,1.0961103439331055,
3515,0.4513969421386719,0.006595611572265625,0.4527158737182617,
3516,0.5651535391807556,0.0101318359375,0.5671791434288025,
3517,0.5300137400627136,0.0098114013671875,0.5319764018058777,
3518,0.45069268345832825,0.00792694091796875,0.45227769017219543,
3519,0.4623343348503113,0.00937652587890625,0.46420925855636597,
3520,0.37613406777381897,0.00827789306640625,0.3777896463871002,
3521,0.5336940884590149,0.00939178466796875,0.5355728268623352,
3522,0.3417593836784363,0.00783538818359375,0.34332627058029175,
3523,0.659827470779419,0.01158905029296875,0.6621448993682861,
3524,0.5714329481124878,0.0105743408203125,0.5735481977462769,
3525,0.9237406849861145,0.0092620849609375,0.9255927205085754,
3526,0.49050429463386536,0.01190185546875,0.49288466572761536,
3527,0.8412399291992188,0.01116180419921875,0.8434715270996094,
3528,0.9707522392272949,0.010528564453125,0.9728579521179199,
3529,0.5488815307617188,0.0102081298828125,0.5509223937988281,
3530,0.3617810308933258,0.0063323974609375,0.3630475103855133,
3531,0.5065221786499023,0.00934600830078125,0.5083913803100586,
3532,0.6065689325332642,0.00800323486328125,0.6081691980361938,
3533,0.9038712978363037,0.01178741455078125,0.90622878074646,
3534,0.4625588655471802,0.0095977783203125,0.46447861194610596,
3535,0.6785094738006592,0.012359619140625,0.6809813976287842,
3536,0.700571596622467,0.00919342041015625,0.7024102807044983,
3537,0.7289813756942749,0.00958251953125,0.7308982610702515,
3538,0.344190388917923,0.0058746337890625,0.3453653156757355,
3539,0.5116937756538391,0.00838470458984375,0.5133703351020813,
3540,0.4367657005786896,0.0084686279296875,0.4384594261646271,
3541,0.4280378520488739,0.0083160400390625,0.4297010600566864,
3542,0.6608520746231079,0.01065826416015625,0.6629844903945923,
3543,0.5105082988739014,0.0099029541015625,0.5124881267547607,
3544,1.0748637914657593,0.01096343994140625,1.0770572423934937,
3545,0.3560672998428345,0.007022857666015625,0.3574720621109009,
3546,0.7076058983802795,0.01180267333984375,0.7099671959877014,
3547,1.0590139627456665,0.013580322265625,1.0617300271987915,
3548,0.4963265061378479,0.00751495361328125,0.49782949686050415,
3549,0.9456295371055603,0.0124969482421875,0.9481281638145447,
3550,0.44523724913597107,0.0067901611328125,0.44659528136253357,
3551,0.7578483819961548,0.01128387451171875,0.760104775428772,
3552,0.5800237655639648,0.01081085205078125,0.5821866989135742,
3553,0.8099225759506226,0.01264190673828125,0.8124517202377319,
3554,0.461578369140625,0.00821685791015625,0.46322154998779297,
3555,0.6684760451316833,0.009765625,0.6704291701316833,
3556,0.6248682141304016,0.01253509521484375,0.6273744702339172,
3557,0.5588169693946838,0.00768280029296875,0.5603533387184143,
3558,0.5598373413085938,0.01293182373046875,0.5624237060546875,
3559,0.4805023670196533,0.01096343994140625,0.4826958179473877,
3560,0.443910151720047,0.01007080078125,0.445924311876297,
3561,0.5599237084388733,0.00787353515625,0.56149822473526,
3562,0.6214706897735596,0.0097198486328125,0.6234142780303955,
3563,0.4491478204727173,0.00970458984375,0.451088547706604,
3564,0.5016793608665466,0.007762908935546875,0.503231942653656,
3565,0.5054869651794434,0.00753021240234375,0.5069928169250488,
3566,0.4103836119174957,0.0085906982421875,0.4121021330356598,
3567,0.6119585633277893,0.008880615234375,0.6137343049049377,
3568,0.7683776617050171,0.0104522705078125,0.7704681158065796,
3569,0.8958799242973328,0.01229095458984375,0.8983384966850281,
3570,0.721031904220581,0.01282501220703125,0.7235972881317139,
3571,0.7507538795471191,0.015869140625,0.7539277076721191,
3572,0.5404952764511108,0.01061248779296875,0.5426181554794312,
3573,0.9035986661911011,0.0139617919921875,0.9063910245895386,
3574,0.620316743850708,0.01453399658203125,0.6232235431671143,
3575,0.7114720344543457,0.01076507568359375,0.713625431060791,
3576,0.44713157415390015,0.0098419189453125,0.44909995794296265,
3577,0.5858567357063293,0.011505126953125,0.5881569981575012,
3578,1.0283938646316528,0.01349639892578125,1.0310927629470825,
3579,0.5116420388221741,0.00896453857421875,0.5134349465370178,
3580,0.3093454837799072,0.006206512451171875,0.31058716773986816,
3581,0.5040649175643921,0.007659912109375,0.5055965185165405,
3582,0.45681896805763245,0.006809234619140625,0.45818081498146057,
3583,0.813572883605957,0.00849151611328125,0.8152713775634766,
3584,0.5407271385192871,0.00972747802734375,0.5426726341247559,
3585,0.623261034488678,0.00925445556640625,0.6251121163368225,
3586,0.6132770776748657,0.00873565673828125,0.615024209022522,
3587,0.7753310799598694,0.01219940185546875,0.7777705788612366,
3588,0.544404923915863,0.0070953369140625,0.5458239912986755,
3589,0.785844624042511,0.012359619140625,0.788316547870636,
3590,1.2971159219741821,0.0172119140625,1.3005586862564087,
3591,0.9548220038414001,0.01180267333984375,0.957183301448822,
3592,0.4234163165092468,0.00762939453125,0.4249421954154968,
3593,0.6283026933670044,0.00998687744140625,0.6302996873855591,
3594,0.8280214071273804,0.0167999267578125,0.831382155418396,
3595,0.8987905383110046,0.010650634765625,0.9009210467338562,
3596,0.7630232572555542,0.01215362548828125,0.7654532194137573,
3597,0.49282920360565186,0.0105743408203125,0.4949444532394409,
3598,0.5427715182304382,0.0106201171875,0.5448963046073914,
3599,0.5078510046005249,0.011322021484375,0.5101150274276733,
3600,0.4921009838581085,0.0106353759765625,0.49422767758369446,
3601,0.8333035707473755,0.01297760009765625,0.8358994722366333,
3602,0.7851481437683105,0.0108489990234375,0.7873187065124512,
3603,1.075478196144104,0.01320648193359375,1.0781198740005493,
3604,0.48280251026153564,0.00726318359375,0.48425495624542236,
3605,0.6255338191986084,0.01105499267578125,0.6277444362640381,
3606,0.7650907039642334,0.01284027099609375,0.767657995223999,
3607,0.8429285883903503,0.0122833251953125,0.8453852534294128,
3608,0.6788814663887024,0.0104522705078125,0.6809719204902649,
3609,0.5815919041633606,0.00914764404296875,0.5834210515022278,
3610,0.6531726717948914,0.010284423828125,0.6552287936210632,
3611,0.9228270053863525,0.01027679443359375,0.9248831272125244,
3612,0.5564024448394775,0.009429931640625,0.5582888126373291,
3613,0.3740319013595581,0.00852203369140625,0.3757361173629761,
3614,0.6674538850784302,0.007709503173828125,0.6689959764480591,
3615,0.7023987174034119,0.01137542724609375,0.7046741843223572,
3616,0.9871912598609924,0.0113983154296875,0.9894705414772034,
3617,0.7185299396514893,0.01027679443359375,0.7205860614776611,
3618,1.026650071144104,0.0099639892578125,1.028643250465393,
3619,0.6056506633758545,0.010772705078125,0.6078059673309326,
3620,0.7580785751342773,0.01230621337890625,0.7605390548706055,
3621,0.28563031554222107,0.0070037841796875,0.28703126311302185,
3622,0.6651099920272827,0.01229095458984375,0.667568564414978,
3623,0.5575141310691833,0.00968170166015625,0.559450089931488,
3624,0.4474095404148102,0.0100250244140625,0.4494141638278961,
3625,0.5750964879989624,0.00952911376953125,0.5770019292831421,
3626,0.4854840636253357,0.01056671142578125,0.48759740591049194,
3627,1.0440746545791626,0.00829315185546875,1.045733094215393,
3628,0.9425094127655029,0.009765625,0.9444625377655029,
3629,0.5591145157814026,0.0081634521484375,0.5607472062110901,
3630,0.7451668381690979,0.007747650146484375,0.7467165589332581,
3631,0.692850649356842,0.00861358642578125,0.6945729851722717,
3632,0.7508201003074646,0.01015472412109375,0.7528514266014099,
3633,0.5991998314857483,0.00812530517578125,0.6008248925209045,
3634,0.4422846734523773,0.005191802978515625,0.4433232247829437,
3635,0.5967872142791748,0.007808685302734375,0.5983493328094482,
3636,0.5555456280708313,0.01049041748046875,0.557643711566925,
3637,1.3174312114715576,0.01186370849609375,1.3198039531707764,
3638,0.6566442847251892,0.0108489990234375,0.6588148474693298,
3639,0.5865362882614136,0.0084991455078125,0.5882357358932495,
3640,0.46368762850761414,0.007305145263671875,0.4651486575603485,
3641,0.43991929292678833,0.00885009765625,0.44168931245803833,
3642,0.5268229842185974,0.00691986083984375,0.5282067656517029,
3643,0.5851896405220032,0.0088043212890625,0.5869501233100891,
3644,0.4408547580242157,0.007068634033203125,0.44226810336112976,
3645,0.4397774934768677,0.00641632080078125,0.4410611391067505,
3646,0.6679356098175049,0.0106048583984375,0.6700565814971924,
3647,0.6462418437004089,0.00954437255859375,0.6481510996818542,
3648,0.967475175857544,0.01419830322265625,0.9703152179718018,
3649,0.702185869216919,0.0114898681640625,0.704484224319458,
3650,0.5445648431777954,0.0084686279296875,0.5462585687637329,
3651,0.7209614515304565,0.0088653564453125,0.7227343320846558,
3652,0.8056303858757019,0.0081634521484375,0.8072630763053894,
3653,0.44207727909088135,0.0076446533203125,0.44360601902008057,
3654,0.4515019953250885,0.007450103759765625,0.45299163460731506,
3655,0.7041224241256714,0.00952911376953125,0.7060278654098511,
3656,0.898122251033783,0.0098724365234375,0.9000963568687439,
3657,0.3570614755153656,0.0063629150390625,0.35833367705345154,
3658,0.4354175925254822,0.006839752197265625,0.43678516149520874,
3659,0.6050536036491394,0.00951385498046875,0.6069561839103699,
3660,1.115535855293274,0.01377105712890625,1.1182900667190552,
3661,0.5911229848861694,0.0101470947265625,0.5931524038314819,
3662,0.9036507606506348,0.01425933837890625,0.9065022468566895,
3663,0.5238173007965088,0.0084686279296875,0.5255110263824463,
3664,0.5153934359550476,0.00768280029296875,0.5169298052787781,
3665,0.8980647325515747,0.01062774658203125,0.9001895189285278,
3666,0.5365030169487,0.00841522216796875,0.538186252117157,
3667,1.0652432441711426,0.01214599609375,1.0676732063293457,
3668,0.6032811999320984,0.00977325439453125,0.6052362322807312,
3669,0.9546648859977722,0.01256561279296875,0.9571787714958191,
3670,0.8820610642433167,0.0103759765625,0.8841362595558167,
3671,0.6247196793556213,0.01204681396484375,0.6271286606788635,
3672,0.3983902037143707,0.01019287109375,0.4004291594028473,
3673,0.4312151372432709,0.0091552734375,0.4330461919307709,
3674,0.7625164985656738,0.01247406005859375,0.7650113105773926,
3675,0.6518446803092957,0.01346588134765625,0.6545378565788269,
3676,0.4679737091064453,0.006893157958984375,0.46935272216796875,
3677,0.7248453497886658,0.01103973388671875,0.7270540595054626,
3678,0.40587344765663147,0.00734710693359375,0.4073430597782135,
3679,0.7636409997940063,0.01023101806640625,0.7656875848770142,
3680,0.6597473621368408,0.0086669921875,0.6614811420440674,
3681,0.5379647016525269,0.00726318359375,0.5394171476364136,
3682,0.6207179427146912,0.007488250732421875,0.622215211391449,
3683,0.616073727607727,0.00885772705078125,0.6178456544876099,
3684,0.6130163073539734,0.008544921875,0.6147252917289734,
3685,0.4375153183937073,0.0098114013671875,0.43947798013687134,
3686,0.586236834526062,0.00902557373046875,0.588042140007019,
3687,0.8068423867225647,0.0094146728515625,0.8087249398231506,
3688,0.8360701203346252,0.0130157470703125,0.8386736512184143,
3689,0.34110477566719055,0.007076263427734375,0.3425200283527374,
3690,0.7627019882202148,0.011383056640625,0.764979362487793,
3691,0.49346229434013367,0.009552001953125,0.4953725039958954,
3692,1.032073736190796,0.0148773193359375,1.0350492000579834,
3693,0.29559630155563354,0.006267547607421875,0.29684942960739136,
3694,0.8263654708862305,0.01105499267578125,0.8285760879516602,
3695,0.8242529034614563,0.00902557373046875,0.8260582089424133,
3696,1.2107187509536743,0.0181121826171875,1.2143408060073853,
3697,0.9161237478256226,0.01277923583984375,0.9186795949935913,
3698,0.5379025936126709,0.009735107421875,0.5398499965667725,
3699,0.5354081392288208,0.010162353515625,0.5374413728713989,
3700,0.5195908546447754,0.00922393798828125,0.5214352607727051,
3701,0.9186985492706299,0.00943756103515625,0.9205858707427979,
3702,1.0302894115447998,0.01464080810546875,1.033217191696167,
3703,0.854532778263092,0.01035308837890625,0.8566041588783264,
3704,1.1440227031707764,0.01305389404296875,1.1466338634490967,
3705,0.44882309436798096,0.00762176513671875,0.45034706592559814,
3706,0.5614508390426636,0.00789642333984375,0.5630301237106323,
3707,0.6281084418296814,0.00885772705078125,0.6298803687095642,
3708,0.3180144429206848,0.00563812255859375,0.319141685962677,
3709,0.3062722980976105,0.006999969482421875,0.30767229199409485,
3710,0.9695732593536377,0.01116180419921875,0.9718048572540283,
3711,0.7223700284957886,0.01007843017578125,0.7243860960006714,
3712,0.34994903206825256,0.00823974609375,0.35159698128700256,
3713,0.5273392796516418,0.01232147216796875,0.5298035740852356,
3714,0.9463414549827576,0.01212310791015625,0.9487656950950623,
3715,0.53853440284729,0.011505126953125,0.5408346652984619,
3716,0.4697265625,0.0081329345703125,0.47135353088378906,
3717,0.5908481478691101,0.0089263916015625,0.5926334261894226,
3718,0.3718905448913574,0.00562286376953125,0.3730149269104004,
3719,0.8387137651443481,0.0098724365234375,0.8406878709793091,
3720,0.6161113977432251,0.0131378173828125,0.6187397241592407,
3721,0.8082882165908813,0.01129913330078125,0.8105484247207642,
3722,0.47794482111930847,0.0083465576171875,0.4796137511730194,
3723,0.45865491032600403,0.007110595703125,0.46007683873176575,
3724,0.4842510521411896,0.00785064697265625,0.48582080006599426,
3725,0.608776867389679,0.0108795166015625,0.610953152179718,
3726,1.107925534248352,0.0136566162109375,1.1106568574905396,
3727,0.8556122779846191,0.0115814208984375,0.8579277992248535,
3728,0.821183443069458,0.00951385498046875,0.8230860233306885,
3729,0.670724630355835,0.0110321044921875,0.672931432723999,
3730,0.9050119519233704,0.0110931396484375,0.9072301983833313,
3731,0.8128944039344788,0.01214599609375,0.8153243660926819,
3732,0.5379533171653748,0.01016998291015625,0.5399865508079529,
3733,0.9422992467880249,0.01074981689453125,0.9444488286972046,
3734,1.0643144845962524,0.014007568359375,1.067116379737854,
3735,1.2794361114501953,0.01314544677734375,1.282064437866211,
3736,0.966729462146759,0.0093994140625,0.9686091542243958,
3737,0.9218719005584717,0.01629638671875,0.9251315593719482,
3738,0.6557462215423584,0.00891876220703125,0.6575295925140381,
3739,0.341238409280777,0.0074920654296875,0.3427366316318512,
3740,0.5505655407905579,0.01068115234375,0.5527017712593079,
3741,0.49518993496894836,0.00885772705078125,0.4969618618488312,
3742,0.3893760144710541,0.00908660888671875,0.3911937177181244,
3743,0.669364333152771,0.00792694091796875,0.6709493398666382,
3744,0.4003314673900604,0.0086517333984375,0.40206143260002136,
3745,0.9582885503768921,0.01232147216796875,0.9607528448104858,
3746,0.509715735912323,0.01238250732421875,0.5121914744377136,
3747,0.7353661060333252,0.0134735107421875,0.7380611896514893,
3748,0.8830665349960327,0.0120697021484375,0.8854812383651733,
3749,0.6005079746246338,0.0126190185546875,0.6030313968658447,
3750,0.8235025405883789,0.012054443359375,0.8259134292602539,
3751,0.30169039964675903,0.006458282470703125,0.3029816746711731,
3752,1.2056140899658203,0.01434326171875,1.2084827423095703,
3753,0.7375494241714478,0.010986328125,0.7397466897964478,
3754,0.25473079085350037,0.0087890625,0.2564884126186371,
3755,0.610256552696228,0.009490966796875,0.6121543645858765,
3756,0.4537758529186249,0.00693511962890625,0.45516249537467957,
3757,0.2857104241847992,0.004978179931640625,0.2867060601711273,
3758,0.918349027633667,0.017120361328125,0.9217727184295654,
3759,0.5107914209365845,0.00885772705078125,0.5125633478164673,
3760,0.5340497493743896,0.00855255126953125,0.5357606410980225,
3761,0.634185254573822,0.0106048583984375,0.6363062262535095,
3762,0.41048794984817505,0.009674072265625,0.41242295503616333,
3763,0.7537994980812073,0.014190673828125,0.7566376328468323,
3764,0.7325217723846436,0.0111236572265625,0.7347457408905029,
3765,0.3992539644241333,0.00635528564453125,0.40052521228790283,
3766,0.514153242111206,0.00815582275390625,0.5157840251922607,
3767,0.4671434164047241,0.00899505615234375,0.4689420461654663,
3768,0.3239361643791199,0.006984710693359375,0.32533329725265503,
3769,0.4154186546802521,0.008514404296875,0.41712191700935364,
3770,0.553403377532959,0.007747650146484375,0.5549530982971191,
3771,0.5854642987251282,0.00974273681640625,0.5874126553535461,
3772,0.6395072340965271,0.01049041748046875,0.6416053175926208,
3773,0.5934456586837769,0.00972747802734375,0.5953911542892456,
3774,0.7264857888221741,0.010284423828125,0.728541910648346,
3775,0.5166147351264954,0.01178741455078125,0.5189722180366516,
3776,0.48768556118011475,0.006626129150390625,0.48901116847991943,
3777,0.4222852289676666,0.006786346435546875,0.4236423075199127,
3778,0.6120156645774841,0.009490966796875,0.6139134764671326,
3779,0.7031905651092529,0.00850677490234375,0.7048919200897217,
3780,0.5011985898017883,0.0094451904296875,0.5030878186225891,
3781,0.3157899081707001,0.006198883056640625,0.3170296847820282,
3782,0.543425440788269,0.008544921875,0.545134425163269,
3783,0.41334494948387146,0.006587982177734375,0.4146629273891449,
3784,0.4714196026325226,0.00754547119140625,0.47292831540107727,
3785,0.5803703665733337,0.0101776123046875,0.5824055075645447,
3786,0.40642744302749634,0.01297760009765625,0.40902334451675415,
3787,0.5571931600570679,0.00948333740234375,0.5590900182723999,
3788,0.5326364636421204,0.006885528564453125,0.534013569355011,
3789,0.615730345249176,0.0130615234375,0.6183434128761292,
3790,0.6836483478546143,0.00704193115234375,0.6850569248199463,
3791,0.5386677980422974,0.00868988037109375,0.5404053926467896,
3792,0.8095873594284058,0.0100250244140625,0.8115919828414917,
3793,0.5217815041542053,0.00818634033203125,0.5234189629554749,
3794,0.534448504447937,0.01009368896484375,0.5364664793014526,
3795,0.5587766170501709,0.007160186767578125,0.5602090358734131,
3796,0.3798256516456604,0.00792694091796875,0.3814106583595276,
3797,0.865394651889801,0.00928497314453125,0.867251455783844,
3798,0.7649219036102295,0.00998687744140625,0.7669188976287842,
3799,0.5884365439414978,0.01001739501953125,0.5904392600059509,
3800,1.063188910484314,0.0107421875,1.0653365850448608,
3801,0.5340927243232727,0.00846099853515625,0.5357845425605774,
3802,0.7312998175621033,0.0082855224609375,0.7329573035240173,
3803,0.42044001817703247,0.007007598876953125,0.42184191942214966,
3804,0.3296089172363281,0.00737762451171875,0.3310842514038086,
3805,0.8428706526756287,0.0106353759765625,0.8449973464012146,
3806,0.9793663620948792,0.0124664306640625,0.9818592667579651,
3807,0.4155578911304474,0.007061004638671875,0.41697028279304504,
3808,0.5060259699821472,0.009368896484375,0.5078999400138855,
3809,0.5668271780014038,0.00844573974609375,0.5685161352157593,
3810,0.6043083667755127,0.0098876953125,0.6062862873077393,
3811,0.4251869022846222,0.00698089599609375,0.42658308148384094,
3812,0.8185502290725708,0.01203155517578125,0.8209573030471802,
3813,0.7435124516487122,0.0101470947265625,0.7455418705940247,
3814,0.3512839078903198,0.008148193359375,0.3529137372970581,
3815,0.31311139464378357,0.00954437255859375,0.3150206506252289,
3816,0.7775151133537292,0.01045989990234375,0.7796074748039246,
3817,0.5022708773612976,0.00865936279296875,0.5040027499198914,
3818,0.4967326819896698,0.0094146728515625,0.49861523509025574,
3819,0.5254504680633545,0.0087127685546875,0.5271928310394287,
3820,0.8643838763237,0.01367950439453125,0.8671190142631531,
3821,0.44659942388534546,0.006378173828125,0.447875440120697,
3822,0.5351942181587219,0.00946807861328125,0.5370882153511047,
3823,0.7828425168991089,0.01313018798828125,0.7854689359664917,
3824,0.2920428216457367,0.00496673583984375,0.293036550283432,
3825,0.6525115966796875,0.01001739501953125,0.6545143127441406,
3826,0.2658522427082062,0.0058135986328125,0.2670147716999054,
3827,0.7856042385101318,0.00875091552734375,0.7873542308807373,
3828,1.1992623805999756,0.01337432861328125,1.2019364833831787,
3829,0.5237733125686646,0.01090240478515625,0.5259534120559692,
3830,0.6128170490264893,0.00807952880859375,0.6144325733184814,
3831,0.8735306859016418,0.01003265380859375,0.8755372166633606,
3832,0.3383182883262634,0.00850677490234375,0.3400196433067322,
3833,0.4092243015766144,0.006359100341796875,0.4104965031147003,
3834,0.9850748181343079,0.0126800537109375,0.9876115918159485,
3835,0.5186571478843689,0.0093994140625,0.5205368399620056,
3836,0.44925281405448914,0.00815582275390625,0.4508835971355438,
3837,0.5556772947311401,0.01007843017578125,0.557693362236023,
3838,0.6400259137153625,0.00769805908203125,0.6415651440620422,
3839,0.6603631973266602,0.010284423828125,0.662419319152832,
3840,0.8031627535820007,0.00936126708984375,0.8050348162651062,
3841,1.1422860622406006,0.01161956787109375,1.1446092128753662,
3842,0.29510387778282166,0.0056304931640625,0.29623016715049744,
3843,0.47204649448394775,0.01263427734375,0.4745737314224243,
3844,0.52548748254776,0.007480621337890625,0.5269837975502014,
3845,0.431272953748703,0.00981903076171875,0.4332375228404999,
3846,0.3962823748588562,0.0109710693359375,0.3984758257865906,
3847,0.49393540620803833,0.00733184814453125,0.49540215730667114,
3848,0.9095850586891174,0.01372528076171875,0.9123297333717346,
3849,0.5888089537620544,0.0099029541015625,0.5907887816429138,
3850,0.5496028661727905,0.01091766357421875,0.5517867803573608,
3851,0.6412078142166138,0.01348876953125,0.6439048051834106,
3852,0.9617124199867249,0.01555633544921875,0.964823305606842,
3853,0.8291164040565491,0.01082611083984375,0.8312812447547913,
3854,0.6825171113014221,0.014984130859375,0.6855135560035706,
3855,0.7025211453437805,0.00916290283203125,0.7043541073799133,
3856,0.46808159351348877,0.0106964111328125,0.4702216386795044,
3857,0.6689625382423401,0.01178741455078125,0.6713200211524963,
3858,0.4926617443561554,0.00923919677734375,0.4945099651813507,
3859,0.9216310977935791,0.01206207275390625,0.9240438938140869,
3860,0.30691099166870117,0.0101776123046875,0.3089461326599121,
3861,0.7763407826423645,0.0096435546875,0.7782691121101379,
3862,0.7692112922668457,0.0116424560546875,0.7715401649475098,
3863,0.6988298892974854,0.01056671142578125,0.7009432315826416,
3864,0.5548883080482483,0.00957489013671875,0.556803286075592,
3865,0.5565916299819946,0.00826263427734375,0.5582443475723267,
3866,0.6373910307884216,0.0113677978515625,0.6396645903587341,
3867,0.4131705164909363,0.007068634033203125,0.41458386182785034,
3868,1.0495026111602783,0.0138397216796875,1.0522701740264893,
3869,0.5354201197624207,0.00992584228515625,0.5374056696891785,
3870,0.9184686541557312,0.01451873779296875,0.9213716387748718,
3871,0.4194983243942261,0.01042938232421875,0.42158496379852295,
3872,1.0567253828048706,0.015167236328125,1.0597580671310425,
3873,0.482692152261734,0.01078033447265625,0.48484745621681213,
3874,0.7955712676048279,0.0096282958984375,0.7974967360496521,
3875,0.8003175258636475,0.01122283935546875,0.8025624752044678,
3876,0.913496732711792,0.00958251953125,0.9154136180877686,
3877,0.6547111868858337,0.010009765625,0.6567139029502869,
3878,0.9268234372138977,0.0107421875,0.9289711117744446,
3879,0.4794061481952667,0.0083465576171875,0.48107507824897766,
3880,0.48176369071006775,0.0087890625,0.48352131247520447,
3881,0.348354697227478,0.007061004638671875,0.3497670888900757,
3882,0.5612966418266296,0.01141357421875,0.5635797381401062,
3883,0.9625648260116577,0.01265716552734375,0.9650958776473999,
3884,0.6604684591293335,0.0092010498046875,0.6623090505599976,
3885,0.381319135427475,0.005283355712890625,0.3823758065700531,
3886,0.8364307880401611,0.01168060302734375,0.8387672901153564,
3887,0.9960856437683105,0.010833740234375,0.9982523918151855,
3888,0.6159733533859253,0.009063720703125,0.6177862882614136,
3889,0.7677673101425171,0.01003265380859375,0.7697738409042358,
3890,0.7398675680160522,0.0100250244140625,0.7418721914291382,
3891,0.49709492921829224,0.00933837890625,0.4989622235298157,
3892,1.2726260423660278,0.01157379150390625,1.2749415636062622,
3893,0.6806212663650513,0.00624847412109375,0.6818705797195435,
3894,0.3997790217399597,0.00727081298828125,0.40123337507247925,
3895,0.6584092974662781,0.00817108154296875,0.6600438952445984,
3896,0.4608451724052429,0.0103912353515625,0.46292418241500854,
3897,0.6139154434204102,0.00885009765625,0.6156854629516602,
3898,0.6067416667938232,0.01094818115234375,0.608931303024292,
3899,1.03693687915802,0.0111083984375,1.0391589403152466,
3900,0.9541464447975159,0.014129638671875,0.956973135471344,
3901,0.6155140399932861,0.00933837890625,0.6173813343048096,
3902,0.5015943646430969,0.00823211669921875,0.5032404065132141,
3903,0.48565474152565,0.006549835205078125,0.4869650900363922,
3904,0.6321384310722351,0.00907135009765625,0.6339523196220398,
3905,0.6693304777145386,0.0088043212890625,0.6710909605026245,
3906,0.890950620174408,0.01129913330078125,0.8932108283042908,
3907,0.4386349618434906,0.0079193115234375,0.4402190148830414,
3908,0.8508118391036987,0.00893402099609375,0.852599024772644,
3909,0.3894979655742645,0.007843017578125,0.3910667598247528,
3910,0.49318864941596985,0.007465362548828125,0.49468210339546204,
3911,0.7413550019264221,0.0102386474609375,0.7434034943580627,
3912,0.4446466863155365,0.00811004638671875,0.44626888632774353,
3913,0.4986027181148529,0.005870819091796875,0.499776691198349,
3914,0.5856577157974243,0.006984710693359375,0.5870548486709595,
3915,0.47846367955207825,0.007160186767578125,0.47989609837532043,
3916,0.6973421573638916,0.0096588134765625,0.6992743015289307,
3917,0.4157455563545227,0.007354736328125,0.41721612215042114,
3918,0.4972773790359497,0.007480621337890625,0.4987736940383911,
3919,0.5257921814918518,0.00699615478515625,0.5271912217140198,
3920,0.5423374772071838,0.007762908935546875,0.5438900589942932,
3921,0.7646373510360718,0.009124755859375,0.7664626836776733,
3922,0.6984267830848694,0.01053619384765625,0.7005344033241272,
3923,0.7666634321212769,0.01110076904296875,0.7688835859298706,
3924,0.6861732006072998,0.00963592529296875,0.6881005764007568,
3925,0.5332860946655273,0.0126953125,0.5358247756958008,
3926,0.2997772991657257,0.00974273681640625,0.3017256557941437,
3927,1.0140358209609985,0.01129150390625,1.0162941217422485,
3928,1.1548593044281006,0.01329803466796875,1.1575181484222412,
3929,0.4657631814479828,0.0092010498046875,0.46760377287864685,
3930,0.4676399230957031,0.01068878173828125,0.46977806091308594,
3931,0.6868847608566284,0.01055908203125,0.6889961957931519,
3932,0.620810329914093,0.00771331787109375,0.6223533749580383,
3933,0.7773318886756897,0.01104736328125,0.7795405983924866,
3934,0.9484444260597229,0.0089569091796875,0.9502354264259338,
3935,0.5270203948020935,0.006458282470703125,0.5283116698265076,
3936,0.9123100638389587,0.012176513671875,0.9147457480430603,
3937,0.5199481844902039,0.0076904296875,0.5214864611625671,
3938,0.5951815843582153,0.0084991455078125,0.5968810319900513,
3939,0.5234178304672241,0.007396697998046875,0.5248969793319702,
3940,0.6890310645103455,0.01027679443359375,0.6910871863365173,
3941,0.9974403977394104,0.0143585205078125,1.0003128051757812,
3942,0.36721327900886536,0.005260467529296875,0.36826518177986145,
3943,0.7041840553283691,0.00937652587890625,0.7060589790344238,
3944,0.9623084664344788,0.01302337646484375,0.9649139046669006,
3945,0.6543740630149841,0.00865936279296875,0.6561059355735779,
3946,0.581000566482544,0.00789642333984375,0.5825798511505127,
3947,1.114962100982666,0.011199951171875,1.117201328277588,
3948,0.45911887288093567,0.00977325439453125,0.4610739052295685,
3949,0.6238824725151062,0.011962890625,0.6262742877006531,
3950,0.6145266890525818,0.01015472412109375,0.6165580153465271,
3951,0.9790046215057373,0.010711669921875,0.9811465740203857,
3952,1.0958425998687744,0.0125732421875,1.0983564853668213,
3953,0.9628403186798096,0.0118865966796875,0.965216875076294,
3954,0.5310823917388916,0.00836944580078125,0.5327560901641846,
3955,0.8595611453056335,0.01029205322265625,0.8616191744804382,
3956,0.5802600979804993,0.0081329345703125,0.5818870663642883,
3957,0.7887412309646606,0.0099639892578125,0.7907344102859497,
3958,0.356111615896225,0.00807952880859375,0.35772714018821716,
3959,0.737952470779419,0.01546478271484375,0.7410461902618408,
3960,0.8120600581169128,0.01213836669921875,0.8144881129264832,
3961,0.47061920166015625,0.00705718994140625,0.4720306396484375,
3962,0.6453409194946289,0.01445770263671875,0.6482324600219727,
3963,0.614495575428009,0.008758544921875,0.6162474751472473,
3964,0.3816578686237335,0.007205963134765625,0.38309887051582336,
3965,0.3733064830303192,0.0086517333984375,0.37503644824028015,
3966,0.5769864916801453,0.00797271728515625,0.5785810351371765,
3967,0.749993085861206,0.0079345703125,0.751579999923706,
3968,0.6140589714050293,0.0088958740234375,0.6158385276794434,
3969,0.8218175172805786,0.01277923583984375,0.8243733644485474,
3970,0.6984301209449768,0.01019287109375,0.7004690766334534,
3971,1.2150155305862427,0.0125732421875,1.2175294160842896,
3972,0.46609053015708923,0.0099639892578125,0.4680837094783783,
3973,0.5618659853935242,0.00852203369140625,0.5635702013969421,
3974,0.6503013968467712,0.01375579833984375,0.6530517935752869,
3975,0.72638338804245,0.00807952880859375,0.7279989123344421,
3976,0.8388792872428894,0.00931549072265625,0.8407427668571472,
3977,0.6335166096687317,0.01068115234375,0.6356528401374817,
3978,0.6837701201438904,0.00902557373046875,0.6855754256248474,
3979,0.8742204308509827,0.00804901123046875,0.8758302330970764,
3980,0.6060020327568054,0.00811004638671875,0.6076242327690125,
3981,0.8854141235351562,0.01355743408203125,0.8881263732910156,
3982,0.4422023296356201,0.01009368896484375,0.44422030448913574,
3983,0.48782670497894287,0.007236480712890625,0.48927438259124756,
3984,0.6905789971351624,0.00913238525390625,0.6924052834510803,
3985,0.900460958480835,0.0117950439453125,0.902820348739624,
3986,0.8172472715377808,0.01116180419921875,0.8194788694381714,
3987,0.4501645267009735,0.00977325439453125,0.4521195590496063,
3988,0.7158962488174438,0.01393890380859375,0.7186847925186157,
3989,0.6116071343421936,0.01322174072265625,0.6142507195472717,
3990,0.6090164184570312,0.01033782958984375,0.611083984375,
3991,0.6123591661453247,0.00930023193359375,0.6142188310623169,
3992,0.5780253410339355,0.0091552734375,0.5798563957214355,
3993,0.879614531993866,0.01270294189453125,0.8821551203727722,
3994,0.7411907315254211,0.0140533447265625,0.7440021634101868,
3995,0.4913250803947449,0.01122283935546875,0.4935700297355652,
3996,0.9979425668716431,0.01317596435546875,1.00057852268219,
3997,1.1095168590545654,0.0118408203125,1.1118857860565186,
3998,1.2769101858139038,0.0153045654296875,1.2799714803695679,
3999,0.8754154443740845,0.01168060302734375,0.8777519464492798,
4000,0.7015724778175354,0.01059722900390625,0.7036915421485901,53.81679389312977
