step,task_loss,bias_loss,total_loss,sps
0,20.601356506347656,0.1314697265625,20.614501953125,
1,21.160676956176758,0.142822265625,21.174959182739258,
2,14.627607345581055,0.12548828125,14.640157699584961,
3,14.345359802246094,0.1229248046875,14.357650756835938,
4,16.103761672973633,0.1492919921875,16.11869239807129,
5,12.484237670898438,0.1346435546875,12.497703552246094,
6,10.188070297241211,0.140380859375,10.202108383178711,
7,6.711147785186768,0.1368408203125,6.72483491897583,
8,3.636146068572998,0.1378173828125,3.6499247550964355,
9,2.8363115787506104,0.133056640625,2.8496172428131104,
10,2.1437060832977295,0.1146240234375,2.155165433883667,
11,2.529550313949585,0.134033203125,2.542955160140991,
12,2.1458966732025146,0.1436767578125,2.1602628231048584,
13,1.9156724214553833,0.1458740234375,1.9302598237991333,
14,2.036780834197998,0.149169921875,2.051696300506592,
15,2.033740758895874,0.1353759765625,2.0472753047943115,
16,2.560474157333374,0.1243896484375,2.5729100704193115,
17,1.4979636669158936,0.142333984375,1.512200117111206,
18,1.5902619361877441,0.1336669921875,1.6036286354064941,
19,1.561259150505066,0.1282958984375,1.5740917921066284,
20,1.8650723695755005,0.12481689453125,1.8775540590286255,
21,1.4883430004119873,0.123046875,1.5006492137908936,
22,1.5014874935150146,0.1270751953125,1.5141980648040771,
23,1.5828057527542114,0.1197509765625,1.594783902168274,
24,1.7044273614883423,0.13427734375,1.7178550958633423,
25,1.4718973636627197,0.129150390625,1.484813928604126,
26,1.657454013824463,0.1248779296875,1.6699433326721191,
27,0.8826022744178772,0.12396240234375,0.8950000405311584,
28,1.5956618785858154,0.125732421875,1.6082351207733154,
29,1.3681093454360962,0.12347412109375,1.3804537057876587,
30,1.3014293909072876,0.1326904296875,1.3146969079971313,
31,1.2226223945617676,0.12335205078125,1.2349591255187988,
32,1.5148130655288696,0.12384033203125,1.5271955728530884,
33,1.6501421928405762,0.1328125,1.6634249687194824,
34,0.89596027135849,0.115234375,0.9074806571006775,
35,0.9304688572883606,0.1129150390625,0.9417603611946106,
36,1.26374089717865,0.1220703125,1.27594792842865,
37,1.4211293458938599,0.11456298828125,1.4325886964797974,
38,0.9944791197776794,0.118408203125,1.0063199996948242,
39,1.3288596868515015,0.10968017578125,1.339830756187439,
40,1.3324037790298462,0.11163330078125,1.343565583229065,
41,1.152851939201355,0.1142578125,1.1642807722091675,
42,0.9432815313339233,0.11065673828125,0.9543441534042358,
43,0.5229477882385254,0.107666015625,0.5337128639221191,
44,1.2222657203674316,0.12188720703125,1.2344574928283691,
45,1.0482949018478394,0.1075439453125,1.0590523481369019,
46,1.5514440536499023,0.1171875,1.5631628036499023,
47,0.7775930762290955,0.111572265625,0.788747251033783,
48,0.6678208708763123,0.1043701171875,0.6782578825950623,
49,1.1402677297592163,0.114013671875,1.1516660451889038,
50,0.92405766248703,0.11016845703125,0.935074508190155,
51,1.0118813514709473,0.11468505859375,1.023348331451416,
52,0.7999663352966309,0.114501953125,0.8114180564880371,
53,1.1061724424362183,0.11431884765625,1.1176012754440308,
54,0.8227978944778442,0.1036376953125,0.8331586122512817,
55,0.9140366315841675,0.09857177734375,0.9238938093185425,
56,0.8208545446395874,0.11163330078125,0.8320163488388062,
57,0.6600419282913208,0.1021728515625,0.6702576875686646,
58,1.1603422164916992,0.09515380859375,1.169856071472168,
59,0.4043274521827698,0.095703125,0.4138947129249573,
60,0.7038335204124451,0.0943603515625,0.7132710814476013,
61,0.642839252948761,0.09405517578125,0.6522462964057922,
62,0.434163361787796,0.09588623046875,0.44375351071357727,
63,1.0649670362472534,0.1064453125,1.0756100416183472,
64,0.7351463437080383,0.09576416015625,0.7447212338447571,
65,1.2540987730026245,0.1024169921875,1.264337420463562,
66,0.9098071455955505,0.1064453125,0.9204501509666443,
67,0.5049132704734802,0.0953369140625,0.5144500136375427,
68,0.9191831946372986,0.10052490234375,0.9292387366294861,
69,0.651828408241272,0.1068115234375,0.662509560585022,
70,0.5025709867477417,0.093505859375,0.5119246244430542,
71,0.9140441417694092,0.09771728515625,0.9238173961639404,
72,0.6856034398078918,0.09356689453125,0.6949570775032043,
73,0.5532608032226562,0.098876953125,0.5631484985351562,
74,0.9876382350921631,0.089599609375,0.9965951442718506,
75,1.0387204885482788,0.0931396484375,1.048035979270935,
76,1.1888362169265747,0.0977783203125,1.1986171007156372,
77,1.0885474681854248,0.1058349609375,1.0991294384002686,
78,0.7790171504020691,0.094482421875,0.7884623408317566,
79,0.6816743016242981,0.0946044921875,0.6911347508430481,
80,0.8148043751716614,0.085693359375,0.8233721852302551,
81,0.9104040265083313,0.10137939453125,0.9205434918403625,
82,0.7329567670822144,0.09417724609375,0.7423714399337769,
83,0.7092504501342773,0.08367919921875,0.7176198959350586,
84,0.5987818837165833,0.09539794921875,0.6083186268806458,
85,0.6508046984672546,0.10064697265625,0.6608678698539734,
86,0.6291835308074951,0.0958251953125,0.6387660503387451,
87,0.9186238050460815,0.10504150390625,0.9291294813156128,
88,0.8704900145530701,0.09857177734375,0.8803471922874451,
89,0.97350013256073,0.10211181640625,0.9837082624435425,
90,1.1423068046569824,0.09735107421875,1.1520419120788574,
91,0.5531394481658936,0.09814453125,0.562950849533081,
92,0.495979368686676,0.0858154296875,0.5045624375343323,
93,0.20779845118522644,0.0802001953125,0.2158169448375702,
94,0.8593693971633911,0.0953369140625,0.8689061403274536,
95,0.42887333035469055,0.08123779296875,0.4369986355304718,
96,0.6833580136299133,0.09619140625,0.6929786801338196,
97,0.7065171599388123,0.0927734375,0.7157945036888123,
98,0.6984047889709473,0.0875244140625,0.707155704498291,
99,0.6891016364097595,0.079345703125,0.6970362067222595,
100,0.5892826914787292,0.07757568359375,0.5970417857170105,
101,0.2976638972759247,0.0828857421875,0.3059494197368622,
102,0.6313529014587402,0.08673095703125,0.6400275230407715,
103,0.5380043387413025,0.08367919921875,0.5463737845420837,
104,0.955531895160675,0.0902099609375,0.9645498394966125,
105,1.0147815942764282,0.09344482421875,1.0241276025772095,
106,0.565850019454956,0.07806396484375,0.5736548900604248,
107,0.524017333984375,0.0865478515625,0.5326690673828125,
108,0.428960919380188,0.0831298828125,0.4372769594192505,
109,1.0939909219741821,0.0927734375,1.1032682657241821,
110,0.9505407214164734,0.08544921875,0.9590856432914734,
111,1.1186751127243042,0.09844970703125,1.1285170316696167,
112,0.7183216214179993,0.0819091796875,0.7265155911445618,
113,0.978815495967865,0.10198974609375,0.9890159964561462,
114,0.8535507321357727,0.09796142578125,0.8633468747138977,
115,1.2869640588760376,0.10150146484375,1.2971111536026,
116,0.5958541631698608,0.07672119140625,0.6035255193710327,
117,0.5345030426979065,0.0872802734375,0.5432310700416565,
118,0.7339805364608765,0.0941162109375,0.743395209312439,
119,1.0302727222442627,0.10064697265625,1.0403358936309814,
120,0.7595944404602051,0.0867919921875,0.7682766914367676,
121,0.8011038899421692,0.0911865234375,0.8102210164070129,
122,0.9730746150016785,0.08978271484375,0.9820544123649597,
123,0.35077691078186035,0.0802001953125,0.3587954044342041,
124,0.6383602619171143,0.0831298828125,0.6466763019561768,
125,0.48381850123405457,0.0899658203125,0.4928135573863983,
126,0.7995542287826538,0.09576416015625,0.8091291189193726,
127,1.1694920063018799,0.09100341796875,1.1785938739776611,
128,0.4542866349220276,0.0906982421875,0.46335798501968384,
129,0.4278952181339264,0.0845947265625,0.43635621666908264,
130,0.39159277081489563,0.08154296875,0.3997485935688019,
131,1.0683619976043701,0.09149169921875,1.0775096416473389,
132,0.517738938331604,0.0804443359375,0.5257803201675415,
133,0.5500571727752686,0.0823974609375,0.5582969188690186,
134,0.4864010214805603,0.08123779296875,0.49452632665634155,
135,0.9074371457099915,0.081298828125,0.915570080280304,
136,0.7865428328514099,0.08697509765625,0.7952403426170349,
137,0.8098402619361877,0.08197021484375,0.8180342316627502,
138,0.5718184113502502,0.0859375,0.5804091095924377,
139,0.9283157587051392,0.0794677734375,0.9362655878067017,
140,0.5596664547920227,0.0703125,0.5666969418525696,
141,1.1174708604812622,0.092529296875,1.1267253160476685,
142,0.9061213731765747,0.0936279296875,0.9154826402664185,
143,1.1286121606826782,0.08355712890625,1.136966347694397,
144,0.8868388533592224,0.07464599609375,0.8943042159080505,
145,0.6079126000404358,0.062286376953125,0.6141420006752014,
146,0.4911022186279297,0.07733154296875,0.49883460998535156,
147,0.5895121693611145,0.07952880859375,0.597461998462677,
148,0.7611834406852722,0.07769775390625,0.7689539790153503,
149,0.48014605045318604,0.0748291015625,0.4876304864883423,
150,0.9063262939453125,0.08489990234375,0.9148178100585938,
151,1.413561224937439,0.083984375,1.4219611883163452,
152,0.6064072847366333,0.07122802734375,0.6135293245315552,
153,0.6785283088684082,0.0753173828125,0.686058521270752,
154,0.8313831090927124,0.0875244140625,0.8401340246200562,
155,0.7803379893302917,0.0872802734375,0.7890660166740417,
156,0.634049654006958,0.07818603515625,0.6418697834014893,
157,0.2549888491630554,0.05072021484375,0.26006239652633667,
158,0.7841368317604065,0.07855224609375,0.791995108127594,
159,0.31128033995628357,0.050048828125,0.31628522276878357,
160,1.0974643230438232,0.0853271484375,1.1059939861297607,
161,0.658714771270752,0.0732421875,0.666038990020752,
162,0.6851663589477539,0.07464599609375,0.692631721496582,
163,0.5312913060188293,0.0740966796875,0.5386994481086731,
164,0.5519397258758545,0.06988525390625,0.5589282512664795,
165,0.8657512068748474,0.0650634765625,0.8722590804100037,
166,0.9836464524269104,0.07470703125,0.9911156296730042,
167,1.1856262683868408,0.08148193359375,1.1937744617462158,
168,0.591361403465271,0.071044921875,0.5984643697738647,
169,0.5308414101600647,0.07012939453125,0.5378528237342834,
170,0.9856968522071838,0.07049560546875,0.9927464127540588,
171,0.7924985289573669,0.07196044921875,0.7996930480003357,
172,0.5056646466255188,0.062744140625,0.5119398236274719,
173,0.6474097967147827,0.07196044921875,0.6546043157577515,
174,0.5476715564727783,0.0732421875,0.5549957752227783,
175,0.7898333668708801,0.08233642578125,0.7980654835700989,
176,0.472893089056015,0.06585693359375,0.47947725653648376,
177,0.5150516033172607,0.07220458984375,0.5222728252410889,
178,0.9268779158592224,0.0762939453125,0.9345073103904724,
179,0.7383245825767517,0.076416015625,0.7459654211997986,
180,0.9446057081222534,0.08648681640625,0.9532574415206909,
181,0.6967312097549438,0.0697021484375,0.7037006616592407,
182,1.321539282798767,0.0838623046875,1.3299239873886108,
183,1.1790872812271118,0.076416015625,1.1867281198501587,
184,0.7505117058753967,0.060272216796875,0.7565389275550842,
185,1.165191411972046,0.070068359375,1.172199010848999,
186,0.5867810845375061,0.07257080078125,0.5940366387367249,
187,0.5174201130867004,0.072265625,0.5246451497077942,
188,0.513347864151001,0.06939697265625,0.5202867984771729,
189,0.7748416066169739,0.069091796875,0.7817500233650208,
190,0.30946117639541626,0.041534423828125,0.3136153817176819,
191,0.47665300965309143,0.06646728515625,0.4832982122898102,
192,0.5758458971977234,0.057586669921875,0.5816060900688171,
193,0.2521383762359619,0.0517578125,0.25731492042541504,
194,0.8542661666870117,0.0572509765625,0.8599920272827148,
195,0.5856976509094238,0.07025146484375,0.5927243232727051,
196,0.7691750526428223,0.06268310546875,0.7754426002502441,
197,0.6043773889541626,0.06365966796875,0.6107441186904907,
198,0.7508413195610046,0.076904296875,0.7585317492485046,
199,0.7030649185180664,0.07476806640625,0.7105417251586914,
200,0.8350865244865417,0.064453125,0.841533362865448,
201,0.8683539628982544,0.0711669921875,0.8754721879959106,
202,0.8124889135360718,0.07122802734375,0.8196109533309937,
203,0.33613064885139465,0.048248291015625,0.3409562408924103,
204,0.6223267912864685,0.0687255859375,0.6292008757591248,
205,0.7927714586257935,0.062469482421875,0.7990199327468872,
206,0.7772722840309143,0.07171630859375,0.7844439148902893,
207,0.4864061176776886,0.053985595703125,0.491803914308548,
208,0.6965828537940979,0.07086181640625,0.7036705613136292,
209,0.38248375058174133,0.055572509765625,0.38804176449775696,
210,0.6100276112556458,0.0599365234375,0.6160205006599426,
211,0.399178147315979,0.052276611328125,0.40440428256988525,
212,0.6789931058883667,0.07025146484375,0.686019778251648,
213,0.4873489737510681,0.05035400390625,0.4923843741416931,
214,1.9138212203979492,0.08642578125,1.9224653244018555,
215,0.9266268610954285,0.0762939453125,0.9342562556266785,
216,0.5922387838363647,0.0662841796875,0.598868727684021,
217,0.6656671166419983,0.05615234375,0.6712823510169983,
218,1.1302125453948975,0.07696533203125,1.1379106044769287,
219,0.5639301538467407,0.058990478515625,0.569827675819397,
220,0.690013587474823,0.0721435546875,0.6972271800041199,
221,0.6137082576751709,0.058746337890625,0.6195828914642334,
222,0.37588584423065186,0.055694580078125,0.38145530223846436,
223,0.8055871725082397,0.06756591796875,0.8123430013656616,
224,0.4715818464756012,0.06402587890625,0.47798290848731995,
225,0.6445444822311401,0.054107666015625,0.6499537229537964,
226,0.4583001732826233,0.060028076171875,0.46430450677871704,
227,0.5014320015907288,0.05621337890625,0.50705486536026,
228,0.6596873998641968,0.06842041015625,0.666530966758728,
229,0.5780462622642517,0.0699462890625,0.585042417049408,
230,0.353389173746109,0.03948974609375,0.3573373854160309,
231,0.573737621307373,0.057037353515625,0.5794405937194824,
232,0.7172206044197083,0.06671142578125,0.7238925099372864,
233,0.40731731057167053,0.036346435546875,0.41095271706581116,
234,0.5295690298080444,0.06280517578125,0.5358480215072632,
235,1.0095875263214111,0.0709228515625,1.016679048538208,
236,0.5363482236862183,0.054718017578125,0.5418184995651245,
237,0.4544367492198944,0.056060791015625,0.46004435420036316,
238,1.106797695159912,0.06298828125,1.113095760345459,
239,1.308091402053833,0.06976318359375,1.3150684833526611,
240,0.60202556848526,0.06182861328125,0.6082091927528381,
241,1.0222314596176147,0.06866455078125,1.0290979146957397,
242,0.9611974954605103,0.0814208984375,0.969338059425354,
243,0.7835747599601746,0.072265625,0.7907997965812683,
244,0.9298132658004761,0.06927490234375,0.9367407560348511,
245,1.2068346738815308,0.0849609375,1.2153338193893433,
246,0.4363372325897217,0.051483154296875,0.44148707389831543,
247,0.8497620820999146,0.0697021484375,0.8567315340042114,
248,0.9086034297943115,0.07525634765625,0.9161298274993896,
249,0.9827865958213806,0.07763671875,0.9905495047569275,
250,0.6240192651748657,0.06353759765625,0.630374550819397,
251,0.8348686695098877,0.07183837890625,0.8420517444610596,
252,0.63717120885849,0.0738525390625,0.64455646276474,
253,0.902582585811615,0.08135986328125,0.9107155203819275,
254,0.5279774069786072,0.06512451171875,0.534489095211029,
255,0.4945819675922394,0.064208984375,0.5010020732879639,
256,1.059274435043335,0.078125,1.067086935043335,
257,0.6268522143363953,0.054718017578125,0.6323224902153015,
258,0.4644079804420471,0.0513916015625,0.469546377658844,
259,0.9318976402282715,0.061187744140625,0.938016414642334,
260,0.5306237936019897,0.059661865234375,0.5365899801254272,
261,0.5551906824111938,0.052337646484375,0.5604244470596313,
262,0.3422870337963104,0.043853759765625,0.3466739356517792,
263,0.8138459920883179,0.07080078125,0.8209260702133179,
264,0.8555422425270081,0.0677490234375,0.8623171448707581,
265,0.4979495108127594,0.05230712890625,0.5031794309616089,
266,0.6775311827659607,0.06640625,0.6841725707054138,
267,0.6142225861549377,0.05511474609375,0.6197348237037659,
268,0.669437825679779,0.058746337890625,0.6753124594688416,
269,0.37418249249458313,0.0631103515625,0.3804920017719269,
270,0.7907946109771729,0.04962158203125,0.795757532119751,
271,0.39474767446517944,0.042022705078125,0.3989514708518982,
272,0.32904180884361267,0.04705810546875,0.3337491452693939,
273,0.6098811030387878,0.0660400390625,0.6164843440055847,
274,0.597197949886322,0.06317138671875,0.603515088558197,
275,0.5062181353569031,0.0489501953125,0.5111123919487,
276,0.6392113566398621,0.054229736328125,0.6446358561515808,
277,0.7991816401481628,0.06903076171875,0.8060862421989441,
278,0.5741173028945923,0.0570068359375,0.579816460609436,
279,0.7824034094810486,0.06549072265625,0.7889532446861267,
280,0.44058772921562195,0.040618896484375,0.4446503818035126,
281,0.712330162525177,0.0655517578125,0.7188838124275208,
282,0.5809868574142456,0.050018310546875,0.58598792552948,
283,0.7713794112205505,0.06207275390625,0.7775859236717224,
284,0.558996319770813,0.044586181640625,0.5634557008743286,
285,0.6636819839477539,0.05621337890625,0.6693048477172852,
286,0.43247681856155396,0.0460205078125,0.4370773434638977,
287,0.8339070677757263,0.055145263671875,0.8394231200218201,
288,0.7751914262771606,0.060272216796875,0.7812186479568481,
289,0.6732617616653442,0.052764892578125,0.6785374879837036,
290,0.5181423425674438,0.06488037109375,0.524631142616272,
291,0.5211060047149658,0.05755615234375,0.526862382888794,
292,0.4313470423221588,0.0467529296875,0.43602386116981506,
293,0.5878108739852905,0.05255126953125,0.5930675268173218,
294,0.6208627820014954,0.06756591796875,0.6276186108589172,
295,0.626998782157898,0.06024169921875,0.6330221891403198,
296,0.523215651512146,0.052978515625,0.5285142660140991,
297,0.36855262517929077,0.04412841796875,0.3729662299156189,
298,0.9193111658096313,0.06134033203125,0.9254451990127563,
299,0.8661506175994873,0.06951904296875,0.873100996017456,
300,0.6400064826011658,0.06512451171875,0.6465181708335876,
301,0.47836193442344666,0.050811767578125,0.48344311118125916,
302,0.6663278937339783,0.05828857421875,0.6721567511558533,
303,1.6197577714920044,0.0855712890625,1.628317952156067,
304,0.5034015774726868,0.04595947265625,0.5079982876777649,
305,0.671202540397644,0.0587158203125,0.6770733594894409,
306,0.6448307633399963,0.062164306640625,0.6510487198829651,
307,0.9527912735939026,0.0650634765625,0.9592991471290588,
308,0.5148708820343018,0.05633544921875,0.5205051898956299,
309,0.32709452509880066,0.0406494140625,0.3311609923839569,
310,1.2732864618301392,0.07269287109375,1.2805572748184204,
311,0.6217503547668457,0.050689697265625,0.6268200874328613,
312,0.3277823328971863,0.045135498046875,0.33229511976242065,
313,0.6785194873809814,0.058197021484375,0.6843407154083252,
314,0.5200899243354797,0.041656494140625,0.5242555737495422,
315,0.6660555601119995,0.048065185546875,0.670862078666687,
316,0.5139703154563904,0.034393310546875,0.5174092650413513,
317,0.7323970198631287,0.061981201171875,0.7385959029197693,
318,0.9462326169013977,0.0751953125,0.9537513852119446,
319,0.6430069208145142,0.05828857421875,0.6488357782363892,
320,0.6663557887077332,0.06903076171875,0.6732603907585144,
321,0.5441180467605591,0.05279541015625,0.5493975877761841,
322,0.36750859022140503,0.04901123046875,0.37241047620773315,
323,0.587354302406311,0.05078125,0.5924316644668579,
324,0.6145729422569275,0.061981201171875,0.6207718253135681,
325,0.7225021719932556,0.0703125,0.7295326590538025,
326,1.092470407485962,0.072998046875,1.0997717380523682,
327,0.8462430834770203,0.05841064453125,0.8520833849906921,
328,0.5192097425460815,0.061065673828125,0.5253170728683472,
329,0.7589699625968933,0.054046630859375,0.7643753886222839,
330,0.49183952808380127,0.059051513671875,0.49774467945098877,
331,0.9915601015090942,0.07562255859375,0.999120831489563,
332,0.7253047227859497,0.060791015625,0.731385350227356,
333,0.9919112920761108,0.0811767578125,1.0000289678573608,
334,0.5238049030303955,0.054718017578125,0.5292751789093018,
335,0.9664512872695923,0.080078125,0.9744621515274048,
336,0.8377459049224854,0.05633544921875,0.8433802127838135,
337,0.3500065207481384,0.0455322265625,0.3545612692832947,
338,0.8785328269004822,0.055145263671875,0.8840488791465759,
339,0.6830207705497742,0.055023193359375,0.6885215640068054,
340,0.327313631772995,0.039337158203125,0.33124658465385437,
341,1.0525352954864502,0.060455322265625,1.0585815906524658,
342,0.6636772155761719,0.047637939453125,0.6684417724609375,
343,0.9470444321632385,0.0631103515625,0.9533539414405823,
344,0.3749232590198517,0.03778076171875,0.37870171666145325,
345,0.4821234941482544,0.043365478515625,0.48646080493927,
346,0.7822837829589844,0.05377197265625,0.7876625061035156,
347,0.6014270186424255,0.04803466796875,0.6062297224998474,
348,0.6942408680915833,0.050933837890625,0.6993334889411926,
349,0.5179212689399719,0.049163818359375,0.5228384137153625,
350,0.864437997341156,0.0667724609375,0.8711137175559998,
351,0.6451389789581299,0.055023193359375,0.6506397724151611,
352,0.8023039698600769,0.057373046875,0.8080412745475769,
353,0.7203168272972107,0.05792236328125,0.7261075377464294,
354,0.9404093623161316,0.0736083984375,0.9477717280387878,
355,0.7532438635826111,0.06689453125,0.7599348425865173,
356,0.8022406697273254,0.06854248046875,0.8090956807136536,
357,0.7224975824356079,0.054656982421875,0.7279640436172485,
358,0.6362035274505615,0.06280517578125,0.6424825191497803,
359,1.109236240386963,0.07940673828125,1.1171784400939941,
360,0.4587634801864624,0.05218505859375,0.4639819860458374,
361,0.5358642339706421,0.05682373046875,0.5415481328964233,
362,0.5329182147979736,0.053436279296875,0.5382626056671143,
363,1.1048238277435303,0.06365966796875,1.1111905574798584,
364,0.6739935278892517,0.048004150390625,0.678792417049408,
365,0.7296575903892517,0.0592041015625,0.7355780005455017,
366,0.5609065890312195,0.043487548828125,0.565255343914032,
367,0.42829468846321106,0.03765869140625,0.43205979466438293,
368,0.4714072048664093,0.040313720703125,0.4754393398761749,
369,0.8801659941673279,0.053924560546875,0.8855599761009216,
370,0.7538517713546753,0.0489501953125,0.7587460279464722,
371,0.850806474685669,0.056488037109375,0.8564560413360596,
372,0.48083290457725525,0.0411376953125,0.484945148229599,
373,0.5177564024925232,0.0496826171875,0.5227231383323669,
374,0.433745414018631,0.031463623046875,0.4368925392627716,
375,0.6901448369026184,0.044036865234375,0.6945469975471497,
376,0.5233437418937683,0.042510986328125,0.5275933146476746,
377,0.4589574635028839,0.0325927734375,0.4622171223163605,
378,0.3299022912979126,0.042510986328125,0.33415186405181885,
379,0.4678157866001129,0.035308837890625,0.47134628891944885,
380,1.033247709274292,0.0640869140625,1.039656400680542,
381,0.38516107201576233,0.041046142578125,0.38926568627357483,
382,0.9983077645301819,0.0653076171875,1.004838466644287,
383,0.5188689231872559,0.046051025390625,0.5234732627868652,
384,0.7495639324188232,0.056884765625,0.7552516460418701,
385,0.6658805012702942,0.042724609375,0.6701529622077942,
386,0.7325648069381714,0.0582275390625,0.7383860349655151,
387,0.5559465289115906,0.05322265625,0.5612680315971375,
388,0.5232775211334229,0.04290771484375,0.527569055557251,
389,0.6736966371536255,0.04473876953125,0.6781712770462036,
390,0.47020116448402405,0.05364990234375,0.4755646288394928,
391,0.6084522008895874,0.051177978515625,0.6135715246200562,
392,0.4873855710029602,0.043182373046875,0.4917038083076477,
393,0.8493303656578064,0.06329345703125,0.8556589484214783,
394,0.5334241390228271,0.046966552734375,0.5381200313568115,
395,1.0106004476547241,0.0537109375,1.0159715414047241,
396,0.5676553845405579,0.05230712890625,0.5728853344917297,
397,0.5865651965141296,0.05047607421875,0.5916120409965515,
398,0.5157809257507324,0.04107666015625,0.5198893547058105,
399,0.8912780284881592,0.0731201171875,0.8985908031463623,
400,0.7185481786727905,0.058380126953125,0.7243846654891968,
401,0.6090957522392273,0.061492919921875,0.6152450442314148,
402,1.0039997100830078,0.060943603515625,1.0100955963134766,
403,0.5878174901008606,0.0325927734375,0.5910771489143372,
404,1.2143995761871338,0.06707763671875,1.2211058139801025,
405,1.0129399299621582,0.06671142578125,1.0196118354797363,
406,1.0368071794509888,0.06463623046875,1.0432692766189575,
407,0.5070651769638062,0.0433349609375,0.5113986730575562,
408,0.4844115674495697,0.037628173828125,0.48817476630210876,
409,0.9470654726028442,0.06524658203125,0.953588604927063,
410,0.29389676451683044,0.0281219482421875,0.29670819640159607,
411,0.8555880188941956,0.055999755859375,0.8611879944801331,
412,0.592132031917572,0.0418701171875,0.5963205695152283,
413,0.5902038216590881,0.05474853515625,0.59567791223526,
414,0.627711296081543,0.049407958984375,0.6326513290405273,
415,1.2294551134109497,0.0760498046875,1.237061619758606,
416,0.4580320715904236,0.04888916015625,0.46292251348495483,
417,1.609108805656433,0.07061767578125,1.616169810295105,
418,0.8335062861442566,0.0572509765625,0.8392321467399597,
419,0.7453380823135376,0.056640625,0.7510029077529907,
420,0.2806392014026642,0.039154052734375,0.28455308079719543,
421,0.912295401096344,0.055084228515625,0.9178038239479065,
422,1.063215970993042,0.06854248046875,1.0700709819793701,
423,1.043341040611267,0.0618896484375,1.0495284795761108,
424,0.932305097579956,0.06793212890625,0.9390990734100342,
425,0.6173853874206543,0.049468994140625,0.6223330497741699,
426,0.7078384160995483,0.06732177734375,0.7145713567733765,
427,0.9598271250724792,0.06512451171875,0.9663388133049011,
428,1.1388567686080933,0.07061767578125,1.1459177732467651,
429,1.1115140914916992,0.07403564453125,1.1189184188842773,
430,0.4630088210105896,0.04937744140625,0.46794503927230835,
431,0.9271939992904663,0.06939697265625,0.9341329336166382,
432,0.562466561794281,0.04974365234375,0.567440927028656,
433,0.6994849443435669,0.055267333984375,0.7050124406814575,
434,0.8844625353813171,0.0526123046875,0.889723002910614,
435,0.6344914436340332,0.0648193359375,0.6409726142883301,
436,0.9549279808998108,0.0672607421875,0.9616532921791077,
437,0.8940625190734863,0.0655517578125,0.9006161689758301,
438,0.553550124168396,0.050201416015625,0.5585702657699585,
439,0.2726908028125763,0.04412841796875,0.2771044075489044,
440,0.3927038908004761,0.044769287109375,0.3971823453903198,
441,0.700343906879425,0.06256103515625,0.70660001039505,
442,0.5459425449371338,0.035797119140625,0.5495226383209229,
443,0.3114607632160187,0.0362548828125,0.31508663296699524,
444,0.807977020740509,0.06201171875,0.8141797184944153,
445,0.898808479309082,0.06109619140625,0.9049196243286133,
446,0.9925808906555176,0.057708740234375,0.9983525276184082,
447,0.606755256652832,0.05419921875,0.6121759414672852,
448,0.5602482557296753,0.03765869140625,0.5640133619308472,
449,0.6364397406578064,0.0574951171875,0.6421884894371033,
450,0.9039964079856873,0.045928955078125,0.9085893034934998,
451,0.840708315372467,0.050872802734375,0.8457971215248108,
452,1.003961205482483,0.05694580078125,1.009656548500061,
453,0.5597193241119385,0.040863037109375,0.5638048648834229,
454,0.40999287366867065,0.034912109375,0.41348332166671753,
455,1.530837893486023,0.07470703125,1.5383070707321167,
456,0.6825463771820068,0.048797607421875,0.6874253749847412,
457,1.0170646905899048,0.05767822265625,1.0228325128555298,
458,1.0013326406478882,0.05804443359375,1.0071386098861694,
459,0.9412897229194641,0.06451416015625,0.947740375995636,
460,0.6306192278862,0.042755126953125,0.6348955035209656,
461,0.819323718547821,0.061309814453125,0.8254539370536804,
462,0.4665551483631134,0.04608154296875,0.4711633026599884,
463,0.7001489400863647,0.0546875,0.705619215965271,
464,0.9398511648178101,0.066650390625,0.9465154409408569,
465,0.6714875102043152,0.049896240234375,0.6764771342277527,
466,0.48149460554122925,0.045867919921875,0.4860798716545105,
467,0.5215930342674255,0.054962158203125,0.5270900130271912,
468,0.5843202471733093,0.035064697265625,0.5878259539604187,
469,0.6637066006660461,0.04461669921875,0.6681697964668274,
470,0.6728947758674622,0.04742431640625,0.677636444568634,
471,0.5108981728553772,0.052276611328125,0.5161243081092834,
472,1.095556378364563,0.06982421875,1.1025372743606567,
473,0.4068284332752228,0.0352783203125,0.4103570282459259,
474,0.7917472124099731,0.0595703125,0.7977057695388794,
475,0.4440807104110718,0.033966064453125,0.44747769832611084,
476,0.758330225944519,0.046356201171875,0.7629650831222534,
477,1.3083151578903198,0.071044921875,1.3154181241989136,
478,0.41704946756362915,0.038177490234375,0.4208679795265198,
479,0.7470579147338867,0.0740966796875,0.7544660568237305,
480,0.8733705282211304,0.0648193359375,0.8798516988754272,
481,0.4569796621799469,0.05511474609375,0.462491899728775,
482,0.7830665111541748,0.054046630859375,0.7884719371795654,
483,0.5236532688140869,0.04876708984375,0.5285284519195557,
484,0.6190128922462463,0.0546875,0.6244831681251526,
485,0.6844752430915833,0.0625,0.690723717212677,
486,0.42364707589149475,0.041595458984375,0.427805095911026,
487,0.8388770222663879,0.059295654296875,0.8448050618171692,
488,0.42109575867652893,0.04876708984375,0.4259709417819977,
489,0.516038179397583,0.052886962890625,0.5213253498077393,
490,0.8029968738555908,0.0489501953125,0.8078911304473877,
491,0.6627307534217834,0.052276611328125,0.6679568886756897,
492,0.8240876197814941,0.051422119140625,0.8292298316955566,
493,1.127777338027954,0.058135986328125,1.1335909366607666,
494,1.1081523895263672,0.071533203125,1.115304946899414,
495,0.4017855226993561,0.037139892578125,0.405499130487442,
496,0.552420973777771,0.03558349609375,0.5559800863265991,
497,0.8732325434684753,0.0599365234375,0.8792254328727722,
498,0.6127234101295471,0.05462646484375,0.6181860566139221,
499,1.0555073022842407,0.057830810546875,1.0612903833389282,
500,1.1433171033859253,0.05987548828125,1.1493061780929565,
501,0.3884345293045044,0.030181884765625,0.39145195484161377,
502,0.5853667259216309,0.0458984375,0.5899558067321777,
503,0.6135298609733582,0.041290283203125,0.6176573634147644,
504,0.30985552072525024,0.0306396484375,0.3129187226295471,
505,1.1182085275650024,0.05706787109375,1.1239153146743774,
506,0.6121324300765991,0.051116943359375,0.6172441244125366,
507,0.6505123376846313,0.054718017578125,0.6559826135635376,
508,0.4448438286781311,0.044036865234375,0.44924598932266235,
509,0.6833010315895081,0.05474853515625,0.6887751221656799,
510,0.5886812210083008,0.058319091796875,0.5945138931274414,
511,0.9010708928108215,0.04510498046875,0.9055798649787903,
512,0.7305928468704224,0.050140380859375,0.7356053590774536,
513,0.4208167493343353,0.043792724609375,0.4251960217952728,
514,0.8985642194747925,0.0606689453125,0.9046295881271362,
515,0.6724691987037659,0.05181884765625,0.6776495575904846,
516,0.5488855242729187,0.054595947265625,0.5543443560600281,
517,0.34257712960243225,0.02960205078125,0.34553733468055725,
518,0.3411681354045868,0.0270538330078125,0.3438727557659149,
519,0.8058934211730957,0.05682373046875,0.811577320098877,
520,0.6222766041755676,0.060638427734375,0.6283419728279114,
521,1.0720254182815552,0.0599365234375,1.078018307685852,
522,0.86163729429245,0.06439208984375,0.868076503276825,
523,0.6137856841087341,0.03302001953125,0.6170873045921326,
524,0.5765517950057983,0.03924560546875,0.5804771184921265,
525,0.33058467507362366,0.0276031494140625,0.33334460854530334,
526,0.6583026647567749,0.05047607421875,0.6633495092391968,
527,0.6475291848182678,0.05279541015625,0.6528087258338928,
528,0.3156554400920868,0.037506103515625,0.31940528750419617,
529,0.5735364556312561,0.0528564453125,0.5788236260414124,
530,0.4120066165924072,0.0364990234375,0.41565728187561035,
531,0.3475342392921448,0.024139404296875,0.3499489426612854,
532,0.43526774644851685,0.033233642578125,0.4385903477668762,
533,0.653249204158783,0.0469970703125,0.657948911190033,
534,0.7145141959190369,0.05059814453125,0.7195724844932556,
535,0.9055744409561157,0.05401611328125,0.9109760522842407,
536,0.8564537763595581,0.05224609375,0.8616799116134644,
537,1.020249366760254,0.06622314453125,1.026871681213379,
538,0.4265699088573456,0.036376953125,0.430207222700119,
539,1.0855334997177124,0.06781005859375,1.0923160314559937,
540,0.6489101052284241,0.048126220703125,0.6537242531776428,
541,0.7584347724914551,0.07110595703125,0.7655453681945801,
542,0.7270227074623108,0.039886474609375,0.7310128808021545,
543,0.5033779740333557,0.03472900390625,0.5068512558937073,
544,0.3580488860607147,0.0259246826171875,0.3606409728527069,
545,0.7028111219406128,0.05877685546875,0.7086895704269409,
546,1.0613188743591309,0.058807373046875,1.0672011375427246,
547,0.931480884552002,0.056427001953125,0.9371228218078613,
548,0.5558546781539917,0.039947509765625,0.5598486661911011,
549,0.5827838778495789,0.049102783203125,0.5876933932304382,
550,0.5051686763763428,0.048736572265625,0.5100438594818115,
551,0.9768378138542175,0.05169677734375,0.9820067286491394,
552,0.5400350689888,0.043701171875,0.5444067120552063,
553,0.8584598898887634,0.044677734375,0.8629269003868103,
554,0.8523675799369812,0.0516357421875,0.8575326800346375,
555,0.43718016147613525,0.03857421875,0.44103682041168213,
556,0.7030283808708191,0.056182861328125,0.7086474299430847,
557,0.6298374533653259,0.03582763671875,0.6334194540977478,
558,0.3679943382740021,0.02667236328125,0.37066081166267395,
559,0.5563116073608398,0.038787841796875,0.5601911544799805,
560,0.6912747621536255,0.049560546875,0.6962300539016724,
561,0.6138836145401001,0.0401611328125,0.6179004907608032,
562,0.44035208225250244,0.040191650390625,0.4443727731704712,
563,0.7102497816085815,0.05499267578125,0.7157505750656128,
564,0.5812376737594604,0.044342041015625,0.5856703519821167,
565,0.7763758897781372,0.047821044921875,0.781159520149231,
566,0.7073804140090942,0.04278564453125,0.7116605043411255,
567,0.8678166270256042,0.0653076171875,0.8743473887443542,
568,0.5185220837593079,0.041656494140625,0.5226877331733704,
569,0.8377633690834045,0.05145263671875,0.8429093956947327,
570,1.4007439613342285,0.053070068359375,1.406050205230713,
571,0.6631065011024475,0.0428466796875,0.6673904061317444,
572,0.3243502378463745,0.029266357421875,0.3272761106491089,
573,0.7910038828849792,0.04510498046875,0.795512855052948,
574,0.4542951285839081,0.03594970703125,0.45789048075675964,
575,0.5252756476402283,0.037261962890625,0.5290026068687439,
576,0.3536314070224762,0.0333251953125,0.35696354508399963,
577,0.64507657289505,0.040252685546875,0.6491010785102844,
578,0.8220986127853394,0.044647216796875,0.8265618085861206,
579,0.5073298215866089,0.04364013671875,0.5116938352584839,
580,0.4305395185947418,0.0286102294921875,0.43340054154396057,
581,0.6759797930717468,0.047088623046875,0.6806871294975281,
582,0.8703264594078064,0.062408447265625,0.8765673041343689,
583,1.1380199193954468,0.05010986328125,1.143032431602478,
584,0.4056416153907776,0.034698486328125,0.4091110825538635,
585,0.5498219132423401,0.046051025390625,0.5544262528419495,
586,0.9753738641738892,0.050506591796875,0.9804245233535767,
587,0.9574066400527954,0.0614013671875,0.9635483026504517,
588,1.1357126235961914,0.061431884765625,1.1418542861938477,
589,0.9274951815605164,0.0697021484375,0.9344646334648132,
590,0.8532446026802063,0.052490234375,0.8584936261177063,
591,0.4180944263935089,0.035858154296875,0.4216802418231964,
592,0.6337575316429138,0.030548095703125,0.6368131041526794,
593,0.5368227362632751,0.05010986328125,0.5418352484703064,
594,0.6186648011207581,0.05218505859375,0.6238833069801331,
595,0.6231487393379211,0.0408935546875,0.6272380948066711,
596,0.7890591621398926,0.056793212890625,0.7947392463684082,
597,0.47885215282440186,0.03741455078125,0.48259437084198,
598,0.5370758175849915,0.03985595703125,0.5410621762275696,
599,0.9143586754798889,0.058502197265625,0.9202104210853577,
600,0.7534749507904053,0.04376220703125,0.7578504085540771,
601,0.4682588279247284,0.03955078125,0.4722146689891815,
602,1.0748744010925293,0.06390380859375,1.0812640190124512,
603,0.7319063544273376,0.052581787109375,0.7371630072593689,
604,0.5268304347991943,0.04339599609375,0.5311715602874756,
605,0.508830726146698,0.042510986328125,0.5130802989006042,
606,1.0469831228256226,0.054107666015625,1.0523923635482788,
607,0.4627906084060669,0.03509521484375,0.4663001298904419,
608,0.7516564726829529,0.05291748046875,0.7569474577903748,
609,0.7851327657699585,0.05877685546875,0.7910112142562866,
610,0.9142799973487854,0.051025390625,0.9193840622901917,
611,0.8562871813774109,0.05084228515625,0.861372172832489,
612,0.5982925891876221,0.0467529296875,0.6029694080352783,
613,0.6300132870674133,0.0474853515625,0.6347625851631165,
614,0.6785090565681458,0.047760009765625,0.6832850575447083,
615,1.1512141227722168,0.060302734375,1.15724515914917,
616,0.6720123887062073,0.047760009765625,0.6767883896827698,
617,0.5648228526115417,0.0330810546875,0.5681301951408386,
618,0.5338962078094482,0.04486083984375,0.5383822917938232,
619,0.6387940049171448,0.052093505859375,0.6440048813819885,
620,0.2676784098148346,0.031829833984375,0.27086177468299866,
621,1.3429032564163208,0.060791015625,1.348983883857727,
622,0.8599130511283875,0.04693603515625,0.8646051287651062,
623,0.7105867862701416,0.032440185546875,0.7138311862945557,
624,0.37784910202026367,0.0306549072265625,0.38091421127319336,
625,0.4694715142250061,0.039459228515625,0.47341591119766235,
626,1.0645023584365845,0.058563232421875,1.0703579187393188,
627,0.9508177638053894,0.049957275390625,0.9558150172233582,
628,0.9403756856918335,0.046051025390625,0.9449800252914429,
629,0.8963297009468079,0.042022705078125,0.9005334973335266,
630,0.5879795551300049,0.043121337890625,0.5922901630401611,
631,0.6894428730010986,0.04901123046875,0.6943447589874268,
632,0.6561954021453857,0.05126953125,0.6613223552703857,
633,0.7330771684646606,0.042724609375,0.7373496294021606,
634,0.8800621628761292,0.04742431640625,0.884803831577301,
635,0.9304606914520264,0.05377197265625,0.9358394145965576,
636,0.37977516651153564,0.0303955078125,0.38281548023223877,
637,0.6793786883354187,0.045257568359375,0.68390291929245,
638,0.41548094153404236,0.046722412109375,0.420153945684433,
639,1.6061049699783325,0.06622314453125,1.6127272844314575,
640,1.0895662307739258,0.060760498046875,1.0956430435180664,
641,0.5840531587600708,0.043182373046875,0.5883713960647583,
642,0.3644704520702362,0.0262908935546875,0.36709877848625183,
643,0.7218160629272461,0.0513916015625,0.726954460144043,
644,0.9564669132232666,0.06134033203125,0.9626009464263916,
645,0.7725414037704468,0.058746337890625,0.7784160375595093,
646,0.7923283576965332,0.0479736328125,0.7971272468566895,
647,0.48527792096138,0.0340576171875,0.48868444561958313,
648,0.6026369333267212,0.04052734375,0.6066881418228149,
649,1.016495943069458,0.048370361328125,1.0213329792022705,
650,0.7190517783164978,0.050537109375,0.7241062521934509,
651,1.022507667541504,0.056060791015625,1.0281152725219727,
652,0.747554361820221,0.03973388671875,0.7515292763710022,
653,1.0908607244491577,0.053955078125,1.0962547063827515,
654,0.46964749693870544,0.036529541015625,0.4733000695705414,
655,0.665997326374054,0.04937744140625,0.6709335446357727,
656,0.706019937992096,0.049652099609375,0.7109866738319397,
657,0.36882227659225464,0.0251007080078125,0.3713323473930359,
658,0.6897634863853455,0.046875,0.6944517493247986,
659,0.5286293029785156,0.03765869140625,0.5323944091796875,
660,1.2881819009780884,0.0535888671875,1.2935415506362915,
661,0.7327155470848083,0.04022216796875,0.7367362380027771,
662,0.326095849275589,0.0228729248046875,0.3283827602863312,
663,0.6735661625862122,0.042510986328125,0.6778157353401184,
664,0.44245100021362305,0.0261688232421875,0.4450678825378418,
665,0.3885648846626282,0.029815673828125,0.3915460705757141,
666,0.9258401393890381,0.05560302734375,0.9314019680023193,
667,0.6709416508674622,0.042022705078125,0.6751454472541809,
668,0.6684380769729614,0.039520263671875,0.6723901033401489,
669,0.6720259189605713,0.04144287109375,0.67616868019104,
670,0.6326414942741394,0.036285400390625,0.6362692713737488,
671,0.6406172513961792,0.02630615234375,0.6432474851608276,
672,0.4393325746059418,0.0382080078125,0.4431529939174652,
673,0.6958648562431335,0.03143310546875,0.6990081667900085,
674,0.60259610414505,0.0352783203125,0.6061246991157532,
675,0.4575045108795166,0.037750244140625,0.46127915382385254,
676,0.5236375331878662,0.0287933349609375,0.5265176296234131,
677,0.5124698281288147,0.0308074951171875,0.5155501961708069,
678,0.5627465844154358,0.03265380859375,0.5660119652748108,
679,1.0179435014724731,0.048553466796875,1.0227996110916138,
680,0.42969372868537903,0.022918701171875,0.43198636174201965,
681,1.1287541389465332,0.052093505859375,1.133965015411377,
682,0.5842481255531311,0.0281829833984375,0.587067186832428,
683,0.3657319247722626,0.024139404296875,0.3681466281414032,
684,0.5692137479782104,0.038604736328125,0.573074221611023,
685,0.4852558672428131,0.04217529296875,0.48947492241859436,
686,0.7979106307029724,0.041351318359375,0.8020457625389099,
687,0.6474809050559998,0.038970947265625,0.6513776183128357,
688,0.9173179268836975,0.046295166015625,0.9219489693641663,
689,1.2689112424850464,0.050262451171875,1.2739390134811401,
690,0.9611895084381104,0.0595703125,0.9671480655670166,
691,0.34672921895980835,0.02880859375,0.3496093153953552,
692,1.1059696674346924,0.0574951171875,1.1117184162139893,
693,0.5547105073928833,0.032745361328125,0.5579854249954224,
694,0.8122519850730896,0.045013427734375,0.8167533278465271,
695,0.7797659635543823,0.05419921875,0.7851866483688354,
696,0.9953054785728455,0.055023193359375,1.0008063316345215,
697,0.5941179990768433,0.05499267578125,0.5996187925338745,
698,0.5973966121673584,0.036285400390625,0.6010243892669678,
699,0.9895820617675781,0.048095703125,0.9943923950195312,
700,0.7105398178100586,0.046539306640625,0.7151937484741211,
701,0.6514391303062439,0.037322998046875,0.655171811580658,
702,0.6924230456352234,0.035064697265625,0.6959287524223328,
703,0.5235853791236877,0.048858642578125,0.5284720063209534,
704,0.5919011831283569,0.04437255859375,0.5963376760482788,
705,0.6779980063438416,0.041229248046875,0.6821216940879822,
706,0.5444157123565674,0.03717041015625,0.548133134841919,
707,0.6190102696418762,0.03326416015625,0.6223366856575012,
708,0.8798932433128357,0.05487060546875,0.8853787779808044,
709,0.46495428681373596,0.03192138671875,0.4681471884250641,
710,0.7803630232810974,0.046783447265625,0.7850398421287537,
711,0.29183414578437805,0.029327392578125,0.2947676479816437,
712,0.7493484616279602,0.0535888671875,0.7547081112861633,
713,0.47254863381385803,0.038604736328125,0.47640910744667053,
714,0.44616445899009705,0.041961669921875,0.45036062598228455,
715,0.5927810668945312,0.043426513671875,0.5971221923828125,
716,0.35289204120635986,0.03289794921875,0.3561822175979614,
717,1.3696155548095703,0.05853271484375,1.375467300415039,
718,0.758063018321991,0.05615234375,0.763678252696991,
719,0.6707537174224854,0.0355224609375,0.6743052005767822,
720,0.9496741890907288,0.053192138671875,0.95499187707901,
721,0.8169159889221191,0.051605224609375,0.8220772743225098,
722,0.33900484442710876,0.0256500244140625,0.3415702283382416,
723,0.5078431367874146,0.032989501953125,0.5111428499221802,
724,0.8164306879043579,0.04095458984375,0.8205276727676392,
725,0.4079440236091614,0.04296875,0.4122393727302551,
726,0.6023974418640137,0.042938232421875,0.6066927909851074,
727,0.6581332683563232,0.03680419921875,0.6618144512176514,
728,0.40993013978004456,0.040740966796875,0.41400423645973206,
729,0.6488890647888184,0.047332763671875,0.653623104095459,
730,0.8669150471687317,0.053436279296875,0.8722594380378723,
731,0.9155625104904175,0.04833984375,0.9203957319259644,
732,0.4177923798561096,0.03289794921875,0.4210825562477112,
733,0.8786404132843018,0.0489501953125,0.8835346698760986,
734,0.4970024824142456,0.048828125,0.5018852949142456,
735,0.8916466236114502,0.045745849609375,0.8962204456329346,
736,0.5548985600471497,0.041168212890625,0.559014618396759,
737,0.6524918675422668,0.040771484375,0.65656977891922,
738,0.837693452835083,0.055328369140625,0.8432247638702393,
739,0.7771666646003723,0.05096435546875,0.7822631001472473,
740,0.5141302943229675,0.04541015625,0.5186697840690613,
741,0.4982995092868805,0.031951904296875,0.501494288444519,
742,0.6169001460075378,0.040374755859375,0.6209360957145691,
743,0.47703710198402405,0.034454345703125,0.4804817736148834,
744,0.5689275860786438,0.03570556640625,0.5724981427192688,
745,0.7162023186683655,0.032501220703125,0.719452440738678,
746,1.1941556930541992,0.044342041015625,1.1985883712768555,
747,0.3597048223018646,0.018707275390625,0.3615759313106537,
748,0.8074515461921692,0.038726806640625,0.8113234639167786,
749,0.6411683559417725,0.0455322265625,0.6457231044769287,
750,0.4046197831630707,0.0276641845703125,0.4073854386806488,
751,0.5952038764953613,0.041412353515625,0.5993466377258301,
752,0.4127715528011322,0.038421630859375,0.4166129529476166,
753,0.7267099022865295,0.04144287109375,0.7308526635169983,
754,0.8873479962348938,0.0355224609375,0.8908994793891907,
755,0.9451082348823547,0.048309326171875,0.949937641620636,
756,0.47506099939346313,0.032684326171875,0.47833019495010376,
757,0.59915691614151,0.03680419921875,0.6028380990028381,
758,0.6096000075340271,0.038482666015625,0.6134490370750427,
759,0.5020384192466736,0.039825439453125,0.5060209631919861,
760,0.8102660179138184,0.047821044921875,0.8150496482849121,
761,0.37250715494155884,0.036590576171875,0.3761654496192932,
762,0.5936367511749268,0.0345458984375,0.5970909595489502,
763,0.3798539340496063,0.0343017578125,0.3832833468914032,
764,0.37254926562309265,0.0245208740234375,0.3750021159648895,
765,0.46542638540267944,0.0244598388671875,0.46787160634994507,
766,0.7243444919586182,0.043426513671875,0.7286856174468994,
767,1.0247628688812256,0.051971435546875,1.0299584865570068,
768,0.3292367160320282,0.0256500244140625,0.331802099943161,
769,1.568802833557129,0.0513916015625,1.5739412307739258,
770,0.6213630437850952,0.0297698974609375,0.6243404150009155,
771,0.3618704676628113,0.0268096923828125,0.36455219984054565,
772,0.6474429368972778,0.04547119140625,0.6519900560379028,
773,0.4512927830219269,0.0304107666015625,0.45433309674263,
774,0.5935704112052917,0.039337158203125,0.5975033640861511,
775,0.5902976989746094,0.0323486328125,0.5935325622558594,
776,0.6012679934501648,0.035430908203125,0.6048118472099304,
777,0.6890833377838135,0.039947509765625,0.6930773258209229,
778,1.108797550201416,0.0438232421875,1.1131806373596191,
779,0.45855259895324707,0.03546142578125,0.4620983600616455,
780,0.4239797294139862,0.0362548828125,0.42760559916496277,
781,1.273048996925354,0.051422119140625,1.2781912088394165,
782,0.5006464123725891,0.04150390625,0.5047968029975891,
783,0.6555953621864319,0.04827880859375,0.6604247689247131,
784,0.5503262877464294,0.028717041015625,0.5531987547874451,
785,0.8406290411949158,0.047027587890625,0.8453325629234314,
786,0.7520834803581238,0.0357666015625,0.7556597590446472,
787,0.5951924920082092,0.0377197265625,0.5989652276039124,
788,0.9618290662765503,0.044158935546875,0.966246485710144,
789,0.6133037805557251,0.042694091796875,0.6175724267959595,
790,0.8970077633857727,0.051025390625,0.902111828327179,
791,0.6451148986816406,0.036895751953125,0.6488037109375,
792,0.48671236634254456,0.0307464599609375,0.4897870123386383,
793,0.8813104629516602,0.0450439453125,0.8858156204223633,
794,0.33905187249183655,0.03753662109375,0.34280553460121155,
795,0.6041058301925659,0.0330810546875,0.6074131727218628,
796,0.751032292842865,0.04437255859375,0.7554687857627869,
797,0.7110493779182434,0.0411376953125,0.7151616215705872,
798,0.4545920789241791,0.034515380859375,0.4580443799495697,
799,0.4226777255535126,0.0382080078125,0.426498144865036,
800,0.9076972603797913,0.0599365234375,0.9136901497840881,
801,0.7717056274414062,0.045379638671875,0.7762451171875,
802,0.3723176121711731,0.02374267578125,0.37469226121902466,
803,0.9634115695953369,0.050140380859375,0.9684240818023682,
804,0.6888117790222168,0.04095458984375,0.692908763885498,
805,0.7906084656715393,0.04437255859375,0.7950449585914612,
806,0.41847652196884155,0.0259857177734375,0.4210743308067322,
807,0.6383621096611023,0.0390625,0.6422683596611023,
808,0.8358498215675354,0.04779052734375,0.8406296372413635,
809,0.6288385391235352,0.0413818359375,0.6329774856567383,
810,0.7216755151748657,0.039947509765625,0.7256695032119751,
811,0.8254697322845459,0.0465087890625,0.8301198482513428,
812,0.4208697974681854,0.0272216796875,0.42359158396720886,
813,0.35812026262283325,0.037872314453125,0.3619082570075989,
814,0.33482736349105835,0.035308837890625,0.3383578658103943,
815,0.7069940567016602,0.039459228515625,0.7109384536743164,
816,0.6353851556777954,0.03509521484375,0.6388946771621704,
817,0.44688987731933594,0.032196044921875,0.45010948181152344,
818,0.5659822225570679,0.034881591796875,0.5694707632064819,
819,0.32278162240982056,0.030731201171875,0.3258543610572815,
820,0.8698455691337585,0.048797607421875,0.8747245669364929,
821,0.6282554268836975,0.05511474609375,0.6337676644325256,
822,0.575158417224884,0.0462646484375,0.5797856450080872,
823,0.6213425397872925,0.045684814453125,0.6259125471115112,
824,0.756085216999054,0.044830322265625,0.7605674862861633,
825,0.342362642288208,0.033935546875,0.34575581550598145,
826,0.36706796288490295,0.034637451171875,0.37053170800209045,
827,0.677521824836731,0.03741455078125,0.6812640428543091,
828,0.733504056930542,0.0305633544921875,0.7365596294403076,
829,0.9439325928688049,0.0457763671875,0.9485102295875549,
830,0.6535043716430664,0.042816162109375,0.6577844619750977,
831,0.2712424695491791,0.0267333984375,0.2739165723323822,
832,0.5540704727172852,0.037689208984375,0.5578393936157227,
833,0.844325065612793,0.045196533203125,0.8488454818725586,
834,1.043296456336975,0.05133056640625,1.0484310388565063,
835,0.34150537848472595,0.033599853515625,0.3448661267757416,
836,0.8778266310691833,0.0382080078125,0.8816470503807068,
837,0.42004939913749695,0.036865234375,0.4237363040447235,
838,0.5602360367774963,0.045166015625,0.5647526383399963,
839,0.5102531313896179,0.03564453125,0.5138179659843445,
840,0.7262511253356934,0.039703369140625,0.730222225189209,
841,1.0108349323272705,0.040557861328125,1.0148899555206299,
842,0.9156991839408875,0.04754638671875,0.9204522967338562,
843,0.5199223756790161,0.0421142578125,0.5241338014602661,
844,0.842004120349884,0.05303955078125,0.8473065495491028,
845,0.5135667324066162,0.040985107421875,0.5176637172698975,
846,0.8697534203529358,0.04241943359375,0.8739953637123108,
847,0.5434045791625977,0.038482666015625,0.5472536087036133,
848,0.9624575972557068,0.055419921875,0.9680003523826599,
849,0.3359590470790863,0.0281219482421875,0.33877047896385193,
850,0.6050631999969482,0.0330810546875,0.6083705425262451,
851,0.4037408232688904,0.044403076171875,0.4081811308860779,
852,0.7838810682296753,0.0408935546875,0.7879704236984253,
853,0.8374820947647095,0.03955078125,0.8414379358291626,
854,0.5481379628181458,0.033477783203125,0.5514853596687317,
855,0.4363551437854767,0.029052734375,0.4392600357532501,
856,1.0555025339126587,0.050323486328125,1.060534119606018,
857,1.0793813467025757,0.05029296875,1.0844091176986694,
858,0.7430583238601685,0.0335693359375,0.7464152574539185,
859,0.7580534815788269,0.040802001953125,0.7621352076530457,
860,0.49212780594825745,0.0288543701171875,0.49501362442970276,
861,0.551541268825531,0.0316162109375,0.5547036528587341,
862,1.139756202697754,0.044921875,1.1442499160766602,
863,0.8374935388565063,0.031280517578125,0.8406215906143188,
864,0.6749269366264343,0.0428466796875,0.6792108416557312,
865,0.3701219856739044,0.027984619140625,0.37292006611824036,
866,0.8140093684196472,0.03118896484375,0.8171278834342957,
867,0.628663182258606,0.031494140625,0.6318122148513794,
868,0.6654250025749207,0.0350341796875,0.6689288020133972,
869,0.4093772768974304,0.0193023681640625,0.41130751371383667,
870,1.0731375217437744,0.041290283203125,1.0772650241851807,
871,1.0712063312530518,0.045501708984375,1.0757572650909424,
872,0.6065225601196289,0.0360107421875,0.6101236343383789,
873,0.3380001187324524,0.039794921875,0.34197884798049927,
874,0.4208502471446991,0.0286102294921875,0.42371127009391785,
875,0.6666216254234314,0.035888671875,0.6702112555503845,
876,0.5863854289054871,0.040618896484375,0.5904480814933777,
877,1.0079569816589355,0.052276611328125,1.0131831169128418,
878,0.8497399091720581,0.0279388427734375,0.8525341749191284,
879,0.5363059043884277,0.0328369140625,0.5395903587341309,
880,1.032692790031433,0.04901123046875,1.0375946760177612,
881,1.2284412384033203,0.05047607421875,1.2334880828857422,
882,0.4859466850757599,0.0306854248046875,0.4890156090259552,
883,0.756039559841156,0.032867431640625,0.7593259215354919,
884,1.106547474861145,0.039825439453125,1.1105300188064575,
885,0.8360209465026855,0.034820556640625,0.8395037651062012,
886,0.5012919306755066,0.036163330078125,0.5049082636833191,
887,0.3675587773323059,0.0244293212890625,0.3700020909309387,
888,0.6985839605331421,0.0322265625,0.7018073797225952,
889,0.7982380986213684,0.051544189453125,0.8033917546272278,
890,0.6582565903663635,0.035064697265625,0.6617622971534729,
891,0.6494253277778625,0.03759765625,0.653184711933136,
892,0.25004130601882935,0.0163116455078125,0.25167208909988403,
893,0.5570473074913025,0.03363037109375,0.5604099631309509,
894,0.3429069519042969,0.03509521484375,0.3464164733886719,
895,0.582791268825531,0.03521728515625,0.5863122344017029,
896,0.5649697184562683,0.03448486328125,0.5684182047843933,
897,0.679483950138092,0.045928955078125,0.6840768456459045,
898,0.6130048632621765,0.0474853515625,0.6177541613578796,
899,0.4903129041194916,0.0298919677734375,0.49330171942710876,
900,0.9733867049217224,0.040679931640625,0.9774531722068787,
901,0.5270573496818542,0.03668212890625,0.5307251811027527,
902,0.8024985790252686,0.04107666015625,0.8066070079803467,
903,0.7328037023544312,0.040130615234375,0.7368167638778687,
904,0.48716437816619873,0.034515380859375,0.49061667919158936,
905,1.2025442123413086,0.053955078125,1.2079381942749023,
906,0.5933231711387634,0.0384521484375,0.5971683859825134,
907,0.517129123210907,0.040069580078125,0.5211345553398132,
908,0.49155619740486145,0.0279541015625,0.4943523705005646,
909,0.7287394404411316,0.051727294921875,0.7339121699333191,
910,0.800223708152771,0.034515380859375,0.8036760091781616,
911,0.683914065361023,0.031585693359375,0.6870726346969604,
912,0.4912373423576355,0.037261962890625,0.4949643015861511,
913,0.5229047536849976,0.0465087890625,0.5275548696517944,
914,0.9144660830497742,0.039031982421875,0.9183685183525085,
915,0.4772547781467438,0.028594970703125,0.4801138937473297,
916,0.8020559549331665,0.042449951171875,0.8063017129898071,
917,0.6079455614089966,0.039093017578125,0.6118556261062622,
918,0.7839991450309753,0.03802490234375,0.7878023982048035,
919,0.8777074813842773,0.04443359375,0.8821516036987305,
920,0.5995374321937561,0.0253753662109375,0.6020742058753967,
921,1.0847548246383667,0.044219970703125,1.089176058769226,
922,0.8437320590019226,0.049652099609375,0.8486987948417664,
923,0.6521181464195251,0.041290283203125,0.6562456488609314,
924,1.0476710796356201,0.03765869140625,1.051436185836792,
925,0.8358591198921204,0.038177490234375,0.839677631855011,
926,1.088509440422058,0.040069580078125,1.0925148725509644,
927,0.8826059103012085,0.0396728515625,0.8865731954574585,
928,0.3141472041606903,0.0352783203125,0.31767579913139343,
929,0.9490947127342224,0.045928955078125,0.9536876082420349,
930,0.7540640234947205,0.039764404296875,0.7580389380455017,
931,0.4264353811740875,0.0301513671875,0.4294508993625641,
932,0.6451719999313354,0.041595458984375,0.6493300199508667,
933,0.37956398725509644,0.0265655517578125,0.38222092390060425,
934,0.34921833872795105,0.0294036865234375,0.3521594703197479,
935,0.7450546026229858,0.03826904296875,0.7488807439804077,
936,0.4661487340927124,0.030242919921875,0.469173789024353,
937,0.3966231346130371,0.0221405029296875,0.3988375663757324,
938,0.9772996306419373,0.054107666015625,0.9827088713645935,
939,0.6224159598350525,0.03802490234375,0.6262192130088806,
940,0.5158703327178955,0.0203094482421875,0.5179016590118408,
941,0.7434435486793518,0.047943115234375,0.7482386231422424,
942,0.5684064626693726,0.0330810546875,0.5717138051986694,
943,0.7258106470108032,0.033172607421875,0.7291275262832642,
944,0.9894249439239502,0.04290771484375,0.9937164783477783,
945,0.42457684874534607,0.0312347412109375,0.42770108580589294,
946,0.8631695508956909,0.04486083984375,0.8676556348800659,
947,0.38889819383621216,0.03387451171875,0.39228564500808716,
948,0.7435766458511353,0.028778076171875,0.7464548349380493,
949,0.9176719188690186,0.039581298828125,0.9216315746307373,
950,0.7638771533966064,0.03253173828125,0.7671310901641846,
951,1.472385287284851,0.05450439453125,1.4778364896774292,
952,0.7516294121742249,0.04229736328125,0.755859911441803,
953,0.949591875076294,0.061737060546875,0.9557640552520752,
954,1.0524885654449463,0.0404052734375,1.0565283298492432,
955,0.3624195456504822,0.0224456787109375,0.3646644949913025,
956,0.8419179916381836,0.056427001953125,0.847559928894043,
957,1.2218458652496338,0.054412841796875,1.227285623550415,
958,0.5387769341468811,0.0307769775390625,0.5418553948402405,
959,0.9651713967323303,0.034454345703125,0.9686160683631897,
960,0.7180383801460266,0.04534912109375,0.7225740551948547,
961,0.5670667886734009,0.032073974609375,0.5702749490737915,
962,0.5107240080833435,0.028411865234375,0.5135659575462341,
963,1.0194147825241089,0.0419921875,1.023614764213562,
964,1.1601742506027222,0.0408935546875,1.1642636060714722,
965,0.28975507616996765,0.019561767578125,0.2917120158672333,
966,0.8157995343208313,0.038543701171875,0.8196542859077454,
967,0.666151762008667,0.036590576171875,0.6698100566864014,
968,0.5126501321792603,0.033355712890625,0.5159860849380493,
969,0.5231615900993347,0.02850341796875,0.5260111689567566,
970,0.6607542037963867,0.025848388671875,0.6633386611938477,
971,0.8382286429405212,0.037506103515625,0.8419784903526306,
972,0.8712993264198303,0.04083251953125,0.8753810524940491,
973,0.6194999814033508,0.031707763671875,0.6226699948310852,
974,0.3852071464061737,0.025543212890625,0.38776108622550964,
975,0.42519813776016235,0.0345458984375,0.4286523461341858,
976,0.5759880542755127,0.03216552734375,0.5792038440704346,
977,0.35236987471580505,0.0313720703125,0.3555074632167816,
978,0.5679020285606384,0.033203125,0.571222722530365,
979,0.5347737669944763,0.0194854736328125,0.5367221236228943,
980,0.9470518827438354,0.0302581787109375,0.9500769376754761,
981,0.43542104959487915,0.0249176025390625,0.4379120469093323,
982,0.5006800293922424,0.0225372314453125,0.5029345154762268,
983,0.6104632019996643,0.031524658203125,0.6136160492897034,
984,0.6705111861228943,0.039825439453125,0.6744937300682068,
985,0.3654981553554535,0.034332275390625,0.368931382894516,
986,0.7890282273292542,0.03955078125,0.7929840683937073,
987,0.35527876019477844,0.02093505859375,0.35737302899360657,
988,0.4339459240436554,0.0291748046875,0.4368641674518585,
989,0.6916624903678894,0.024017333984375,0.6940638422966003,
990,0.3612270653247833,0.0206146240234375,0.36328890919685364,
991,0.46602189540863037,0.03509521484375,0.46953141689300537,
992,0.41870513558387756,0.018157958984375,0.42052093148231506,
993,0.45248615741729736,0.02593994140625,0.45508015155792236,
994,0.9144431352615356,0.03289794921875,0.9177333116531372,
995,0.3396476209163666,0.016693115234375,0.3413165509700775,
996,0.724951982498169,0.0286865234375,0.727820634841919,
997,0.8287975788116455,0.03570556640625,0.8323681354522705,
998,0.47380101680755615,0.0301361083984375,0.4768146276473999,
999,0.9565309882164001,0.0430908203125,0.9608415961265564,
1000,0.6713416576385498,0.03338623046875,0.6746795177459717,52.29007633587786
1001,0.6165750622749329,0.03179931640625,0.6197546124458313,
1002,0.333080917596817,0.0216522216796875,0.3352457582950592,
1003,0.4254912734031677,0.02642822265625,0.42813485860824585,
1004,0.7396687865257263,0.0394287109375,0.7436131834983826,
1005,0.40087807178497314,0.020751953125,0.40295326709747314,
1006,0.9122457504272461,0.046539306640625,0.9168996810913086,
1007,0.6447471976280212,0.03863525390625,0.6486114859580994,
1008,0.5363441109657288,0.0287628173828125,0.53922039270401,
1009,1.665501356124878,0.051116943359375,1.6706130504608154,
1010,0.3174722492694855,0.0168304443359375,0.3191554844379425,
1011,0.3743607699871063,0.0220947265625,0.3765694797039032,
1012,0.6240831613540649,0.03570556640625,0.6276537179946899,
1013,0.5283735990524292,0.0291595458984375,0.5312899351119995,
1014,0.6268700957298279,0.03692626953125,0.6305627226829529,
1015,0.5522809028625488,0.02685546875,0.5549664497375488,
1016,1.0952659845352173,0.0426025390625,1.0995270013809204,
1017,0.4579072892665863,0.0360107421875,0.4615083634853363,
1018,0.38040176033973694,0.02337646484375,0.38274016976356506,
1019,1.0023365020751953,0.047454833984375,1.0070819854736328,
1020,0.6076061725616455,0.038330078125,0.6114399433135986,
1021,0.585597574710846,0.03302001953125,0.5888991951942444,
1022,0.9644616842269897,0.04547119140625,0.9690088033676147,
1023,0.3388517200946808,0.033538818359375,0.34220483899116516,
1024,0.9038029909133911,0.04925537109375,0.908727765083313,
1025,0.680172324180603,0.035247802734375,0.6836971044540405,
1026,0.6140223741531372,0.0279693603515625,0.6168185472488403,
1027,0.5901418328285217,0.03533935546875,0.5936761498451233,
1028,0.8788732290267944,0.039306640625,0.8828023672103882,
1029,0.4109322726726532,0.031585693359375,0.4140908420085907,
1030,0.5882349014282227,0.034332275390625,0.5916681289672852,
1031,0.9685500264167786,0.03656005859375,0.9722064137458801,
1032,0.7044217586517334,0.0341796875,0.7078397274017334,
1033,0.9523481726646423,0.03143310546875,0.9554914832115173,
1034,0.5327323079109192,0.0204620361328125,0.534778892993927,
1035,1.3936351537704468,0.042694091796875,1.3979038000106812,
1036,1.0801140069961548,0.037994384765625,1.0839134454727173,
1037,0.521420419216156,0.025238037109375,0.5239438414573669,
1038,1.123691201210022,0.034454345703125,1.1271358728408813,
1039,0.7986031770706177,0.03643798828125,0.8022462129592896,
1040,0.5583664178848267,0.03802490234375,0.5621696710586548,
1041,0.7987551093101501,0.0278778076171875,0.801543653011322,
1042,0.5603818893432617,0.0211639404296875,0.5624990463256836,
1043,0.29043883085250854,0.0170135498046875,0.2921401858329773,
1044,0.38689833879470825,0.023773193359375,0.3892748951911926,
1045,0.9601307511329651,0.0284423828125,0.9629746079444885,
1046,0.25057488679885864,0.017791748046875,0.2523544430732727,
1047,0.8195493221282959,0.029998779296875,0.82254958152771,
1048,0.5075200796127319,0.0256805419921875,0.5100873708724976,
1049,0.5440024733543396,0.02960205078125,0.5469626784324646,
1050,0.6580712199211121,0.0258941650390625,0.6606613993644714,
1051,0.8427547216415405,0.032623291015625,0.8460162878036499,
1052,0.7310320138931274,0.03973388671875,0.7350069284439087,
1053,1.075789451599121,0.03399658203125,1.079188346862793,
1054,1.1839773654937744,0.044036865234375,1.1883795261383057,
1055,0.5588414072990417,0.0272979736328125,0.5615708231925964,
1056,0.5053192377090454,0.0291900634765625,0.5082374811172485,
1057,0.3074586093425751,0.0172119140625,0.30917999148368835,
1058,0.6940187811851501,0.044830322265625,0.6985010504722595,
1059,0.5208407044410706,0.0343017578125,0.5242701172828674,
1060,0.40322980284690857,0.024658203125,0.40569600462913513,
1061,0.707705557346344,0.032135009765625,0.7109194397926331,
1062,0.4175323247909546,0.02227783203125,0.4197601079940796,
1063,0.4647619426250458,0.0177764892578125,0.466539591550827,
1064,0.3717573881149292,0.01274871826171875,0.37303245067596436,
1065,0.591973602771759,0.0384521484375,0.595818817615509,
1066,0.3911533057689667,0.0252685546875,0.39368054270744324,
1067,1.3893821239471436,0.05633544921875,1.3950164318084717,
1068,0.8364635705947876,0.0396728515625,0.8404308557510376,
1069,0.40957069396972656,0.0250701904296875,0.4120769500732422,
1070,0.8502515554428101,0.0341796875,0.8536695241928101,
1071,0.8491251468658447,0.040191650390625,0.8531458377838135,
1072,0.5018890500068665,0.0290679931640625,0.5047958493232727,
1073,0.3075697720050812,0.0247344970703125,0.310043603181839,
1074,0.43802520632743835,0.0284881591796875,0.44087478518486023,
1075,0.7435409426689148,0.03680419921875,0.7472221255302429,
1076,0.953653872013092,0.054046630859375,0.9590592980384827,
1077,0.8897365927696228,0.032562255859375,0.8929924368858337,
1078,0.6955606341362,0.038360595703125,0.6993963122367859,
1079,0.7474735975265503,0.035308837890625,0.7510040998458862,
1080,0.6004995703697205,0.0250396728515625,0.6030039191246033,
1081,0.9869323372840881,0.038818359375,0.9908137917518616,
1082,0.8130690455436707,0.034912109375,0.8165594935417175,
1083,1.1089098453521729,0.03497314453125,1.112407922744751,
1084,0.3635407090187073,0.03436279296875,0.3669777512550354,
1085,0.5321130752563477,0.03369140625,0.5354814529418945,
1086,0.506750226020813,0.0264434814453125,0.5093938112258911,
1087,0.8389958143234253,0.041229248046875,0.8431195020675659,
1088,0.9108203053474426,0.04425048828125,0.9152453541755676,
1089,1.2217429876327515,0.052459716796875,1.2269881963729858,
1090,1.0453845262527466,0.03985595703125,1.0493708848953247,
1091,0.4082472026348114,0.0253753662109375,0.410783976316452,
1092,0.7941268086433411,0.034759521484375,0.7976019978523254,
1093,0.4266320466995239,0.03350830078125,0.4299832582473755,
1094,0.8589619994163513,0.04058837890625,0.8630208373069763,
1095,0.7421602606773376,0.038482666015625,0.7460092902183533,
1096,0.4176819920539856,0.02532958984375,0.4202149510383606,
1097,0.816213071346283,0.033905029296875,0.8196043372154236,
1098,0.6186738014221191,0.0310211181640625,0.6217751502990723,
1099,0.7191563248634338,0.0419921875,0.723356306552887,
1100,0.5990103483200073,0.033355712890625,0.6023463010787964,
1101,0.5097543597221375,0.024383544921875,0.5121919512748718,
1102,0.6886764764785767,0.0250396728515625,0.6911808252334595,
1103,0.5015050172805786,0.0295257568359375,0.5044575929641724,
1104,0.6997002363204956,0.040374755859375,0.7037361860275269,
1105,0.3816167414188385,0.0171661376953125,0.38333335518836975,
1106,0.6554684042930603,0.033111572265625,0.6587795615196228,
1107,1.0525156259536743,0.037567138671875,1.056273102760315,
1108,0.8314584493637085,0.0447998046875,0.8359369039535522,
1109,0.7884677648544312,0.03411865234375,0.7918800115585327,
1110,0.47600048780441284,0.0299072265625,0.47899121046066284,
1111,0.23266595602035522,0.012908935546875,0.2339572310447693,
1112,0.561428964138031,0.033203125,0.5647496581077576,
1113,0.4009127616882324,0.03143310546875,0.4040560722351074,
1114,0.701900839805603,0.041107177734375,0.7060130834579468,
1115,0.39688944816589355,0.0225067138671875,0.3991401195526123,
1116,0.5406466722488403,0.029144287109375,0.5435611009597778,
1117,0.41202953457832336,0.0258941650390625,0.41461971402168274,
1118,0.5034838914871216,0.03961181640625,0.5074435472488403,
1119,0.44225063920021057,0.0268402099609375,0.44493427872657776,
1120,0.6098673939704895,0.025543212890625,0.6124213337898254,
1121,0.3301950991153717,0.034515380859375,0.33364740014076233,
1122,0.7424647808074951,0.033843994140625,0.7458484172821045,
1123,0.47229477763175964,0.0236968994140625,0.47466370463371277,
1124,0.8333948254585266,0.031494140625,0.8365438580513,
1125,0.643018901348114,0.0291900634765625,0.6459371447563171,
1126,0.7971404790878296,0.031951904296875,0.8003352880477905,
1127,0.7704708576202393,0.042449951171875,0.7747166156768799,
1128,0.6076614856719971,0.0292205810546875,0.6105835437774658,
1129,0.8294326663017273,0.045440673828125,0.8339759707450867,
1130,0.6097249984741211,0.0252685546875,0.6122522354125977,
1131,0.6173977255821228,0.0260162353515625,0.619999349117279,
1132,0.6897200345993042,0.040740966796875,0.6937941312789917,
1133,0.3741350471973419,0.025299072265625,0.3766641914844513,
1134,0.32075560092926025,0.0141448974609375,0.3221698999404907,
1135,0.4004268944263458,0.0214080810546875,0.40256693959236145,
1136,0.881775438785553,0.027618408203125,0.8845372796058655,
1137,0.7724922895431519,0.039215087890625,0.7764137983322144,
1138,0.6947668194770813,0.03692626953125,0.6984594464302063,
1139,0.42157411575317383,0.018096923828125,0.4233841896057129,
1140,0.40227678418159485,0.02716064453125,0.40499284863471985,
1141,0.6855201125144958,0.034637451171875,0.6889838576316833,
1142,1.0422677993774414,0.02996826171875,1.0452642440795898,
1143,0.736695408821106,0.032257080078125,0.7399207353591919,
1144,0.3324751555919647,0.025146484375,0.3349890410900116,
1145,0.35698401927948,0.020782470703125,0.3590630292892456,
1146,0.31639596819877625,0.0199737548828125,0.31839296221733093,
1147,1.2465050220489502,0.03948974609375,1.250453233718872,
1148,0.8039364814758301,0.03704833984375,0.807640552520752,
1149,0.4389599859714508,0.0195159912109375,0.440911203622818,
1150,0.8532511591911316,0.027252197265625,0.8559767603874207,
1151,0.5692003965377808,0.0222015380859375,0.5714205503463745,
1152,0.7023957967758179,0.03131103515625,0.705527663230896,
1153,0.5972756147384644,0.029510498046875,0.6002262830734253,
1154,1.1072170734405518,0.04412841796875,1.1116306781768799,
1155,0.4688451290130615,0.02593994140625,0.4714391231536865,
1156,0.4313850998878479,0.0181427001953125,0.4331989884376526,
1157,0.6437069773674011,0.0306854248046875,0.6467759013175964,
1158,1.0078009366989136,0.03509521484375,1.0113104581832886,
1159,0.43815338611602783,0.0223846435546875,0.4403926134109497,
1160,0.3396967351436615,0.02337646484375,0.3420351445674896,
1161,0.49979159235954285,0.037689208984375,0.5035605430603027,
1162,0.9231162071228027,0.0321044921875,0.9263262748718262,
1163,0.7340247631072998,0.0288238525390625,0.7369067668914795,
1164,0.6622626781463623,0.0290679931640625,0.6651694774627686,
1165,0.720726728439331,0.03656005859375,0.7243831157684326,
1166,0.7996580600738525,0.0298614501953125,0.8026449680328369,
1167,0.5975233316421509,0.037841796875,0.6013075113296509,
1168,0.4778866171836853,0.020233154296875,0.47991031408309937,
1169,0.5446811318397522,0.0278778076171875,0.5474696755409241,
1170,0.710872232913971,0.0298309326171875,0.7138553261756897,
1171,0.7138403058052063,0.0352783203125,0.7173689007759094,
1172,1.0913223028182983,0.042205810546875,1.0955413579940796,
1173,0.8752065896987915,0.0369873046875,0.8789049386978149,
1174,0.6437891125679016,0.0362548828125,0.6474149823188782,
1175,0.6103737354278564,0.031585693359375,0.613532304763794,
1176,0.5029323101043701,0.0293121337890625,0.5058639049530029,
1177,1.1484978199005127,0.049774169921875,1.1534759998321533,
1178,0.9070864915847778,0.039306640625,0.9110156297683716,
1179,0.5357858538627625,0.0259246826171875,0.5383779406547546,
1180,0.8474586009979248,0.03363037109375,0.8508212566375732,
1181,0.9534114003181458,0.03607177734375,0.9570181965827942,
1182,0.37447282671928406,0.0271453857421875,0.37718698382377625,
1183,0.418326735496521,0.020172119140625,0.4203447103500366,
1184,1.1869370937347412,0.0340576171875,1.1903436183929443,
1185,0.8362361788749695,0.039520263671875,0.840188205242157,
1186,0.868979811668396,0.040191650390625,0.8730005025863647,
1187,0.5422219634056091,0.0206756591796875,0.5442895293235779,
1188,1.163651466369629,0.032135009765625,1.166865348815918,
1189,0.480765700340271,0.031402587890625,0.48390519618988037,
1190,0.5377166271209717,0.0240478515625,0.5401217937469482,
1191,0.9016618132591248,0.03326416015625,0.9049882292747498,
1192,1.0107483863830566,0.0362548828125,1.0143742561340332,
1193,0.7176674604415894,0.03765869140625,0.7214325666427612,
1194,1.5772634744644165,0.048980712890625,1.582161545753479,
1195,1.2412930727005005,0.04150390625,1.2454434633255005,
1196,0.5673227310180664,0.031158447265625,0.570439338684082,
1197,0.4514232277870178,0.035858154296875,0.4550090432167053,
1198,0.6983329057693481,0.035430908203125,0.7018767595291138,
1199,0.8091228604316711,0.033172607421875,0.8124397397041321,
1200,0.7305499911308289,0.038787841796875,0.7344295382499695,
1201,0.6365799903869629,0.032806396484375,0.6398606300354004,
1202,0.48037049174308777,0.0347900390625,0.48384949564933777,
1203,0.32698750495910645,0.0255889892578125,0.3295471668243408,
1204,0.6583586931228638,0.036590576171875,0.6620169878005981,
1205,0.9947482347488403,0.0396728515625,0.9987155199050903,
1206,0.812119722366333,0.04437255859375,0.8165562152862549,
1207,0.46330195665359497,0.0267486572265625,0.4659760594367981,
1208,0.5686294436454773,0.034881591796875,0.5721179842948914,
1209,0.6194416880607605,0.0282135009765625,0.6222626566886902,
1210,0.41269734501838684,0.020355224609375,0.4147324860095978,
1211,0.3994258940219879,0.0240020751953125,0.40182533860206604,
1212,0.5098042488098145,0.0155792236328125,0.5113625526428223,
1213,0.446941077709198,0.0285491943359375,0.4497963786125183,
1214,0.9991422891616821,0.053131103515625,1.0044561624526978,
1215,0.843892514705658,0.031890869140625,0.8470816016197205,
1216,0.704770028591156,0.02734375,0.7075051665306091,
1217,0.840752363204956,0.038848876953125,0.8446376323699951,
1218,0.8254257440567017,0.032623291015625,0.828687310218811,
1219,0.6600528359413147,0.035797119140625,0.6636329293251038,
1220,0.3710635304450989,0.020904541015625,0.3731539845466614,
1221,0.5854793190956116,0.0347900390625,0.5889583230018616,
1222,0.5005485415458679,0.0217437744140625,0.5027229189872742,
1223,0.6447274088859558,0.028961181640625,0.6476227641105652,
1224,0.3697291910648346,0.0299530029296875,0.3727237284183502,
1225,0.6538971662521362,0.0294036865234375,0.6568382978439331,
1226,0.5846510529518127,0.0234527587890625,0.5869970917701721,
1227,0.7640240788459778,0.027557373046875,0.7667801976203918,
1228,0.3690473735332489,0.0233001708984375,0.3713781535625458,
1229,1.0013033151626587,0.04083251953125,1.0053850412368774,
1230,1.0771207809448242,0.029205322265625,1.0800409317016602,
1231,0.5908247828483582,0.0256195068359375,0.5933863520622253,
1232,0.4189164936542511,0.02716064453125,0.4216325581073761,
1233,0.7334704995155334,0.031524658203125,0.7366233468055725,
1234,0.6278287172317505,0.0311126708984375,0.6309396028518677,
1235,0.5566186904907227,0.0280914306640625,0.5594282150268555,
1236,0.848357081413269,0.03155517578125,0.8515118360519409,
1237,0.7989706993103027,0.041046142578125,0.8030753135681152,
1238,0.5452941656112671,0.026458740234375,0.547939658164978,
1239,0.6948133111000061,0.03924560546875,0.6987386345863342,
1240,0.6892713904380798,0.033233642578125,0.6925939917564392,
1241,0.5207371115684509,0.03192138671875,0.523930013179779,
1242,1.2786368131637573,0.052337646484375,1.2838705778121948,
1243,0.8005780577659607,0.044677734375,0.8050450682640076,
1244,0.5733837485313416,0.028961181640625,0.5762791037559509,
1245,0.6247012615203857,0.025177001953125,0.6272189617156982,
1246,0.8499231338500977,0.044158935546875,0.8543405532836914,
1247,1.2580347061157227,0.048858642578125,1.2629213333129883,
1248,0.4428273141384125,0.03387451171875,0.4462147653102875,
1249,1.041700005531311,0.04534912109375,1.0462356805801392,
1250,0.7690963745117188,0.031341552734375,0.7722301483154297,
1251,0.5505468249320984,0.037689208984375,0.5543157458305359,
1252,0.6928278803825378,0.0219268798828125,0.6950213313102722,
1253,0.7110497951507568,0.040863037109375,0.7151353359222412,
1254,0.6342169642448425,0.028594970703125,0.6370760798454285,
1255,0.6497408151626587,0.025970458984375,0.6523386240005493,
1256,0.3528240919113159,0.0207061767578125,0.3548954725265503,
1257,0.36361637711524963,0.016510009765625,0.36526718735694885,
1258,0.5469030141830444,0.026611328125,0.5495637655258179,
1259,0.9007495641708374,0.03778076171875,0.904528021812439,
1260,1.0117733478546143,0.030975341796875,1.0148708820343018,
1261,0.5399424433708191,0.0252838134765625,0.5424715876579285,
1262,1.033524513244629,0.0277862548828125,1.0363035202026367,
1263,0.6877608299255371,0.033538818359375,0.6911139488220215,
1264,0.5788472890853882,0.021148681640625,0.5809625387191772,
1265,0.6133229732513428,0.034271240234375,0.6167504787445068,
1266,0.5352413058280945,0.02044677734375,0.5372859835624695,
1267,0.8439346551895142,0.031585693359375,0.8470932245254517,
1268,0.5917788147926331,0.03289794921875,0.5950689911842346,
1269,0.6876278519630432,0.0295867919921875,0.6905861496925354,
1270,0.7159274220466614,0.0258636474609375,0.7185137867927551,
1271,0.6277739405632019,0.02484130859375,0.6302573084831238,
1272,0.5838683247566223,0.03192138671875,0.5870612263679504,
1273,0.41438981890678406,0.02313232421875,0.4167034327983856,
1274,0.40613484382629395,0.0196533203125,0.4080994129180908,
1275,0.4701608121395111,0.0248260498046875,0.472644180059433,
1276,0.6808207631111145,0.0280303955078125,0.6836245656013489,
1277,0.6137571334838867,0.0289459228515625,0.6166524887084961,
1278,0.4876754879951477,0.016876220703125,0.48936349153518677,
1279,0.4245363473892212,0.019775390625,0.42651426792144775,
1280,0.4376814067363739,0.0179290771484375,0.43947431445121765,
1281,1.0362677574157715,0.029510498046875,1.0392184257507324,
1282,0.5521959066390991,0.0218658447265625,0.5543817281723022,
1283,0.6023169755935669,0.0186767578125,0.6041842699050903,
1284,0.5707117915153503,0.0197296142578125,0.5726839900016785,
1285,0.8112242221832275,0.0247650146484375,0.8136999607086182,
1286,0.5739995837211609,0.017913818359375,0.5757905840873718,
1287,0.6770281195640564,0.0279693603515625,0.6798242926597595,
1288,0.6887386441230774,0.037994384765625,0.6925380825996399,
1289,0.5441352128982544,0.027740478515625,0.5469084978103638,
1290,0.5381752848625183,0.027587890625,0.5409333109855652,
1291,0.6684486865997314,0.02459716796875,0.6709091663360596,
1292,0.7341610193252563,0.02001953125,0.7361637353897095,
1293,0.6307613849639893,0.017822265625,0.6325438022613525,
1294,1.0295400619506836,0.031158447265625,1.0326566696166992,
1295,0.7527368068695068,0.0250244140625,0.7552392482757568,
1296,0.6065629720687866,0.023834228515625,0.6089471578598022,
1297,0.5586785078048706,0.0257415771484375,0.5612534284591675,
1298,0.5745316743850708,0.028228759765625,0.5773545503616333,
1299,0.6592788696289062,0.025665283203125,0.6618461608886719,
1300,0.5094420313835144,0.0187530517578125,0.5113169550895691,
1301,0.8451544046401978,0.02740478515625,0.8478952646255493,
1302,1.015771508216858,0.037322998046875,1.019504189491272,
1303,0.6622950434684753,0.0270538330078125,0.6649996638298035,
1304,0.7545958161354065,0.0228271484375,0.7568789124488831,
1305,0.7921155691146851,0.03460693359375,0.7955754995346069,
1306,0.5469632148742676,0.01374053955078125,0.548337459564209,
1307,0.717423677444458,0.0278167724609375,0.7202045917510986,
1308,0.5178436040878296,0.0246734619140625,0.520311713218689,
1309,0.3219940662384033,0.02569580078125,0.32456326484680176,
1310,0.9767690896987915,0.0294036865234375,0.9797102212905884,
1311,0.600295901298523,0.02313232421875,0.6026095151901245,
1312,0.7519652843475342,0.03436279296875,0.7554023265838623,
1313,0.5938075184822083,0.02581787109375,0.5963900685310364,
1314,0.3532290458679199,0.025848388671875,0.35581350326538086,
1315,0.5250903964042664,0.019622802734375,0.5270530581474304,
1316,0.2860437333583832,0.024810791015625,0.28852519392967224,
1317,0.6323307752609253,0.0309295654296875,0.6354244947433472,
1318,1.1946543455123901,0.03143310546875,1.1977976560592651,
1319,0.3281177282333374,0.0185394287109375,0.32997167110443115,
1320,0.6307313442230225,0.028045654296875,0.6335351467132568,
1321,0.36695295572280884,0.0181427001953125,0.3687668442726135,
1322,0.5548595190048218,0.022216796875,0.5570815801620483,
1323,0.8972072005271912,0.031463623046875,0.9003543257713318,
1324,0.2828582227230072,0.0174102783203125,0.284599632024765,
1325,0.7582229971885681,0.038665771484375,0.762089192867279,
1326,0.40772107243537903,0.0213623046875,0.40985730290412903,
1327,0.5323243737220764,0.022247314453125,0.5345483422279358,
1328,0.5475993752479553,0.03192138671875,0.5507922768592834,
1329,0.4744652211666107,0.017303466796875,0.47619518637657166,
1330,0.45877063274383545,0.02032470703125,0.4608038663864136,
1331,1.1686985492706299,0.02764892578125,1.171464204788208,
1332,0.7687859535217285,0.02642822265625,0.7714295387268066,
1333,0.6267668604850769,0.0198516845703125,0.6287524104118347,
1334,0.3672129511833191,0.028594970703125,0.37007206678390503,
1335,0.8964741826057434,0.03692626953125,0.9001668095588684,
1336,0.6214960217475891,0.020721435546875,0.6235674023628235,
1337,0.6695103645324707,0.03082275390625,0.6725926399230957,
1338,0.786708652973175,0.0263519287109375,0.7893446087837219,
1339,0.7834243774414062,0.0244903564453125,0.7858734130859375,
1340,0.9291911125183105,0.035369873046875,0.9327273368835449,
1341,0.7888993620872498,0.037750244140625,0.7926740050315857,
1342,0.4082716703414917,0.022857666015625,0.4105566740036011,
1343,0.3567550480365753,0.0308380126953125,0.35983923077583313,
1344,0.6871210932731628,0.03143310546875,0.6902644038200378,
1345,0.5048835277557373,0.033416748046875,0.5082252025604248,
1346,0.7650005221366882,0.02691650390625,0.7676917910575867,
1347,0.637727677822113,0.034515380859375,0.6411799788475037,
1348,0.7769520878791809,0.03802490234375,0.780755341053009,
1349,0.7320918440818787,0.03619384765625,0.7357119917869568,
1350,0.4379703104496002,0.0274200439453125,0.4407130777835846,
1351,0.4170881509780884,0.0256805419921875,0.419655442237854,
1352,0.45127344131469727,0.032745361328125,0.45454835891723633,
1353,0.6702539324760437,0.0328369140625,0.6735383868217468,
1354,1.0907195806503296,0.046173095703125,1.0953353643417358,
1355,1.083254098892212,0.042144775390625,1.0874693393707275,
1356,0.35445913672447205,0.018096923828125,0.3562692105770111,
1357,0.64836585521698,0.0271759033203125,0.6510838270187378,
1358,1.0750337839126587,0.033294677734375,1.0783640146255493,
1359,0.7010094523429871,0.019775390625,0.7029873728752136,
1360,0.5297021865844727,0.01885986328125,0.5315885543823242,
1361,1.1356905698776245,0.0361328125,1.1393030881881714,
1362,0.5742627382278442,0.0265655517578125,0.576919674873352,
1363,0.854816198348999,0.037139892578125,0.858529806137085,
1364,0.45972999930381775,0.01776123046875,0.4615057408809662,
1365,0.8619868755340576,0.0297698974609375,0.8649642467498779,
1366,0.8383808732032776,0.031585693359375,0.8415394425392151,
1367,0.2334563285112381,0.00989532470703125,0.23444624245166779,
1368,0.4576958417892456,0.0199737548828125,0.4596928358078003,
1369,0.8291840553283691,0.04229736328125,0.8334145545959473,
1370,0.35637736320495605,0.0254974365234375,0.35892748832702637,
1371,1.1252182722091675,0.041900634765625,1.1294068098068237,
1372,0.764257550239563,0.037322998046875,0.767990231513977,
1373,0.9369860291481018,0.038330078125,0.9408197999000549,
1374,0.6245551705360413,0.0275421142578125,0.6273093819618225,
1375,0.6738666296005249,0.03948974609375,0.6778148412704468,
1376,0.8865067362785339,0.04656982421875,0.8911644816398621,
1377,0.4635666012763977,0.0279693603515625,0.46636277437210083,
1378,0.6983112096786499,0.026702880859375,0.7009814977645874,
1379,0.9499388337135315,0.034210205078125,0.9533606171607971,
1380,1.629666805267334,0.052337646484375,1.6349005699157715,
1381,0.5265094637870789,0.033203125,0.5298301577568054,
1382,0.5078584551811218,0.04327392578125,0.5121843218803406,
1383,0.4208820164203644,0.03173828125,0.4240558445453644,
1384,0.5080931186676025,0.03472900390625,0.5115664005279541,
1385,0.3995455205440521,0.027099609375,0.4022558629512787,
1386,0.4844997823238373,0.029571533203125,0.48745617270469666,
1387,0.5010160803794861,0.024139404296875,0.5034307837486267,
1388,0.9303181171417236,0.032989501953125,0.9336178302764893,
1389,0.45809754729270935,0.0294036865234375,0.4610386788845062,
1390,0.42760202288627625,0.0201263427734375,0.42961427569389343,
1391,0.6666324138641357,0.0303192138671875,0.6696650981903076,
1392,0.6304692625999451,0.02880859375,0.6333493590354919,
1393,0.768896222114563,0.0340576171875,0.7723027467727661,
1394,0.9376317858695984,0.033294677734375,0.940962016582489,
1395,0.7096113562583923,0.0335693359375,0.7129682898521423,
1396,0.9007900357246399,0.037017822265625,0.904492199420929,
1397,0.7379449605941772,0.0280303955078125,0.7407487630844116,
1398,0.44652754068374634,0.019439697265625,0.4484711289405823,
1399,1.1978209018707275,0.037567138671875,1.2015783786773682,
1400,1.0135678052902222,0.0282440185546875,1.0163925886154175,
1401,0.6046795845031738,0.0277252197265625,0.6074528694152832,
1402,0.34281665086746216,0.0234832763671875,0.34516459703445435,
1403,0.9558213353157043,0.03729248046875,0.9595502018928528,
1404,0.7549465298652649,0.04705810546875,0.7596538662910461,
1405,0.38634684681892395,0.0214080810546875,0.3884868919849396,
1406,1.0556004047393799,0.03375244140625,1.058976411819458,
1407,0.4105185866355896,0.026214599609375,0.413139283657074,
1408,0.6540485620498657,0.0299072265625,0.6570392847061157,
1409,0.6435810923576355,0.0295562744140625,0.6465374827384949,
1410,0.6513745784759521,0.02880859375,0.654254674911499,
1411,0.4691118597984314,0.0261077880859375,0.4717230200767517,
1412,0.483588308095932,0.0286712646484375,0.4864550530910492,
1413,0.670047402381897,0.0384521484375,0.673892617225647,
1414,1.2392441034317017,0.033416748046875,1.2425857782363892,
1415,0.5242632031440735,0.0266571044921875,0.5269296765327454,
1416,0.5744429230690002,0.0321044921875,0.5776529908180237,
1417,0.4615257680416107,0.025390625,0.46406444907188416,
1418,1.0624096393585205,0.040924072265625,1.0665028095245361,
1419,0.4075327217578888,0.0174560546875,0.40927794575691223,
1420,0.47372758388519287,0.0230712890625,0.476035475730896,
1421,0.815649688243866,0.038787841796875,0.8195292353630066,
1422,0.4978330135345459,0.0303955078125,0.500873327255249,
1423,1.0836212635040283,0.033935546875,1.0870144367218018,
1424,0.4023542106151581,0.019195556640625,0.40427395701408386,
1425,1.01969575881958,0.03424072265625,1.0231194496154785,
1426,0.6563290953636169,0.035308837890625,0.6598595976829529,
1427,0.9120105504989624,0.0400390625,0.9160159826278687,
1428,0.7286627888679504,0.03515625,0.7321780323982239,
1429,0.40795964002609253,0.031890869140625,0.41114872694015503,
1430,0.6326166391372681,0.0259857177734375,0.6352144479751587,
1431,0.656966507434845,0.022735595703125,0.6592400670051575,
1432,0.6104196310043335,0.022705078125,0.6126893758773804,
1433,0.6576662659645081,0.03076171875,0.6607428193092346,
1434,0.518869936466217,0.0223846435546875,0.5211091637611389,
1435,0.8506813645362854,0.0271759033203125,0.8533993363380432,
1436,0.5667792558670044,0.0213165283203125,0.5689116716384888,
1437,0.3700453042984009,0.016754150390625,0.37172091007232666,
1438,0.47235506772994995,0.024993896484375,0.4748536944389343,
1439,0.5603987574577332,0.021759033203125,0.5625750422477722,
1440,0.3905145525932312,0.01450347900390625,0.3919650912284851,
1441,0.371940016746521,0.02520751953125,0.3744615316390991,
1442,0.48602578043937683,0.0244598388671875,0.48847100138664246,
1443,0.5139645934104919,0.0204620361328125,0.5160111784934998,
1444,0.7631542682647705,0.03021240234375,0.7661755084991455,
1445,0.7519108057022095,0.0289154052734375,0.7548023462295532,
1446,0.43880996108055115,0.032562255859375,0.4420658051967621,
1447,0.7592265009880066,0.0232696533203125,0.7615534663200378,
1448,0.49282002449035645,0.03619384765625,0.49644017219543457,
1449,0.679169774055481,0.028564453125,0.6820269823074341,
1450,0.6077068448066711,0.01953125,0.6096599698066711,
1451,0.7461789846420288,0.0268707275390625,0.7488664388656616,
1452,1.2137153148651123,0.036346435546875,1.217350721359253,
1453,0.3914068043231964,0.0225982666015625,0.3936670124530792,
1454,0.7700515985488892,0.0235137939453125,0.772403359413147,
1455,0.5688785314559937,0.023162841796875,0.571194052696228,
1456,0.3793051242828369,0.0271453857421875,0.3820192813873291,
1457,0.7386685609817505,0.02362060546875,0.7410298585891724,
1458,0.9960352778434753,0.0282135009765625,0.998856246471405,
1459,0.6304559707641602,0.0220794677734375,0.632664680480957,
1460,0.3215245306491852,0.018951416015625,0.3234194815158844,
1461,0.5603119134902954,0.0298004150390625,0.5632911920547485,
1462,0.5781852602958679,0.0285186767578125,0.5810367465019226,
1463,0.6759527325630188,0.0281829833984375,0.6787717938423157,
1464,0.5390289425849915,0.021636962890625,0.5411918759346008,
1465,0.6019456386566162,0.01544189453125,0.6034896373748779,
1466,0.5964272022247314,0.0305633544921875,0.5994827747344971,
1467,0.9954244494438171,0.03558349609375,0.9989835619926453,
1468,0.2834177315235138,0.018218994140625,0.28523924946784973,
1469,1.1568530797958374,0.042755126953125,1.161129355430603,
1470,0.44119134545326233,0.0209503173828125,0.44328561425209045,
1471,0.5746772289276123,0.034454345703125,0.5781219005584717,
1472,0.4434434771537781,0.033721923828125,0.4468156695365906,
1473,0.6094557642936707,0.028289794921875,0.6122843623161316,
1474,0.4726833403110504,0.02001953125,0.47468605637550354,
1475,0.6994900107383728,0.034637451171875,0.7029537558555603,
1476,0.5776304006576538,0.026336669921875,0.5802644491195679,
1477,0.4330790340900421,0.0304718017578125,0.4361269772052765,
1478,1.024948000907898,0.035064697265625,1.0284537076950073,
1479,0.4067463278770447,0.0264892578125,0.40939563512802124,
1480,0.5471843481063843,0.0283050537109375,0.550014853477478,
1481,0.9554694890975952,0.03668212890625,0.9591373205184937,
1482,0.9757505059242249,0.03692626953125,0.9794431328773499,
1483,0.49332645535469055,0.0304107666015625,0.4963667690753937,
1484,0.731394350528717,0.034881591796875,0.7348828911781311,
1485,0.6544341444969177,0.032379150390625,0.6576728224754333,
1486,0.6992348432540894,0.031494140625,0.7023838758468628,
1487,0.30261316895484924,0.0180206298828125,0.30441561341285706,
1488,0.7331446409225464,0.03204345703125,0.7363489866256714,
1489,0.6884855031967163,0.03326416015625,0.6918119192123413,
1490,0.9353175759315491,0.028594970703125,0.938176691532135,
1491,0.4514749348163605,0.0205230712890625,0.4535272419452667,
1492,0.6840646862983704,0.0257720947265625,0.6866415143013,
1493,0.49930498003959656,0.0228271484375,0.5015881061553955,
1494,0.6925733089447021,0.027740478515625,0.6953465938568115,
1495,0.5524621605873108,0.01904296875,0.5543666481971741,
1496,0.7217191457748413,0.024658203125,0.7241853475570679,
1497,0.5949957370758057,0.025482177734375,0.5975439548492432,
1498,0.7479202151298523,0.032470703125,0.7511665225028992,
1499,0.8510717749595642,0.025909423828125,0.8536619544029236,
1500,1.3080408573150635,0.032684326171875,1.311310052871704,
1501,0.6715700626373291,0.029571533203125,0.6745264530181885,
1502,1.091713547706604,0.03668212890625,1.0953813791275024,
1503,0.816493034362793,0.03363037109375,0.8198556900024414,
1504,0.4616147577762604,0.0238189697265625,0.4639970362186432,
1505,0.6628730893135071,0.03436279296875,0.6663101315498352,
1506,0.5219759941101074,0.0180206298828125,0.5237784385681152,
1507,1.1996102333068848,0.03521728515625,1.2031311988830566,
1508,0.6026004552841187,0.03619384765625,0.6062206029891968,
1509,0.895864725112915,0.0283660888671875,0.8987009525299072,
1510,0.6648707985877991,0.0272674560546875,0.667598307132721,
1511,0.8727613091468811,0.044342041015625,0.8771939873695374,
1512,0.5358699560165405,0.0316162109375,0.5390323400497437,
1513,0.3905370235443115,0.022247314453125,0.3927609920501709,
1514,0.5271028876304626,0.027801513671875,0.5298838019371033,
1515,1.0901859998703003,0.034423828125,1.0936287641525269,
1516,0.6469541192054749,0.02593994140625,0.6495481133460999,
1517,0.6334604024887085,0.0228729248046875,0.6357473134994507,
1518,1.4888044595718384,0.039337158203125,1.4927374124526978,
1519,0.715034544467926,0.037139892578125,0.718748152256012,
1520,0.4897293448448181,0.029998779296875,0.4927296042442322,
1521,0.3811926543712616,0.0234375,0.38353678584098816,
1522,1.0706939697265625,0.03173828125,1.0738677978515625,
1523,0.9515630006790161,0.03924560546875,0.9554883241653442,
1524,0.47591784596443176,0.0232696533203125,0.478244811296463,
1525,0.5523697137832642,0.0305938720703125,0.5554291009902954,
1526,0.4321337044239044,0.0241546630859375,0.43454840779304504,
1527,0.7940587997436523,0.0290985107421875,0.7969694137573242,
1528,0.6289096474647522,0.028594970703125,0.6317687630653381,
1529,0.6954883337020874,0.0289764404296875,0.6983855962753296,
1530,0.36533209681510925,0.022064208984375,0.3675388991832733,
1531,0.5538870692253113,0.0223846435546875,0.5561262965202332,
1532,0.5051993131637573,0.023956298828125,0.5075949430465698,
1533,0.777374804019928,0.0263214111328125,0.7800069451332092,
1534,0.4994150996208191,0.0225677490234375,0.5016714930534363,
1535,0.739475429058075,0.0345458984375,0.7429296374320984,
1536,0.36022764444351196,0.0161590576171875,0.36184316873550415,
1537,0.5749912858009338,0.0174407958984375,0.5767355561256409,
1538,1.237903118133545,0.028106689453125,1.2407145500183105,
1539,0.6781861782073975,0.01910400390625,0.6800963878631592,
1540,0.8743600845336914,0.0263824462890625,0.8769979476928711,
1541,0.8411568403244019,0.0252227783203125,0.84367835521698,
1542,0.48013126850128174,0.0177001953125,0.48190128803253174,
1543,0.7857457399368286,0.024688720703125,0.788213849067688,
1544,0.31926649808883667,0.00870513916015625,0.3201372027397156,
1545,0.7018529176712036,0.0205078125,0.703903317451477,
1546,0.6955816149711609,0.02105712890625,0.6976873278617859,
1547,0.5729746222496033,0.016937255859375,0.5746683478355408,
1548,0.615622878074646,0.022735595703125,0.6178964376449585,
1549,0.488687664270401,0.02581787109375,0.4912702143192291,
1550,0.47136929631233215,0.0163116455078125,0.47300007939338684,
1551,0.5138354897499084,0.0230255126953125,0.5161376595497131,
1552,0.4880801737308502,0.01480865478515625,0.4895612299442291,
1553,0.9405431747436523,0.02728271484375,0.9432706832885742,
1554,0.9106132388114929,0.0261993408203125,0.9132339358329773,
1555,0.8656686544418335,0.028900146484375,0.8685582876205444,
1556,0.3887840807437897,0.020904541015625,0.3908745348453522,
1557,0.5050196051597595,0.01995849609375,0.5070146918296814,
1558,0.5685474276542664,0.01861572265625,0.5704089999198914,
1559,0.7092854976654053,0.021148681640625,0.7114007472991943,
1560,0.49294576048851013,0.01953125,0.49489888548851013,
1561,0.809352695941925,0.0261077880859375,0.8119638562202454,
1562,0.5062483549118042,0.017608642578125,0.5080088376998901,
1563,0.7034714818000793,0.030792236328125,0.7065499424934387,
1564,0.9895409345626831,0.0322265625,0.9927643537521362,
1565,0.73880934715271,0.02679443359375,0.7414891719818115,
1566,0.44614261388778687,0.0179290771484375,0.4479355216026306,
1567,0.3861170709133148,0.0189361572265625,0.38801106810569763,
1568,0.6974974274635315,0.0313720703125,0.7006350159645081,
1569,0.8665577173233032,0.027435302734375,0.8693004846572876,
1570,0.5604568719863892,0.0180511474609375,0.5622621774673462,
1571,0.7247150540351868,0.0235443115234375,0.7270687222480774,
1572,1.1072016954421997,0.033477783203125,1.1105490922927856,
1573,0.5332949161529541,0.0198974609375,0.5352842807769775,
1574,0.6492324471473694,0.025390625,0.6517711281776428,
1575,0.9622676968574524,0.0355224609375,0.9658191800117493,
1576,0.8704354166984558,0.0273284912109375,0.8731686472892761,
1577,0.7811484932899475,0.02587890625,0.7837367653846741,
1578,0.36927762627601624,0.0214691162109375,0.3714253008365631,
1579,0.7169286608695984,0.023529052734375,0.719282329082489,
1580,0.6482688784599304,0.018585205078125,0.6501275897026062,
1581,0.4795112609863281,0.02325439453125,0.48183631896972656,
1582,0.41537705063819885,0.018951416015625,0.41727200150489807,
1583,0.3757542073726654,0.018829345703125,0.37763676047325134,
1584,0.5416921973228455,0.0295257568359375,0.5446447730064392,
1585,0.7171937227249146,0.0247039794921875,0.7196637392044067,
1586,0.4457601010799408,0.014678955078125,0.44722780585289,
1587,0.6867071986198425,0.0307464599609375,0.6897818446159363,
1588,0.9760608077049255,0.0234222412109375,0.9784030318260193,
1589,0.8942512273788452,0.023651123046875,0.8966163396835327,
1590,0.5371230244636536,0.03656005859375,0.5407794117927551,
1591,1.0004382133483887,0.025054931640625,1.0029444694519043,
1592,0.7437667846679688,0.0251312255859375,0.7462806701660156,
1593,1.113012433052063,0.032318115234375,1.1162434816360474,
1594,0.4082750678062439,0.0178985595703125,0.4100651144981384,
1595,0.6533605456352234,0.0222625732421875,0.6555864214897156,
1596,0.5422552824020386,0.019287109375,0.544183611869812,
1597,0.5580060482025146,0.01788330078125,0.5597941875457764,
1598,0.6982026100158691,0.0283660888671875,0.7010388374328613,
1599,0.4571138620376587,0.023590087890625,0.45947325229644775,
1600,0.8388291597366333,0.0290069580078125,0.8417302370071411,
1601,0.817126452922821,0.02484130859375,0.8196098208427429,
1602,0.6820014715194702,0.0172119140625,0.6837228536605835,
1603,0.5386830568313599,0.0222320556640625,0.5409070253372192,
1604,0.424927294254303,0.0173492431640625,0.42666202783584595,
1605,0.38748207688331604,0.01540374755859375,0.38902226090431213,
1606,0.7054011225700378,0.0296783447265625,0.7083689570426941,
1607,0.537492036819458,0.01416778564453125,0.5389091968536377,
1608,0.7438743114471436,0.0240936279296875,0.7462832927703857,
1609,0.8360450267791748,0.0225372314453125,0.8382995128631592,
1610,0.6383523941040039,0.0211639404296875,0.6404695510864258,
1611,0.5211246013641357,0.019287109375,0.5230529308319092,
1612,0.7886189818382263,0.026947021484375,0.7913140654563904,
1613,0.2824477255344391,0.0205535888671875,0.28450384736061096,
1614,1.086385726928711,0.0232696533203125,1.0887126922607422,
1615,0.5701639652252197,0.02032470703125,0.5721971988677979,
1616,0.4597355127334595,0.0211944580078125,0.46185457706451416,
1617,0.5925675630569458,0.01812744140625,0.5943804979324341,
1618,0.812694251537323,0.0304412841796875,0.8157383799552917,
1619,0.32019153237342834,0.0164794921875,0.32183948159217834,
1620,0.661479651927948,0.0228118896484375,0.6637608408927917,
1621,0.6600863337516785,0.0186004638671875,0.6619459986686707,
1622,0.4988180100917816,0.0200653076171875,0.5008245706558228,
1623,0.8138501048088074,0.025909423828125,0.8164402842521667,
1624,0.8601237535476685,0.0301055908203125,0.8631335496902466,
1625,1.079927921295166,0.029144287109375,1.0828423500061035,
1626,0.7778323888778687,0.0306854248046875,0.780901312828064,
1627,0.44234418869018555,0.0276947021484375,0.4451136589050293,
1628,0.46762189269065857,0.0212249755859375,0.4697447717189789,
1629,0.4333924651145935,0.027679443359375,0.43616002798080444,
1630,0.43796709179878235,0.0167999267578125,0.43964746594429016,
1631,0.5663440227508545,0.01995849609375,0.5683391094207764,
1632,0.7015039920806885,0.0289154052734375,0.7043955326080322,
1633,0.49312981963157654,0.0215606689453125,0.49528512358665466,
1634,0.4348013699054718,0.022125244140625,0.4370138943195343,
1635,0.3102613687515259,0.0166168212890625,0.31192266941070557,
1636,0.7016562223434448,0.0230255126953125,0.7039583921432495,
1637,0.5435922145843506,0.023162841796875,0.545907735824585,
1638,0.5236537456512451,0.022430419921875,0.5258967876434326,
1639,0.40216711163520813,0.0207061767578125,0.4042384922504425,
1640,0.5385553240776062,0.023590087890625,0.5409147143363953,
1641,0.29521307349205017,0.01824951171875,0.29703840613365173,
1642,0.5539984107017517,0.021240234375,0.5561231970787048,
1643,0.6525898575782776,0.0271759033203125,0.6553078293800354,
1644,0.7595824003219604,0.0300750732421875,0.7625902891159058,
1645,0.95003741979599,0.02734375,0.9527725577354431,
1646,0.6847733855247498,0.021484375,0.6869210600852966,
1647,1.0875300168991089,0.032989501953125,1.0908297300338745,
1648,0.7667238712310791,0.031341552734375,0.76985764503479,
1649,0.8265312314033508,0.032684326171875,0.8298004269599915,
1650,0.5112065076828003,0.0224609375,0.5134533643722534,
1651,0.43886566162109375,0.0230560302734375,0.44117164611816406,
1652,0.4424059987068176,0.0167083740234375,0.4440768361091614,
1653,0.4258723855018616,0.017578125,0.4276300072669983,
1654,0.5543990135192871,0.0283050537109375,0.5572295188903809,
1655,1.033660650253296,0.029052734375,1.0365655422210693,
1656,0.7087406516075134,0.030670166015625,0.7118076682090759,
1657,0.44612765312194824,0.020477294921875,0.44817614555358887,
1658,0.7456538081169128,0.02655029296875,0.7483088374137878,
1659,0.41283637285232544,0.017364501953125,0.4145730137825012,
1660,0.9147021174430847,0.02587890625,0.9172903895378113,
1661,0.3885924220085144,0.0242462158203125,0.3910166621208191,
1662,0.5187909603118896,0.018218994140625,0.5206124782562256,
1663,0.7143835425376892,0.026031494140625,0.7169870734214783,
1664,0.27374517917633057,0.007358551025390625,0.274480938911438,
1665,0.41133546829223633,0.015869140625,0.41292238235473633,
1666,0.748401939868927,0.019744873046875,0.7503760457038879,
1667,0.6522690057754517,0.02130126953125,0.6543995141983032,
1668,0.8881731033325195,0.024078369140625,0.8905801773071289,
1669,0.5589701533317566,0.02294921875,0.56126469373703,
1670,0.4433310031890869,0.019622802734375,0.445293664932251,
1671,0.39472413063049316,0.0201416015625,0.39673829078674316,
1672,0.3200506269931793,0.015380859375,0.3215889036655426,
1673,1.1445460319519043,0.02374267578125,1.1469206809997559,
1674,0.5172600150108337,0.0132904052734375,0.518589437007904,
1675,0.5523993372917175,0.0220489501953125,0.5546042323112488,
1676,1.2773187160491943,0.0269012451171875,1.28000807762146,
1677,0.4253228008747101,0.01605224609375,0.4269278347492218,
1678,0.8431383371353149,0.0210113525390625,0.8452402353286743,
1679,0.9499825239181519,0.0226593017578125,0.9522484540939331,
1680,0.8498388528823853,0.02996826171875,0.8528352975845337,
1681,0.8488860130310059,0.0283355712890625,0.8517203330993652,
1682,0.6767415404319763,0.02886962890625,0.6796292662620544,
1683,0.9919691681861877,0.0295867919921875,0.9949274659156799,
1684,0.8781728744506836,0.0283355712890625,0.881007194519043,
1685,0.44107115268707275,0.020416259765625,0.44311201572418213,
1686,0.853218674659729,0.03179931640625,0.8563982248306274,
1687,0.605951189994812,0.0222015380859375,0.6081713438034058,
1688,0.7133831977844238,0.02667236328125,0.7160496711730957,
1689,0.4994833767414093,0.0230560302734375,0.5017893314361572,
1690,0.6429826617240906,0.0234832763671875,0.6453306078910828,
1691,0.479308158159256,0.0247802734375,0.4817858040332794,
1692,0.7808018326759338,0.030914306640625,0.7838936448097229,
1693,0.36689049005508423,0.018585205078125,0.36874920129776,
1694,0.60057133436203,0.0252685546875,0.6030985713005066,
1695,0.5257073044776917,0.0247802734375,0.5281849503517151,
1696,1.1030569076538086,0.027191162109375,1.1057767868041992,
1697,0.4638717472553253,0.0189666748046875,0.46576860547065735,
1698,0.6478400826454163,0.0221710205078125,0.6500564217567444,
1699,0.7694790959358215,0.0279083251953125,0.7722695469856262,
1700,0.6785857081413269,0.0228271484375,0.6808688044548035,
1701,0.6161928772926331,0.020904541015625,0.6182833313941956,
1702,0.770014226436615,0.03179931640625,0.7731937766075134,
1703,0.3425392806529999,0.0223388671875,0.3447727859020233,
1704,0.41839733719825745,0.0163116455078125,0.42002812027931213,
1705,0.8612346053123474,0.0224761962890625,0.8634814620018005,
1706,0.5738726258277893,0.0183258056640625,0.5757055878639221,
1707,1.1912386417388916,0.0276947021484375,1.1940081119537354,
1708,0.6960023045539856,0.0211181640625,0.698113739490509,
1709,0.5934182405471802,0.0277099609375,0.5961896181106567,
1710,0.7095384001731873,0.029571533203125,0.7124947905540466,
1711,0.8645007014274597,0.027557373046875,0.8672568202018738,
1712,0.4551395773887634,0.025360107421875,0.45767635107040405,
1713,0.640074610710144,0.0146636962890625,0.6415413618087769,
1714,0.4488258957862854,0.018768310546875,0.4507027268409729,
1715,0.5605381727218628,0.0221710205078125,0.5627545118331909,
1716,0.8132914304733276,0.031402587890625,0.816430926322937,
1717,1.1031848192214966,0.0343017578125,1.1066142320632935,
1718,0.2915147542953491,0.01502227783203125,0.29301679134368896,
1719,0.5883709192276001,0.0261688232421875,0.5909878015518188,
1720,0.7453183531761169,0.0244293212890625,0.7477616667747498,
1721,0.9173058271408081,0.0302276611328125,0.9203289747238159,
1722,1.4007877111434937,0.0296630859375,1.403753638267517,
1723,0.6496887803077698,0.026123046875,0.6523018479347229,
1724,0.5411182045936584,0.0228729248046875,0.5434051156044006,
1725,0.3382880687713623,0.019805908203125,0.3402678966522217,
1726,0.5095392465591431,0.023406982421875,0.511879563331604,
1727,0.7532932758331299,0.0230255126953125,0.7555954456329346,
1728,0.4434381425380707,0.0184173583984375,0.44527968764305115,
1729,0.7349410653114319,0.0251617431640625,0.7374568581581116,
1730,0.683882474899292,0.0225677490234375,0.6861388683319092,
1731,0.31100597977638245,0.0218353271484375,0.31318989396095276,
1732,0.318721741437912,0.023345947265625,0.3210563361644745,
1733,0.569920003414154,0.019500732421875,0.5718702673912048,
1734,0.7645813226699829,0.030853271484375,0.7676674127578735,
1735,0.6623849868774414,0.024383544921875,0.6648225784301758,
1736,0.5771324038505554,0.0245208740234375,0.5795852541923523,
1737,0.4895302951335907,0.0246429443359375,0.49199458956718445,
1738,0.6412947177886963,0.024658203125,0.6437609195709229,
1739,0.6123285293579102,0.018707275390625,0.6141996383666992,
1740,1.1363375186920166,0.036041259765625,1.1399424076080322,
1741,0.4441566467285156,0.01934814453125,0.4460916519165039,
1742,0.5276520848274231,0.022369384765625,0.5298894047737122,
1743,0.9513460397720337,0.0269775390625,0.9540430307388306,
1744,0.6768895983695984,0.032562255859375,0.6801454424858093,
1745,0.8908613920211792,0.0251312255859375,0.8933752775192261,
1746,0.6135925054550171,0.035369873046875,0.6171287298202515,
1747,1.1941472291946411,0.03192138671875,1.1973401308059692,
1748,0.7622498869895935,0.02984619140625,0.7652348875999451,
1749,0.32704970240592957,0.0203399658203125,0.3290829360485077,
1750,0.5642637014389038,0.0330810546875,0.5675710439682007,
1751,0.5673693418502808,0.0227813720703125,0.5696467161178589,
1752,0.5116793513298035,0.027679443359375,0.5144469141960144,
1753,0.7764897346496582,0.027679443359375,0.7792572975158691,
1754,0.37708911299705505,0.0230560302734375,0.37939509749412537,
1755,1.518312692642212,0.04595947265625,1.52290940284729,
1756,0.6218106746673584,0.034942626953125,0.6253049373626709,
1757,0.9344533085823059,0.03851318359375,0.9383042454719543,
1758,0.7116526365280151,0.0270538330078125,0.7143572568893433,
1759,0.434648722410202,0.0229949951171875,0.4369489848613739,
1760,0.6821314096450806,0.02764892578125,0.6848970651626587,
1761,1.0913127660751343,0.033599853515625,1.09467351436615,
1762,0.5814009308815002,0.0293121337890625,0.5843325257301331,
1763,0.9618377089500427,0.031463623046875,0.9649848341941833,
1764,0.35277193784713745,0.0163421630859375,0.35440653562545776,
1765,0.47871649265289307,0.0169677734375,0.4804130792617798,
1766,0.7679340243339539,0.030426025390625,0.7709762454032898,
1767,0.40365445613861084,0.0277099609375,0.4064258337020874,
1768,0.2915104329586029,0.01558685302734375,0.2930687367916107,
1769,0.3547813892364502,0.016204833984375,0.3564016819000244,
1770,0.720880925655365,0.0263214111328125,0.7235130667686462,
1771,0.4371993839740753,0.017578125,0.43895700573921204,
1772,0.6357178092002869,0.01727294921875,0.6374449133872986,
1773,0.319099485874176,0.01666259765625,0.32076555490493774,
1774,0.4326990246772766,0.0277557373046875,0.4354742169380188,
1775,0.770172655582428,0.0255584716796875,0.7727285027503967,
1776,0.8899908065795898,0.0255889892578125,0.8925504684448242,
1777,0.6915034055709839,0.0252838134765625,0.6940325498580933,
1778,0.881524384021759,0.027008056640625,0.8842251896858215,
1779,0.43305903673171997,0.0210723876953125,0.4351666569709778,
1780,0.4428289830684662,0.0169830322265625,0.4445274770259857,
1781,1.5242908000946045,0.0257568359375,1.5268657207489014,
1782,0.8116448521614075,0.034149169921875,0.8150590062141418,
1783,0.5281606316566467,0.021636962890625,0.5303235650062561,
1784,0.4136998951435089,0.0166168212890625,0.4153611958026886,
1785,1.0166292190551758,0.0241851806640625,1.019047737121582,
1786,0.5109730362892151,0.0263824462890625,0.5136108994483948,
1787,0.37208640575408936,0.027587890625,0.37484443187713623,
1788,0.3116978108882904,0.01355743408203125,0.3130539357662201,
1789,0.5076462626457214,0.0250701904296875,0.5101525187492371,
1790,0.4062988758087158,0.0167083740234375,0.40796971321105957,
1791,0.3902876675128937,0.0157928466796875,0.3918669521808624,
1792,0.6534727215766907,0.023223876953125,0.6557958722114563,
1793,0.4187565743923187,0.0230255126953125,0.4210587441921234,
1794,1.1168311834335327,0.0247802734375,1.1193088293075562,
1795,0.6632680296897888,0.02191162109375,0.6654595732688904,
1796,0.28650954365730286,0.01247406005859375,0.28775694966316223,
1797,0.8264198899269104,0.027435302734375,0.8291626572608948,
1798,0.48285630345344543,0.019500732421875,0.4848065674304962,
1799,0.38087984919548035,0.01244354248046875,0.3821243941783905,
1800,0.9887712001800537,0.0239410400390625,0.9911649227142334,
1801,0.44639846682548523,0.0159454345703125,0.4479930102825165,
1802,1.1895859241485596,0.0245208740234375,1.1920387744903564,
1803,0.36636799573898315,0.013458251953125,0.3677136301994324,
1804,0.7738442420959473,0.0237274169921875,0.776216983795166,
1805,0.9247133731842041,0.0222625732421875,0.9269392490386963,
1806,0.4148359000682831,0.0208587646484375,0.41692253947257996,
1807,0.488141268491745,0.0198822021484375,0.4901287257671356,
1808,0.7644946575164795,0.021392822265625,0.7666347026824951,
1809,0.4199640154838562,0.021087646484375,0.4220735430717468,
1810,0.5119984745979309,0.0188140869140625,0.5138800740242004,
1811,0.5620598793029785,0.018218994140625,0.5638813972473145,
1812,0.7802172303199768,0.025848388671875,0.7828016877174377,
1813,0.5071592330932617,0.01678466796875,0.5088376998901367,
1814,0.38825756311416626,0.020233154296875,0.3902812600135803,
1815,0.38097909092903137,0.0169677734375,0.3826756775379181,
1816,0.7717918753623962,0.0284881591796875,0.7746414542198181,
1817,0.8868333697319031,0.0230712890625,0.8891412615776062,
1818,0.6578090786933899,0.0204315185546875,0.6598518490791321,
1819,0.43737998604774475,0.020172119140625,0.4393979609012604,
1820,0.4599723815917969,0.0156402587890625,0.4615364074707031,
1821,0.7349118590354919,0.0242156982421875,0.7373341917991638,
1822,0.780703604221344,0.0229339599609375,0.7829962372779846,
1823,0.5861186385154724,0.020538330078125,0.5881728529930115,
1824,0.3253464996814728,0.0182037353515625,0.3271670639514923,
1825,0.7335752248764038,0.0262908935546875,0.7362035512924194,
1826,0.6196062564849854,0.0176544189453125,0.6213715076446533,
1827,0.7988066673278809,0.0258636474609375,0.8013930320739746,
1828,0.9376577734947205,0.027984619140625,0.9404558539390564,
1829,0.766205906867981,0.038299560546875,0.7700358629226685,
1830,0.7659430503845215,0.0250396728515625,0.7684473991394043,
1831,0.5813970565795898,0.0207061767578125,0.5834684371948242,
1832,1.039379358291626,0.03167724609375,1.0425474643707275,
1833,0.6132951974868774,0.03045654296875,0.616341233253479,
1834,0.8465461730957031,0.0210418701171875,0.8486499786376953,
1835,0.7852693796157837,0.034393310546875,0.7887083292007446,
1836,0.36771565675735474,0.0212249755859375,0.36983853578567505,
1837,0.48763972520828247,0.0186614990234375,0.4895060658454895,
1838,0.6051364541053772,0.01690673828125,0.6068273186683655,
1839,0.6246320605278015,0.0204925537109375,0.6266805529594421,
1840,0.7471136450767517,0.0239410400390625,0.7495073676109314,
1841,0.6003313660621643,0.0267181396484375,0.6030035614967346,
1842,0.33689257502555847,0.01546478271484375,0.3384394347667694,
1843,0.6716275811195374,0.02227783203125,0.6738553643226624,
1844,0.2944275438785553,0.01427459716796875,0.29585519433021545,
1845,0.5822763442993164,0.023223876953125,0.584599494934082,
1846,1.065812587738037,0.0233612060546875,1.0681490898132324,
1847,0.9960708618164062,0.021331787109375,0.9982032775878906,
1848,0.8280296921730042,0.0266876220703125,0.8306980729103088,
1849,0.3796665370464325,0.01361083984375,0.3810274302959442,
1850,0.5726467370986938,0.018463134765625,0.5744930505752563,
1851,0.9681179523468018,0.032318115234375,0.9713490009307861,
1852,0.6853528618812561,0.024261474609375,0.6877790093421936,
1853,0.5899032354354858,0.0180511474609375,0.5917085409164429,
1854,0.636290431022644,0.0209503173828125,0.6383846998214722,
1855,0.3977302014827728,0.021026611328125,0.3998320996761322,
1856,0.6132060289382935,0.0223236083984375,0.6154376268386841,
1857,0.587153971195221,0.02471923828125,0.589625895023346,
1858,0.8254451155662537,0.0240478515625,0.8278502821922302,
1859,0.47293585538864136,0.01482391357421875,0.47441786527633667,
1860,1.0407967567443848,0.0298004150390625,1.043776035308838,
1861,0.44963163137435913,0.017364501953125,0.4513682723045349,
1862,0.5678828358650208,0.019073486328125,0.5697901844978333,
1863,0.7219825387001038,0.023193359375,0.7243018746376038,
1864,0.762144923210144,0.0256805419921875,0.7647122144699097,
1865,1.0266764163970947,0.0228729248046875,1.028963327407837,
1866,0.5605371594429016,0.0172576904296875,0.5622633099555969,
1867,1.1295582056045532,0.0268402099609375,1.1322418451309204,
1868,0.6147335171699524,0.0217437744140625,0.6169078946113586,
1869,0.649290919303894,0.017333984375,0.6510246992111206,
1870,0.43136733770370483,0.01503753662109375,0.4328712821006775,
1871,1.3685078620910645,0.04107666015625,1.3726162910461426,
1872,0.6861861944198608,0.0215606689453125,0.688341498374939,
1873,0.45379355549812317,0.019134521484375,0.4557066261768341,
1874,0.43775397539138794,0.0207672119140625,0.43983107805252075,
1875,0.8893935084342957,0.0333251953125,0.8927256464958191,
1876,1.0513027906417847,0.030548095703125,1.0543583631515503,
1877,0.3450284004211426,0.01629638671875,0.34665822982788086,
1878,0.5260650515556335,0.0201873779296875,0.5280830264091492,
1879,0.8264904618263245,0.0181732177734375,0.8283081650733948,
1880,1.1836872100830078,0.0269775390625,1.1863842010498047,
1881,0.7767771482467651,0.02825927734375,0.7796038389205933,
1882,0.7897336483001709,0.0343017578125,0.7931630611419678,
1883,0.6662887334823608,0.0310516357421875,0.6693938970565796,
1884,0.8039504885673523,0.0325927734375,0.8072101473808289,
1885,0.4016839861869812,0.0218048095703125,0.4038640856742859,
1886,0.6232340335845947,0.0228424072265625,0.6255190372467041,
1887,0.6106654405593872,0.031341552734375,0.6137992143630981,
1888,0.7022449374198914,0.0284881591796875,0.7050945162773132,
1889,0.618178129196167,0.0267181396484375,0.6208503246307373,
1890,0.4245731234550476,0.0258636474609375,0.42715948820114136,
1891,0.3564966320991516,0.01404571533203125,0.357901394367218,
1892,0.43032583594322205,0.017608642578125,0.432086318731308,
1893,0.3504680395126343,0.0171661376953125,0.3521846532821655,
1894,0.8051953315734863,0.0258941650390625,0.8077855110168457,
1895,0.7307085394859314,0.0297698974609375,0.7336859107017517,
1896,0.5088838934898376,0.0179595947265625,0.5106796622276306,
1897,0.7913450598716736,0.025054931640625,0.7938513159751892,
1898,0.6892662048339844,0.028167724609375,0.6920833587646484,
1899,0.4376963675022125,0.020965576171875,0.43979254364967346,
1900,0.7229452133178711,0.023681640625,0.7253141403198242,
1901,0.5709065198898315,0.015777587890625,0.5724838972091675,
1902,0.6886393427848816,0.020233154296875,0.6906630396842957,
1903,0.4906753599643707,0.017578125,0.49243298172950745,
1904,0.6802960634231567,0.023223876953125,0.6826192140579224,
1905,0.4699142575263977,0.0198974609375,0.47190362215042114,
1906,0.8444134593009949,0.0234375,0.8467575907707214,
1907,1.0770375728607178,0.0328369140625,1.080322027206421,
1908,0.5697656273841858,0.0232696533203125,0.572092592716217,
1909,0.8189194798469543,0.02117919921875,0.8210366368293762,
1910,0.30202439427375793,0.01422119140625,0.30344632267951965,
1911,0.4460828900337219,0.023284912109375,0.448411762714386,
1912,0.6049627661705017,0.02618408203125,0.6075815558433533,
1913,0.607753574848175,0.0251922607421875,0.6102731823921204,
1914,0.3657471537590027,0.01739501953125,0.3674866557121277,
1915,0.512599766254425,0.0300140380859375,0.5156019330024719,
1916,0.42136141657829285,0.01490020751953125,0.4228510558605194,
1917,0.6477823257446289,0.02911376953125,0.6506929397583008,
1918,0.6023573279380798,0.0206146240234375,0.6044191718101501,
1919,0.5444884896278381,0.022369384765625,0.5467258095741272,
1920,0.3257738947868347,0.023895263671875,0.3281638026237488,
1921,0.9880011081695557,0.031494140625,0.9911501407623291,
1922,0.5630605816841125,0.022552490234375,0.5653150677680969,
1923,0.4918784201145172,0.0171966552734375,0.4935978949069977,
1924,0.622162938117981,0.023681640625,0.6245318651199341,
1925,0.5239604115486145,0.01326751708984375,0.5252869725227356,
1926,0.883258044719696,0.027557373046875,0.8860141634941101,
1927,0.7228831052780151,0.0214996337890625,0.7250326871871948,
1928,0.8266682028770447,0.0184478759765625,0.8285126090049744,
1929,0.7816343307495117,0.0290374755859375,0.7845373153686523,
1930,0.4169083833694458,0.0200653076171875,0.41891491413116455,
1931,0.9109799265861511,0.0239105224609375,0.913371741771698,
1932,0.6451242566108704,0.02099609375,0.6472242474555969,
1933,1.0655900239944458,0.0311126708984375,1.068700909614563,
1934,0.3093129098415375,0.01152801513671875,0.31046590209007263,
1935,0.546116292476654,0.02032470703125,0.5481495261192322,
1936,0.4483998715877533,0.02178955078125,0.45057806372642517,
1937,1.6022160053253174,0.030487060546875,1.6052639484405518,
1938,0.5334781408309937,0.0186004638671875,0.5353378057479858,
1939,0.9473437666893005,0.023040771484375,0.949647843837738,
1940,0.5839260816574097,0.021575927734375,0.5860832929611206,
1941,0.8480975031852722,0.0247039794921875,0.8505675196647644,
1942,0.27569738030433655,0.012847900390625,0.27698197960853577,
1943,0.48842474818229675,0.0185546875,0.4902805984020233,
1944,1.0033522844314575,0.0239105224609375,1.0057440996170044,
1945,0.9960485696792603,0.026397705078125,0.9986883401870728,
1946,0.8571115136146545,0.02313232421875,0.8594251275062561,
1947,0.8208196759223938,0.0262603759765625,0.8234460949897766,
1948,1.0135858058929443,0.0270233154296875,1.0162885189056396,
1949,0.7867734432220459,0.0190582275390625,0.7886788845062256,
1950,0.7807623744010925,0.024566650390625,0.783219039440155,
1951,0.5709722638130188,0.01971435546875,0.5729444622993469,
1952,0.4819018542766571,0.015869140625,0.4834887683391571,
1953,1.0229904651641846,0.025665283203125,1.0255577564239502,
1954,0.9651656150817871,0.025848388671875,0.967750072479248,
1955,0.6547001004219055,0.029144287109375,0.657614529132843,
1956,0.4367576539516449,0.0185699462890625,0.43861445784568787,
1957,0.475730836391449,0.013763427734375,0.4771069884300232,
1958,0.9144526720046997,0.0166015625,0.916113018989563,
1959,0.49865907430648804,0.01558685302734375,0.5002173781394958,
1960,1.2631683349609375,0.0242462158203125,1.2655925750732422,
1961,0.5730528235435486,0.0266265869140625,0.5757154822349548,
1962,0.7338042259216309,0.0252685546875,0.7363314628601074,
1963,0.6054166555404663,0.019500732421875,0.6073669195175171,
1964,0.6901172995567322,0.02667236328125,0.692783772945404,
1965,0.5120159387588501,0.023834228515625,0.5144001245498657,
1966,0.5492905974388123,0.0232391357421875,0.5516137480735779,
1967,0.5393090844154358,0.020050048828125,0.5413137078285217,
1968,0.4319896996021271,0.015838623046875,0.43357375264167786,
1969,0.3885498046875,0.01194000244140625,0.3897438049316406,
1970,1.0064823627471924,0.031768798828125,1.009660005569458,
1971,0.7415592670440674,0.0148468017578125,0.7430441379547119,
1972,0.8544734716415405,0.01885986328125,0.8563598394393921,
1973,0.9665600061416626,0.0292205810546875,0.9694820642471313,
1974,0.6991680860519409,0.028778076171875,0.702046275138855,
1975,0.8592830896377563,0.0261383056640625,0.8618961572647095,
1976,0.656414806842804,0.0222930908203125,0.6586444973945618,
1977,0.5740023851394653,0.0199432373046875,0.5759974718093872,
1978,0.6264880299568176,0.022125244140625,0.6287005543708801,
1979,1.204071044921875,0.0343017578125,1.2075004577636719,
1980,1.183838963508606,0.03948974609375,1.1877871751785278,
1981,0.4801737666130066,0.0195159912109375,0.4821249842643738,
1982,0.5572686791419983,0.025726318359375,0.5598416924476624,
1983,0.663108229637146,0.028961181640625,0.6660035848617554,
1984,0.7440164685249329,0.03125,0.7471407055854797,
1985,0.8224979043006897,0.038909912109375,0.8263888955116272,
1986,0.5230819582939148,0.0261383056640625,0.5256950259208679,
1987,0.389384925365448,0.018157958984375,0.3912007212638855,
1988,0.536705493927002,0.02667236328125,0.5393719673156738,
1989,0.4221207797527313,0.023681640625,0.42448970675468445,
1990,0.769912838935852,0.02984619140625,0.7728978395462036,
1991,0.709371030330658,0.022247314453125,0.7115949988365173,
1992,0.7967926263809204,0.0227203369140625,0.7990642786026001,
1993,0.5709261298179626,0.0221710205078125,0.5731424689292908,
1994,0.8614739775657654,0.025421142578125,0.8640164732933044,
1995,0.7284517884254456,0.02410888671875,0.7308626770973206,
1996,0.506461501121521,0.0258331298828125,0.5090440511703491,
1997,0.4044458866119385,0.0217437744140625,0.4066202640533447,
1998,0.8455954790115356,0.02569580078125,0.8481646776199341,
1999,0.704781174659729,0.0257720947265625,0.7073580026626587,
2000,0.5206430554389954,0.0180206298828125,0.5224454998970032,52.67175572519084
2001,0.5680239200592041,0.0185394287109375,0.5698778629302979,
2002,0.7691355347633362,0.0236358642578125,0.7714987397193909,
2003,0.5777745246887207,0.0249786376953125,0.5802731513977051,
2004,0.6162398457527161,0.0169219970703125,0.6179316639900208,
2005,0.7036548852920532,0.025146484375,0.7061687707901001,
2006,0.48759976029396057,0.016937255859375,0.48929348587989807,
2007,0.9722582697868347,0.0209808349609375,0.9743563532829285,
2008,0.82863849401474,0.02880859375,0.8315185904502869,
2009,0.5372040271759033,0.01282501220703125,0.5384867191314697,
2010,0.755608856678009,0.0238800048828125,0.7579968571662903,
2011,0.8486985564231873,0.02740478515625,0.8514394164085388,
2012,0.9273709654808044,0.0233154296875,0.9297017455101013,
2013,0.6829878091812134,0.023345947265625,0.6853224039077759,
2014,0.5305497646331787,0.0242156982421875,0.5329720973968506,
2015,0.2787889242172241,0.01690673828125,0.2804797887802124,
2016,0.44002363085746765,0.01788330078125,0.44181177020072937,
2017,0.629149854183197,0.024261474609375,0.6315760016441345,
2018,0.6459733247756958,0.024261474609375,0.6483994722366333,
2019,0.6376901268959045,0.0182342529296875,0.6395135521888733,
2020,0.42432358860969543,0.0190887451171875,0.42623284459114075,
2021,0.4330000877380371,0.0191192626953125,0.43491220474243164,
2022,0.9262697696685791,0.02874755859375,0.9291441440582275,
2023,0.3440472483634949,0.0142974853515625,0.34547680616378784,
2024,0.5069018602371216,0.026947021484375,0.5095969438552856,
2025,0.6776487827301025,0.01479339599609375,0.6791279315948486,
2026,0.4451323449611664,0.0190887451171875,0.4470416009426117,
2027,0.8408645391464233,0.0261383056640625,0.8434776067733765,
2028,0.6766126155853271,0.0224761962890625,0.6788594722747803,
2029,0.8676221370697021,0.029022216796875,0.8705251216888428,
2030,0.6934418678283691,0.023345947265625,0.6957764625549316,
2031,0.7200449109077454,0.02435302734375,0.7224805951118469,
2032,0.9839403629302979,0.025390625,0.9864790439605713,
2033,0.7018235325813293,0.02166748046875,0.7039902806282043,
2034,0.8803144693374634,0.02581787109375,0.8828970193862915,
2035,0.8139556646347046,0.0333251953125,0.817287802696228,
2036,0.5552297830581665,0.024261474609375,0.557655930519104,
2037,0.4293549656867981,0.0199737548828125,0.4313519597053528,
2038,0.743588387966156,0.02423095703125,0.7460107207298279,
2039,0.525723934173584,0.0230255126953125,0.5280261039733887,
2040,0.9704192280769348,0.0254669189453125,0.9729655385017395,
2041,0.9029165506362915,0.021240234375,0.9050413370132446,
2042,0.4507192075252533,0.01080322265625,0.4517997205257416,
2043,0.4851592481136322,0.0205230712890625,0.48721155524253845,
2044,0.47215089201927185,0.02130126953125,0.4742814004421234,
2045,0.6228910088539124,0.0200653076171875,0.6248975396156311,
2046,0.2864667475223541,0.01263427734375,0.2877303659915924,
2047,0.6875141859054565,0.017852783203125,0.689299464225769,
2048,0.7926101684570312,0.0265960693359375,0.7952690124511719,
2049,0.7373648881912231,0.022705078125,0.73963463306427,
2050,0.47860902547836304,0.0186309814453125,0.48047250509262085,
2051,0.6153045892715454,0.0240020751953125,0.6177040338516235,
2052,0.5702899694442749,0.017364501953125,0.5720266103744507,
2053,0.38645270466804504,0.01039886474609375,0.38749220967292786,
2054,0.47555527091026306,0.01297760009765625,0.47685322165489197,
2055,0.7261122465133667,0.0162353515625,0.7277354001998901,
2056,0.5390770435333252,0.024169921875,0.5414936542510986,
2057,0.5872189998626709,0.02752685546875,0.5899713039398193,
2058,0.95456463098526,0.031829833984375,0.9577479958534241,
2059,0.56685870885849,0.0174102783203125,0.5686001181602478,
2060,0.4325047433376312,0.02044677734375,0.4345494210720062,
2061,0.6737050414085388,0.03216552734375,0.6769208312034607,
2062,0.5993387699127197,0.0179595947265625,0.6011345386505127,
2063,1.0253335237503052,0.023895263671875,1.0277234315872192,
2064,0.6172615885734558,0.02191162109375,0.6194531321525574,
2065,0.5788267850875854,0.0172882080078125,0.58055579662323,
2066,0.42303502559661865,0.0087432861328125,0.4239095449447632,
2067,0.5261136293411255,0.0159454345703125,0.5277081727981567,
2068,0.7629668116569519,0.0213165283203125,0.7650992274284363,
2069,0.4960535764694214,0.01519775390625,0.49757373332977295,
2070,1.012520670890808,0.026214599609375,1.0151413679122925,
2071,0.5790423154830933,0.016815185546875,0.5807236433029175,
2072,0.6835663914680481,0.0211181640625,0.6856778264045715,
2073,0.6931934952735901,0.02386474609375,0.6955795884132385,
2074,0.7858647108078003,0.016754150390625,0.7875403165817261,
2075,0.6536418795585632,0.0266265869140625,0.6563045382499695,
2076,0.5874300599098206,0.015869140625,0.5890169739723206,
2077,0.7956750988960266,0.0298614501953125,0.798662006855011,
2078,0.34711122512817383,0.01006317138671875,0.3481173515319824,
2079,0.8336337804794312,0.024749755859375,0.8361095190048218,
2080,0.6730080246925354,0.027496337890625,0.675758421421051,
2081,0.29579541087150574,0.0204925537109375,0.29784390330314636,
2082,0.7760201096534729,0.0215606689453125,0.778175413608551,
2083,0.6139142513275146,0.0220489501953125,0.6161191463470459,
2084,0.4148632884025574,0.0186767578125,0.4167305827140808,
2085,1.379321813583374,0.027587890625,1.382079839706421,
2086,0.5724790096282959,0.020721435546875,0.5745503902435303,
2087,1.1801118850708008,0.0274505615234375,1.182856559753418,
2088,0.7200483083724976,0.02862548828125,0.7229112386703491,
2089,0.7783807516098022,0.03070068359375,0.7814515829086304,
2090,0.7175434827804565,0.0223846435546875,0.7197827100753784,
2091,0.6329099535942078,0.0290374755859375,0.6358129382133484,
2092,0.674835205078125,0.023529052734375,0.6771888732910156,
2093,0.2810155153274536,0.0192718505859375,0.28294289112091064,
2094,0.8540099859237671,0.028106689453125,0.8568214178085327,
2095,0.8898499608039856,0.0305938720703125,0.8929093480110168,
2096,0.44897395372390747,0.020111083984375,0.45098429918289185,
2097,0.48656073212623596,0.0296783447265625,0.4895285665988922,
2098,0.8336068987846375,0.027313232421875,0.836338222026825,
2099,0.4508974552154541,0.0119476318359375,0.45209240913391113,
2100,0.7246647477149963,0.028076171875,0.7274723649024963,
2101,1.2995554208755493,0.032928466796875,1.3028475046157837,
2102,0.5339378714561462,0.022064208984375,0.5361446738243103,
2103,0.7803954482078552,0.0291290283203125,0.7833079695701599,
2104,0.3597089350223541,0.0133514404296875,0.3610440790653229,
2105,0.5822504758834839,0.0262298583984375,0.5848730802536011,
2106,0.44390973448753357,0.0162811279296875,0.44553765654563904,
2107,0.5724762082099915,0.0173492431640625,0.5742109417915344,
2108,0.514273464679718,0.01490020751953125,0.5157631039619446,
2109,0.35879236459732056,0.0178375244140625,0.36057573556900024,
2110,0.7911738753318787,0.02984619140625,0.7941588759422302,
2111,0.735708475112915,0.0238800048828125,0.7380964756011963,
2112,0.8039799332618713,0.02178955078125,0.8061581254005432,
2113,0.4154026210308075,0.01433563232421875,0.4168359935283661,
2114,0.5511841177940369,0.0173797607421875,0.552921712398529,
2115,0.5901349186897278,0.0223236083984375,0.5923665165901184,
2116,0.488299161195755,0.0217132568359375,0.49046972393989563,
2117,0.4648071527481079,0.01904296875,0.4667116403579712,
2118,0.8227577805519104,0.0220794677734375,0.8249664902687073,
2119,0.35117101669311523,0.0120697021484375,0.35237836837768555,
2120,0.6900267004966736,0.0247955322265625,0.6925062537193298,
2121,0.9196274280548096,0.0222320556640625,0.921851396560669,
2122,0.6656179428100586,0.0230560302734375,0.6679239273071289,
2123,0.8620916604995728,0.02227783203125,0.8643194437026978,
2124,0.7328569889068604,0.0247955322265625,0.7353365421295166,
2125,1.2014199495315552,0.035919189453125,1.2050114870071411,
2126,0.8548898696899414,0.0242919921875,0.8573198318481445,
2127,0.47500768303871155,0.0185089111328125,0.4768587648868561,
2128,1.0522632598876953,0.029510498046875,1.0552139282226562,
2129,0.837414562702179,0.0255126953125,0.8399665951728821,
2130,1.3994841575622559,0.035797119140625,1.403064250946045,
2131,0.6010429859161377,0.0262603759765625,0.6036694049835205,
2132,0.7901090383529663,0.0246124267578125,0.7925695180892944,
2133,0.7170125842094421,0.022003173828125,0.7192136645317078,
2134,0.6406437158584595,0.026947021484375,0.6433387994766235,
2135,0.7177413702011108,0.0208740234375,0.7198280096054077,
2136,0.5287571549415588,0.0225067138671875,0.5310078263282776,
2137,0.4679974913597107,0.0198516845703125,0.4699830412864685,
2138,0.4812314808368683,0.0226593017578125,0.48349741101264954,
2139,0.3355090916156769,0.0228729248046875,0.33779600262641907,
2140,0.40647125244140625,0.0183563232421875,0.4083070755004883,
2141,1.1328716278076172,0.03533935546875,1.1364059448242188,
2142,0.5643460154533386,0.02325439453125,0.5666710734367371,
2143,1.0027130842208862,0.0248870849609375,1.0052021741867065,
2144,0.352526992559433,0.016265869140625,0.35415396094322205,
2145,0.952812910079956,0.028411865234375,0.9556548595428467,
2146,0.877604067325592,0.0239105224609375,0.8799958825111389,
2147,0.699617862701416,0.022674560546875,0.7018857002258301,
2148,0.5013270378112793,0.0218505859375,0.5035128593444824,
2149,1.182464838027954,0.0261383056640625,1.1850779056549072,
2150,0.6355401277542114,0.0218658447265625,0.6377259492874146,
2151,0.6859975457191467,0.02276611328125,0.6882749199867249,
2152,1.1284698247909546,0.0242919921875,1.1308997869491577,
2153,0.6952236294746399,0.016571044921875,0.696881115436554,
2154,0.7648496031761169,0.0240631103515625,0.7672566771507263,
2155,0.7880555987358093,0.0209503173828125,0.7901498675346375,
2156,0.5113213658332825,0.01425933837890625,0.5127471089363098,
2157,0.4753691852092743,0.0200347900390625,0.4773719012737274,
2158,1.0559535026550293,0.0254669189453125,1.058499813079834,
2159,0.7422159314155579,0.02154541015625,0.744371235370636,
2160,1.0754575729370117,0.0228118896484375,1.0777387619018555,
2161,0.744669497013092,0.021942138671875,0.7468629479408264,
2162,0.4403827488422394,0.019287109375,0.4423110783100128,
2163,0.3473946154117584,0.0169677734375,0.34909120202064514,
2164,0.34888458251953125,0.01139068603515625,0.3500232696533203,
2165,0.7723279595375061,0.0245819091796875,0.7747865319252014,
2166,0.5119821429252625,0.0207366943359375,0.5140554308891296,
2167,0.4118574857711792,0.0165557861328125,0.41351306438446045,
2168,0.8172083497047424,0.019561767578125,0.8191652894020081,
2169,0.9583781361579895,0.0263824462890625,0.9610159993171692,
2170,0.5846877098083496,0.021209716796875,0.5868086814880371,
2171,0.9107211828231812,0.026580810546875,0.9133800268173218,
2172,0.7030662298202515,0.0169219970703125,0.7047580480575562,
2173,0.38249459862709045,0.0173797607421875,0.38423219323158264,
2174,0.557041585445404,0.0118408203125,0.5582260489463806,
2175,0.5943002700805664,0.0245361328125,0.5967531204223633,
2176,0.9245110154151917,0.02392578125,0.9269028306007385,
2177,0.6244981288909912,0.0231475830078125,0.6268136501312256,
2178,0.8629286885261536,0.0281982421875,0.8657477498054504,
2179,0.30740827322006226,0.011566162109375,0.30856508016586304,
2180,0.3862254023551941,0.01453399658203125,0.3876788020133972,
2181,0.9073179364204407,0.024261474609375,0.9097440838813782,
2182,1.3077616691589355,0.0294036865234375,1.3107028007507324,
2183,0.3097502589225769,0.01001739501953125,0.31075161695480347,
2184,1.1892964839935303,0.03076171875,1.1923730373382568,
2185,1.121260404586792,0.033416748046875,1.1246020793914795,
2186,0.7962308526039124,0.01751708984375,0.7979827523231506,
2187,0.6759451627731323,0.0216827392578125,0.6781138181686401,
2188,0.775433361530304,0.01641845703125,0.7770755887031555,
2189,0.3874131441116333,0.011322021484375,0.3885451555252075,
2190,0.4335537254810333,0.020294189453125,0.4355831444263458,
2191,0.8509732484817505,0.023345947265625,0.853307843208313,
2192,0.47991839051246643,0.0193023681640625,0.4818486273288727,
2193,0.5709644556045532,0.01654052734375,0.5726181268692017,
2194,0.6364234089851379,0.0208587646484375,0.6385100483894348,
2195,0.3214862048625946,0.015625,0.32304832339286804,
2196,0.7644022703170776,0.0226287841796875,0.7666643857955933,
2197,0.5664383769035339,0.018646240234375,0.5683028101921082,
2198,0.4204716384410858,0.0158843994140625,0.42206045985221863,
2199,1.0045055150985718,0.0212249755859375,1.006628394126892,
2200,0.8151894211769104,0.02392578125,0.8175812363624573,
2201,0.7019099593162537,0.0208740234375,0.7039965987205505,
2202,0.5685895681381226,0.020751953125,0.5706647634506226,
2203,0.8503873348236084,0.0219573974609375,0.8525826930999756,
2204,0.9235407710075378,0.01561737060546875,0.9251028895378113,
2205,0.615308940410614,0.019866943359375,0.6172963976860046,
2206,0.8786607384681702,0.019500732421875,0.880611002445221,
2207,0.800326406955719,0.0243988037109375,0.8027659058570862,
2208,0.8807895183563232,0.0200347900390625,0.8827922344207764,
2209,0.4786562919616699,0.0130767822265625,0.4799637794494629,
2210,0.513699471950531,0.0124053955078125,0.5149402022361755,
2211,0.8302919268608093,0.020904541015625,0.8323823809623718,
2212,1.0321496725082397,0.0189971923828125,1.034049391746521,
2213,0.8954992294311523,0.0195159912109375,0.8974504470825195,
2214,0.5737371444702148,0.01444244384765625,0.5751810073852539,
2215,0.6942135095596313,0.0211029052734375,0.696323037147522,
2216,1.3010002374649048,0.0240936279296875,1.303409218788147,
2217,1.2200777530670166,0.0238800048828125,1.2224657535552979,
2218,0.6931518316268921,0.0283050537109375,0.6959823369979858,
2219,0.5520622730255127,0.0181121826171875,0.5538733005523682,
2220,1.0869741439819336,0.02374267578125,1.0893487930297852,
2221,1.079751968383789,0.0189361572265625,1.0816459655761719,
2222,0.925575852394104,0.030303955078125,0.9286066293716431,
2223,0.31853970885276794,0.01194000244140625,0.31973370909690857,
2224,0.5982293486595154,0.016754150390625,0.5999049544334412,
2225,0.4007870554924011,0.0167694091796875,0.4024636149406433,
2226,0.7485547661781311,0.033233642578125,0.7518773674964905,
2227,0.574970543384552,0.01458740234375,0.5764296650886536,
2228,1.1361135244369507,0.0235137939453125,1.1384652853012085,
2229,0.9138811230659485,0.01995849609375,0.9158762097358704,
2230,0.5781482458114624,0.0186004638671875,0.5800079107284546,
2231,0.5219501256942749,0.01702880859375,0.5236533880233765,
2232,0.3972621560096741,0.0120086669921875,0.39846283197402954,
2233,0.9284866452217102,0.0220794677734375,0.9306953549385071,
2234,0.3770115077495575,0.01235198974609375,0.3782465159893036,
2235,0.772479236125946,0.0248260498046875,0.7749626040458679,
2236,0.6617645025253296,0.020782470703125,0.6638435125350952,
2237,0.3645124137401581,0.011932373046875,0.3657054603099823,
2238,0.8838943243026733,0.035552978515625,0.8874496221542358,
2239,1.1401432752609253,0.0232696533203125,1.1424702405929565,
2240,1.4486428499221802,0.0219573974609375,1.4508382081985474,
2241,0.5513201355934143,0.0169219970703125,0.553011953830719,
2242,1.3736177682876587,0.01959228515625,1.3755766153335571,
2243,0.633503794670105,0.02008056640625,0.6355122327804565,
2244,0.4152970612049103,0.01434326171875,0.4167313873767853,
2245,1.0814405679702759,0.02581787109375,1.084023118019104,
2246,0.5301922559738159,0.0154876708984375,0.5317410230636597,
2247,0.5568647980690002,0.01702880859375,0.5585680603981018,
2248,0.5391028523445129,0.01499176025390625,0.5406020283699036,
2249,0.5198471546173096,0.017059326171875,0.5215532779693604,
2250,0.7270248532295227,0.02032470703125,0.7290580868721008,
2251,0.6541349291801453,0.01611328125,0.6557466387748718,
2252,0.6738710999488831,0.0205841064453125,0.6759291291236877,
2253,1.1678725481033325,0.029998779296875,1.1708728075027466,
2254,0.6143149137496948,0.01513671875,0.6158283948898315,
2255,0.6316232681274414,0.01425933837890625,0.6330490112304688,
2256,0.5958992838859558,0.0157012939453125,0.5974690318107605,
2257,0.8801847696304321,0.02301025390625,0.882485032081604,
2258,0.4302416741847992,0.0217437744140625,0.43241605162620544,
2259,0.5080845952033997,0.01666259765625,0.5097506642341614,
2260,0.31127312779426575,0.014556884765625,0.3127284348011017,
2261,0.5470787882804871,0.01535797119140625,0.5486142039299011,
2262,0.5277108550071716,0.01355743408203125,0.5290669798851013,
2263,1.3486229181289673,0.031646728515625,1.3517872095108032,
2264,0.6868630051612854,0.0187225341796875,0.6887350678443909,
2265,0.799022376537323,0.0175933837890625,0.8007819056510925,
2266,0.5070542097091675,0.0188751220703125,0.5089415311813354,
2267,0.6741076111793518,0.0220489501953125,0.6763125061988831,
2268,0.9129148125648499,0.0225067138671875,0.9151654839515686,
2269,1.1336883306503296,0.026214599609375,1.136309027671814,
2270,0.5048463344573975,0.019134521484375,0.5067594051361084,
2271,1.705981731414795,0.0289764404296875,1.708878993988037,
2272,0.4240064322948456,0.0243072509765625,0.4264363944530487,
2273,0.8076163530349731,0.032501220703125,0.8108664751052856,
2274,0.4805741608142853,0.0166778564453125,0.4822421371936798,
2275,0.4575991928577423,0.0216827392578125,0.4597678482532501,
2276,0.820315957069397,0.0217742919921875,0.8224941492080688,
2277,0.39606210589408875,0.01428985595703125,0.3974907100200653,
2278,0.6452512741088867,0.0266876220703125,0.6479196548461914,
2279,0.3975953459739685,0.026153564453125,0.40021032094955444,
2280,0.38889458775520325,0.0199127197265625,0.3908858597278595,
2281,0.7131346464157104,0.02325439453125,0.7154597043991089,
2282,0.49259382486343384,0.0267486572265625,0.49526792764663696,
2283,1.0466371774673462,0.0310516357421875,1.049742341041565,
2284,0.968061089515686,0.03240966796875,0.9713016748428345,
2285,0.9458404183387756,0.037445068359375,0.9495845437049866,
2286,0.4110834300518036,0.0204620361328125,0.4131300151348114,
2287,0.4225137531757355,0.0257110595703125,0.4250848591327667,
2288,0.7041926383972168,0.0202789306640625,0.7062201499938965,
2289,0.3376288115978241,0.018463134765625,0.3394751250743866,
2290,0.38418179750442505,0.01617431640625,0.38579922914505005,
2291,0.800643265247345,0.02484130859375,0.8031266331672668,
2292,0.3883056640625,0.0252685546875,0.39083290100097656,
2293,0.451192706823349,0.0146026611328125,0.45265278220176697,
2294,0.7913364171981812,0.031890869140625,0.7945255041122437,
2295,0.4509887397289276,0.020263671875,0.4530143439769745,
2296,0.6548239588737488,0.0231170654296875,0.6571356654167175,
2297,0.5116322040557861,0.018524169921875,0.5134842395782471,
2298,0.7239161133766174,0.0176239013671875,0.7256785035133362,
2299,0.7826539874076843,0.021331787109375,0.7847864031791687,
2300,0.8610424399375916,0.0183868408203125,0.8628811240196228,
2301,0.9975178241729736,0.017333984375,0.9992516040802002,
2302,0.6224318742752075,0.0188446044921875,0.6243163347244263,
2303,0.32379603385925293,0.0137786865234375,0.32517409324645996,
2304,0.6206385493278503,0.019073486328125,0.6225458979606628,
2305,0.5577703714370728,0.01788330078125,0.5595585107803345,
2306,0.6654947400093079,0.0188751220703125,0.6673820614814758,
2307,0.8080451488494873,0.0221710205078125,0.8102614879608154,
2308,0.4011726975440979,0.0168304443359375,0.40285593271255493,
2309,0.5068614482879639,0.021392822265625,0.5090014934539795,
2310,0.46185627579689026,0.0215911865234375,0.464015394449234,
2311,0.8787299990653992,0.046478271484375,0.8833763003349304,
2312,0.8968040943145752,0.0250701904296875,0.8993103504180908,
2313,0.4043307900428772,0.021575927734375,0.40648800134658813,
2314,0.4672102630138397,0.0138092041015625,0.46859118342399597,
2315,1.4685255289077759,0.030914306640625,1.471617341041565,
2316,0.5701231956481934,0.0172882080078125,0.5718522071838379,
2317,0.6435325145721436,0.0211029052734375,0.6456420421600342,
2318,0.6643364429473877,0.0216522216796875,0.6665012836456299,
2319,0.46069958806037903,0.020599365234375,0.46275952458381653,
2320,0.7836381196975708,0.0177001953125,0.7854081392288208,
2321,0.6094608902931213,0.0230712890625,0.6117687821388245,
2322,0.35813602805137634,0.0171051025390625,0.35984691977500916,
2323,0.8401828408241272,0.0240020751953125,0.8425822854042053,
2324,0.4867072105407715,0.0230712890625,0.4890151023864746,
2325,0.4537869989871979,0.0164947509765625,0.4554368555545807,
2326,0.39019346237182617,0.0201568603515625,0.392209529876709,
2327,0.6590611934661865,0.0239715576171875,0.6614587306976318,
2328,0.708511233329773,0.0188446044921875,0.7103956937789917,
2329,0.4442887306213379,0.0160675048828125,0.4458956718444824,
2330,0.9787617921829224,0.0244293212890625,0.9812051057815552,
2331,0.64007967710495,0.02178955078125,0.6422578692436218,
2332,0.8589094877243042,0.0250091552734375,0.8614100217819214,
2333,0.4488944411277771,0.01898193359375,0.45079225301742554,
2334,0.6388128995895386,0.02093505859375,0.6409071683883667,
2335,0.6250597238540649,0.02093505859375,0.6271539926528931,
2336,0.581623911857605,0.011566162109375,0.5827807188034058,
2337,0.6534333229064941,0.020050048828125,0.6554379463195801,
2338,1.0099409818649292,0.017578125,1.011698603630066,
2339,0.5397157073020935,0.0160980224609375,0.5413255095481873,
2340,0.6661940813064575,0.0203094482421875,0.6682254076004028,
2341,0.41759419441223145,0.0094451904296875,0.41853880882263184,
2342,0.7054163217544556,0.0211334228515625,0.7075296640396118,
2343,0.3829191327095032,0.01421356201171875,0.3843401074409485,
2344,0.2794268727302551,0.00792694091796875,0.2802193760871887,
2345,0.32204195857048035,0.01348876953125,0.3233904540538788,
2346,0.6940640807151794,0.02392578125,0.6964558959007263,
2347,0.3602285087108612,0.01556396484375,0.3617849051952362,
2348,0.8008450865745544,0.017913818359375,0.8026360869407654,
2349,0.3872174918651581,0.0199432373046875,0.38921257853507996,
2350,0.5490119457244873,0.016143798828125,0.5506265163421631,
2351,0.4807368218898773,0.016265869140625,0.4823637902736664,
2352,0.7691197395324707,0.019866943359375,0.7711071968078613,
2353,0.6216058731079102,0.0254058837890625,0.6241464614868164,
2354,1.102367877960205,0.0290069580078125,1.105268955230713,
2355,0.3725844621658325,0.01500701904296875,0.37408554553985596,
2356,0.5676559209823608,0.0196990966796875,0.5696262121200562,
2357,0.6904242038726807,0.01450347900390625,0.6918747425079346,
2358,0.6300484538078308,0.024017333984375,0.6324498057365417,
2359,0.5619301199913025,0.02008056640625,0.563938558101654,
2360,0.8075698018074036,0.0208587646484375,0.8096564412117004,
2361,0.8370862603187561,0.02667236328125,0.839752733707428,
2362,0.5029699802398682,0.0125579833984375,0.5042259693145752,
2363,0.4143308997154236,0.012237548828125,0.4155544638633728,
2364,0.8567521572113037,0.0267791748046875,0.8594300746917725,
2365,0.36082160472869873,0.0152740478515625,0.36234939098358154,
2366,0.7568098902702332,0.0194091796875,0.7587506175041199,
2367,1.038002371788025,0.024688720703125,1.0404704809188843,
2368,0.3619054853916168,0.01287841796875,0.36319294571876526,
2369,0.719901978969574,0.026153564453125,0.7225169539451599,
2370,0.3998165726661682,0.019073486328125,0.4017239212989807,
2371,0.4723476767539978,0.0156402587890625,0.47391170263290405,
2372,1.1681216955184937,0.0269775390625,1.1708186864852905,
2373,0.8816851377487183,0.0233001708984375,0.8840159177780151,
2374,0.5357509851455688,0.0246734619140625,0.5382190942764282,
2375,0.6557895541191101,0.01910400390625,0.6576997637748718,
2376,1.1087528467178345,0.0236663818359375,1.1111198663711548,
2377,1.109928011894226,0.032867431640625,1.113214373588562,
2378,0.4430508315563202,0.0170745849609375,0.4447579085826874,
2379,1.0816936492919922,0.0233154296875,1.084024429321289,
2380,0.6442793607711792,0.017303466796875,0.6460093259811401,
2381,0.549142599105835,0.016448974609375,0.5507876873016357,
2382,0.7315770983695984,0.0229034423828125,0.7338678240776062,
2383,0.5245067477226257,0.0163116455078125,0.5261375308036804,
2384,0.8050421476364136,0.0261688232421875,0.8076590299606323,
2385,0.5438730716705322,0.018890380859375,0.545762300491333,
2386,0.9158550500869751,0.022674560546875,0.9181228876113892,
2387,0.9917359948158264,0.0164642333984375,0.9933820366859436,
2388,0.4819047749042511,0.01187896728515625,0.4830930531024933,
2389,0.8475765585899353,0.0202484130859375,0.8496021628379822,
2390,0.5845261812210083,0.0180816650390625,0.5863343477249146,
2391,0.8974756002426147,0.0185546875,0.8993314504623413,
2392,0.36098697781562805,0.0106964111328125,0.36205700039863586,
2393,0.5562475323677063,0.0162200927734375,0.5578697323799133,
2394,0.6471124291419983,0.01837158203125,0.6489492058753967,
2395,0.4192407429218292,0.0189056396484375,0.4211309254169464,
2396,0.8342740535736084,0.026336669921875,0.8369081020355225,
2397,0.6904858350753784,0.02801513671875,0.69328773021698,
2398,0.7243840098381042,0.022308349609375,0.7266156077384949,
2399,0.6723284125328064,0.0255584716796875,0.6748842597007751,
2400,0.6169919371604919,0.0206298828125,0.6190556883811951,
2401,0.9213916659355164,0.0231170654296875,0.9237033724784851,
2402,0.8365722298622131,0.02239990234375,0.838811457157135,
2403,0.5683945417404175,0.01898193359375,0.5702923536300659,
2404,0.3386548161506653,0.01363372802734375,0.3400185704231262,
2405,0.5328163504600525,0.01538848876953125,0.5343555808067322,
2406,0.4991554617881775,0.018096923828125,0.5009655356407166,
2407,1.1132161617279053,0.0191802978515625,1.1151340007781982,
2408,0.56048184633255,0.0205535888671875,0.5625379681587219,
2409,1.0050396919250488,0.0274658203125,1.0077862739562988,
2410,0.6046366691589355,0.01763916015625,0.6064009666442871,
2411,0.5350186824798584,0.017852783203125,0.5368039608001709,
2412,0.6901326179504395,0.025054931640625,0.6926388740539551,
2413,0.5874691605567932,0.0209503173828125,0.5895634293556213,
2414,0.6747264266014099,0.018890380859375,0.6766156554222107,
2415,0.342504620552063,0.0138092041015625,0.34388554096221924,
2416,0.4743621051311493,0.0170440673828125,0.47606632113456726,
2417,0.4909042716026306,0.01885986328125,0.4927906394004822,
2418,1.0452029705047607,0.0254669189453125,1.0477492809295654,
2419,0.4043447971343994,0.0137786865234375,0.40572285652160645,
2420,0.6263073086738586,0.0195159912109375,0.6282585263252258,
2421,0.76414555311203,0.0199432373046875,0.7661406397819519,
2422,0.6776812076568604,0.0141143798828125,0.6790926456451416,
2423,0.5278465747833252,0.0234832763671875,0.5301945209503174,
2424,0.7889121174812317,0.02227783203125,0.7911399006843567,
2425,0.3956504762172699,0.01447296142578125,0.3970981538295746,
2426,0.4711107015609741,0.01861572265625,0.4729722738265991,
2427,0.5662951469421387,0.0200347900390625,0.5682978630065918,
2428,0.7574870586395264,0.0178680419921875,0.7592742443084717,
2429,0.8815839290618896,0.02044677734375,0.8836286067962646,
2430,0.732122540473938,0.0174560546875,0.7338677644729614,
2431,0.687970757484436,0.0168609619140625,0.6896568536758423,
2432,1.4271551370620728,0.023590087890625,1.4295145273208618,
2433,0.7447087168693542,0.01959228515625,0.7466675639152527,
2434,0.6621597409248352,0.0150299072265625,0.6636627316474915,
2435,0.5215861201286316,0.0211639404296875,0.5237032771110535,
2436,0.6017323136329651,0.0218353271484375,0.6039162278175354,
2437,0.4901059865951538,0.0175933837890625,0.49186551570892334,
2438,0.8944088816642761,0.02508544921875,0.8969170451164246,
2439,0.46053019165992737,0.01751708984375,0.46228209137916565,
2440,0.5058146715164185,0.0157012939453125,0.5073844194412231,
2441,0.32236337661743164,0.014556884765625,0.3238186836242676,
2442,0.9522691965103149,0.02081298828125,0.9543501138687134,
2443,0.8823791742324829,0.0246429443359375,0.8848434686660767,
2444,0.7444745898246765,0.0200653076171875,0.7464811205863953,
2445,0.6396129727363586,0.02166748046875,0.6417797207832336,
2446,0.7107690572738647,0.02325439453125,0.7130941152572632,
2447,0.6896637678146362,0.0268707275390625,0.692351222038269,
2448,0.3479996919631958,0.0139312744140625,0.34939301013946533,
2449,1.2684377431869507,0.02496337890625,1.2709344625473022,
2450,0.31661924719810486,0.0121002197265625,0.3178294599056244,
2451,0.5146833062171936,0.01837158203125,0.516520082950592,
2452,0.6331024169921875,0.0181732177734375,0.6349201202392578,
2453,0.7497982978820801,0.0224761962890625,0.7520451545715332,
2454,0.8017956018447876,0.0233306884765625,0.8041282892227173,
2455,0.7589735984802246,0.02142333984375,0.761115550994873,
2456,0.7318084836006165,0.01922607421875,0.7337310910224915,
2457,0.8019669651985168,0.0227203369140625,0.8042386174201965,
2458,1.1473524570465088,0.03680419921875,1.151033639907837,
2459,1.1457282304763794,0.032379150390625,1.148966908454895,
2460,0.24784117937088013,0.0196990966796875,0.24981147050857544,
2461,0.6016671061515808,0.0158538818359375,0.603252112865448,
2462,0.5028602480888367,0.0217742919921875,0.5050384402275085,
2463,0.8117497563362122,0.02008056640625,0.8137581944465637,
2464,0.5027757287025452,0.019287109375,0.5047040581703186,
2465,0.4370293915271759,0.0185546875,0.43888524174690247,
2466,0.38922542333602905,0.016937255859375,0.39091914892196655,
2467,0.536741316318512,0.02008056640625,0.5387497544288635,
2468,0.5005821585655212,0.01395416259765625,0.5019773840904236,
2469,0.5129225254058838,0.0181121826171875,0.5147335529327393,
2470,0.8179996609687805,0.0219268798828125,0.8201931118965149,
2471,0.3872479498386383,0.016937255859375,0.3889416754245758,
2472,1.3050222396850586,0.02581787109375,1.3076047897338867,
2473,0.6658333539962769,0.018157958984375,0.6676491498947144,
2474,0.6422441601753235,0.0189971923828125,0.6441438794136047,
2475,0.7624605894088745,0.022064208984375,0.7646673917770386,
2476,0.6478177309036255,0.020843505859375,0.6499024629592896,
2477,0.3597712516784668,0.01934814453125,0.3617062568664551,
2478,0.8946843147277832,0.023284912109375,0.8970131874084473,
2479,0.553367018699646,0.0164337158203125,0.555010199546814,
2480,0.6677512526512146,0.016143798828125,0.6693658232688904,
2481,0.37769418954849243,0.01190185546875,0.37888437509536743,
2482,0.6158671379089355,0.018035888671875,0.6176705360412598,
2483,0.5353933572769165,0.0164947509765625,0.5370432138442993,
2484,0.457917720079422,0.0127410888671875,0.45919182896614075,
2485,0.4955407679080963,0.01409149169921875,0.49695029854774475,
2486,0.8671820759773254,0.0251007080078125,0.8696921467781067,
2487,1.1102814674377441,0.018524169921875,1.112133502960205,
2488,1.0943589210510254,0.0223388671875,1.0965924263000488,
2489,0.8443100452423096,0.018707275390625,0.8461811542510986,
2490,0.4275481104850769,0.0166473388671875,0.4292132258415222,
2491,0.39932170510292053,0.0107574462890625,0.4003974497318268,
2492,0.5379663109779358,0.020599365234375,0.5400262475013733,
2493,0.6411741971969604,0.01390838623046875,0.6425646543502808,
2494,0.9793576002120972,0.025634765625,0.9819210767745972,
2495,0.6530511975288391,0.017730712890625,0.6548240780830383,
2496,0.4902946650981903,0.01535797119140625,0.49183008074760437,
2497,0.9246525764465332,0.022491455078125,0.9269013404846191,
2498,0.37453001737594604,0.01580810546875,0.3761112093925476,
2499,0.905907154083252,0.01702880859375,0.9076104164123535,
2500,0.3226693868637085,0.01096343994140625,0.3237661123275757,
2501,0.8774713277816772,0.022552490234375,0.8797258138656616,
2502,0.7093565464019775,0.0203094482421875,0.7113878726959229,
2503,0.6891274452209473,0.02532958984375,0.6916604042053223,
2504,0.7520954012870789,0.0254058837890625,0.7546359896659851,
2505,0.3982979953289032,0.0167388916015625,0.39997169375419617,
2506,0.7269173264503479,0.01546478271484375,0.7284641861915588,
2507,0.7186681628227234,0.018463134765625,0.7205144762992859,
2508,1.3678394556045532,0.023162841796875,1.3701549768447876,
2509,0.8168507218360901,0.021881103515625,0.819038450717926,
2510,0.5743070244789124,0.01470184326171875,0.5757775902748108,
2511,0.8298214077949524,0.019134521484375,0.8317344784736633,
2512,0.5458738207817078,0.0159912109375,0.547473132610321,
2513,0.3682655394077301,0.012420654296875,0.36950722336769104,
2514,0.5300368070602417,0.0174407958984375,0.5317810773849487,
2515,0.28004175424575806,0.0088043212890625,0.280921995639801,
2516,0.4299607574939728,0.01611328125,0.43157246708869934,
2517,0.2709795832633972,0.011138916015625,0.2720934748649597,
2518,0.3950915038585663,0.01287841796875,0.3963789641857147,
2519,0.48881593346595764,0.01537322998046875,0.4903532564640045,
2520,0.5584086775779724,0.020355224609375,0.5604438185691833,
2521,0.42284369468688965,0.01593017578125,0.4244363307952881,
2522,0.6575711965560913,0.01788330078125,0.659359335899353,
2523,0.3245295286178589,0.016326904296875,0.3261622190475464,
2524,0.5208548903465271,0.01465606689453125,0.5223206877708435,
2525,0.5840333700180054,0.0128021240234375,0.5853132009506226,
2526,0.9677003026008606,0.017333984375,0.9694340825080872,
2527,0.3289125859737396,0.007427215576171875,0.3296554982662201,
2528,0.5263643264770508,0.01251220703125,0.5276155471801758,
2529,0.5427950620651245,0.0232696533203125,0.5451220273971558,
2530,0.4777005612850189,0.01468658447265625,0.47916921973228455,
2531,0.796923041343689,0.0194091796875,0.7988637685775757,
2532,1.1235731840133667,0.02587890625,1.1261614561080933,
2533,0.7187049388885498,0.01377105712890625,0.7200820446014404,
2534,0.2706151306629181,0.009033203125,0.2715182602405548,
2535,0.40160369873046875,0.0137176513671875,0.40297508239746094,
2536,0.31128183007240295,0.0165863037109375,0.3129402697086334,
2537,0.7312936186790466,0.017730712890625,0.7330664992332458,
2538,0.7321010231971741,0.022308349609375,0.7343326210975647,
2539,0.4619414508342743,0.012725830078125,0.46321365237236023,
2540,0.8542426228523254,0.0274505615234375,0.8569872975349426,
2541,1.0244200229644775,0.0194244384765625,1.026362657546997,
2542,0.5323696732521057,0.013763427734375,0.5337458252906799,
2543,0.6698316931724548,0.0282745361328125,0.672658383846283,
2544,0.8817105293273926,0.0311126708984375,0.8848214149475098,
2545,0.8527573347091675,0.0238494873046875,0.8551415205001831,
2546,0.777547299861908,0.019805908203125,0.7795271277427673,
2547,0.7240930199623108,0.0211944580078125,0.7262120842933655,
2548,1.0521667003631592,0.0292510986328125,1.0550925731658936,
2549,0.4593339264392853,0.0182952880859375,0.46116307377815247,
2550,1.0958493947982788,0.026885986328125,1.0985387563705444,
2551,0.5496188998222351,0.01690673828125,0.5513097643852234,
2552,0.5085020661354065,0.0195465087890625,0.5104570984840393,
2553,0.6435692310333252,0.021697998046875,0.6457397937774658,
2554,0.3749467432498932,0.0238037109375,0.3773271143436432,
2555,0.7719077467918396,0.019287109375,0.773836076259613,
2556,0.43608686327934265,0.014556884765625,0.4375421702861786,
2557,1.1098273992538452,0.0279998779296875,1.112627387046814,
2558,1.1592384576797485,0.0272216796875,1.161960244178772,
2559,0.5076726675033569,0.0195770263671875,0.5096296072006226,
2560,0.6651262640953064,0.0162811279296875,0.6667541861534119,
2561,1.0139131546020508,0.0220489501953125,1.016118049621582,
2562,1.2062833309173584,0.0247802734375,1.2087609767913818,
2563,0.5171902179718018,0.0161895751953125,0.5188095569610596,
2564,0.5814463496208191,0.0200042724609375,0.5834471583366394,
2565,0.6584864258766174,0.028045654296875,0.6612902283668518,
2566,0.37328779697418213,0.0174407958984375,0.37503206729888916,
2567,0.6891965270042419,0.03143310546875,0.6923398375511169,
2568,0.2801726460456848,0.01387786865234375,0.2815602421760559,
2569,0.6693850159645081,0.0194549560546875,0.6713305115699768,
2570,0.7760152816772461,0.0229339599609375,0.7783079147338867,
2571,0.7719342112541199,0.0211181640625,0.7740456461906433,
2572,0.734505295753479,0.0182342529296875,0.7363287210464478,
2573,0.6561045050621033,0.0258026123046875,0.6586851477622986,
2574,0.3528967797756195,0.02020263671875,0.35491666197776794,
2575,0.5948640704154968,0.0208282470703125,0.5969468951225281,
2576,0.6543547511100769,0.025177001953125,0.6568724513053894,
2577,0.9214118719100952,0.02655029296875,0.9240669012069702,
2578,0.38590943813323975,0.01751708984375,0.387661337852478,
2579,0.4141804575920105,0.01258087158203125,0.41543835401535034,
2580,0.632715106010437,0.0161285400390625,0.63432776927948,
2581,0.5162672400474548,0.0158233642578125,0.5178493857383728,
2582,0.425381600856781,0.0183258056640625,0.4272145628929138,
2583,0.3246164619922638,0.0115203857421875,0.32576850056648254,
2584,1.0493289232254028,0.0243072509765625,1.051758885383606,
2585,0.45057213306427,0.01503753662109375,0.4520760774612427,
2586,1.0476018190383911,0.023162841796875,1.0499173402786255,
2587,0.789732038974762,0.0152435302734375,0.7912560105323792,
2588,0.695600688457489,0.0241546630859375,0.6980153918266296,
2589,0.7614789605140686,0.0182952880859375,0.7633081078529358,
2590,0.5540378093719482,0.016632080078125,0.5557010173797607,
2591,0.7570101022720337,0.0228118896484375,0.7592912912368774,
2592,0.5824363827705383,0.0176849365234375,0.5842044949531555,
2593,0.6498648524284363,0.0226593017578125,0.6521307826042175,
2594,0.49473682045936584,0.0151824951171875,0.4962550699710846,
2595,0.3319016098976135,0.0124359130859375,0.3331452012062073,
2596,0.8269283771514893,0.0208892822265625,0.829016923904419,
2597,0.30232080817222595,0.00943756103515625,0.30326446890830994,
2598,0.4203675389289856,0.01409912109375,0.42177706956863403,
2599,0.7201772928237915,0.020416259765625,0.7222181558609009,
2600,0.471796452999115,0.0211181640625,0.4739078879356384,
2601,0.44397929310798645,0.012054443359375,0.44518473744392395,
2602,0.3861428499221802,0.01300048828125,0.3874427080154419,
2603,0.42999741435050964,0.0177001953125,0.43176743388175964,
2604,0.3931061625480652,0.01544952392578125,0.3946511149406433,
2605,0.6875977516174316,0.023193359375,0.6899170875549316,
2606,0.37813815474510193,0.01436614990234375,0.37957438826560974,
2607,0.79497891664505,0.019775390625,0.7969568371772766,
2608,0.4173237681388855,0.0218963623046875,0.41951340436935425,
2609,0.9020885229110718,0.02569580078125,0.9046577215194702,
2610,0.6514363884925842,0.0236053466796875,0.6537976861000061,
2611,0.4142785370349884,0.02081298828125,0.41635945439338684,
2612,0.6733174324035645,0.0177001953125,0.6750874519348145,
2613,0.681397020816803,0.0146331787109375,0.6828599572181702,
2614,0.569817066192627,0.01557159423828125,0.5713744163513184,
2615,1.075417399406433,0.0223541259765625,1.0776528120040894,
2616,0.6706030964851379,0.022735595703125,0.6728766560554504,
2617,0.5015832185745239,0.01776123046875,0.5033589601516724,
2618,0.7737370133399963,0.0249481201171875,0.7762318253517151,
2619,0.5732861757278442,0.0156097412109375,0.5748473405838013,
2620,0.44899606704711914,0.0118408203125,0.4501805305480957,
2621,0.7531788945198059,0.018585205078125,0.7550376057624817,
2622,1.1132493019104004,0.0230865478515625,1.1155571937561035,
2623,0.43244504928588867,0.0172882080078125,0.4341740608215332,
2624,0.5978965163230896,0.019134521484375,0.5998095870018005,
2625,0.5127706527709961,0.0172271728515625,0.5144929885864258,
2626,0.4902235269546509,0.0186920166015625,0.49209272861480713,
2627,0.9496350884437561,0.026947021484375,0.9523301720619202,
2628,0.35200613737106323,0.015960693359375,0.3536025881767273,
2629,0.8942873477935791,0.0170745849609375,0.8959944248199463,
2630,0.6050136685371399,0.017822265625,0.6067960858345032,
2631,0.4971512258052826,0.01209259033203125,0.4983604848384857,
2632,0.9220582842826843,0.01861572265625,0.9239198565483093,
2633,0.494325190782547,0.01302337646484375,0.49562790989875793,
2634,0.5626550912857056,0.01470947265625,0.564125657081604,
2635,0.5686790943145752,0.0162200927734375,0.5703012943267822,
2636,0.3955756425857544,0.01849365234375,0.3974248170852661,
2637,0.6711125373840332,0.0158233642578125,0.6726946830749512,
2638,0.4133208096027374,0.0146026611328125,0.4147808849811554,
2639,0.6968849301338196,0.01702880859375,0.6985881924629211,
2640,0.5483973026275635,0.0137176513671875,0.5497686862945557,
2641,0.560585618019104,0.016510009765625,0.5622364282608032,
2642,0.6899999976158142,0.0177459716796875,0.6917747855186462,
2643,0.7005540132522583,0.0207977294921875,0.7026330232620239,
2644,0.4765048325061798,0.014739990234375,0.47797921299934387,
2645,0.5575922131538391,0.017059326171875,0.5592983365058899,
2646,0.658222496509552,0.0247650146484375,0.6606982350349426,
2647,0.4692138135433197,0.01476287841796875,0.4706901013851166,
2648,0.682098925113678,0.0175628662109375,0.6838555932044983,
2649,0.8262413740158081,0.022552490234375,0.8284958600997925,
2650,0.8120240569114685,0.0218963623046875,0.8142136931419373,
2651,0.4461195170879364,0.0174407958984375,0.44786378741264343,
2652,0.7805600166320801,0.01849365234375,0.7824091911315918,
2653,0.9631261825561523,0.0238189697265625,0.9655084609985352,
2654,0.6372380256652832,0.0183258056640625,0.639070987701416,
2655,0.6329327821731567,0.021453857421875,0.6350785493850708,
2656,0.4520704448223114,0.0159912109375,0.4536697566509247,
2657,1.1397327184677124,0.022979736328125,1.1420310735702515,
2658,0.7223087549209595,0.022918701171875,0.7246013879776001,
2659,0.5768657326698303,0.019866943359375,0.578853189945221,
2660,0.6486230492591858,0.0217437744140625,0.650797426700592,
2661,0.5880761742591858,0.01523590087890625,0.589600145816803,
2662,0.6407060623168945,0.016632080078125,0.642369270324707,
2663,0.6023368239402771,0.0232391357421875,0.6046599745750427,
2664,0.46024996042251587,0.026397705078125,0.46288973093032837,
2665,0.6868456602096558,0.0259552001953125,0.6894415616989136,
2666,0.4463329315185547,0.021392822265625,0.4484729766845703,
2667,0.8484823107719421,0.025115966796875,0.8509942889213562,
2668,0.427519828081131,0.0164642333984375,0.42916586995124817,
2669,0.7024596929550171,0.0198822021484375,0.7044471502304077,
2670,0.4676944315433502,0.01776123046875,0.46947017312049866,
2671,0.9064589142799377,0.02337646484375,0.9087973237037659,
2672,0.6106667518615723,0.01959228515625,0.6126255989074707,
2673,0.680891215801239,0.0265655517578125,0.6835481524467468,
2674,0.7470987439155579,0.0188446044921875,0.7489832043647766,
2675,0.6017562747001648,0.0172576904296875,0.6034824252128601,
2676,0.8517601490020752,0.0222930908203125,0.853989839553833,
2677,0.5406078696250916,0.01525115966796875,0.5421327948570251,
2678,0.5425993800163269,0.0155029296875,0.5441500544548035,
2679,0.30954593420028687,0.01210784912109375,0.3107571005821228,
2680,0.4915088415145874,0.0125274658203125,0.4927619695663452,
2681,0.27659517526626587,0.01198577880859375,0.2777939438819885,
2682,0.49925535917282104,0.01552581787109375,0.5008079409599304,
2683,0.8962337374687195,0.021453857421875,0.8983795046806335,
2684,0.5213047862052917,0.015625,0.5228669047355652,
2685,0.6070926189422607,0.017486572265625,0.6088416576385498,
2686,0.42051753401756287,0.01422882080078125,0.421940416097641,
2687,1.2524784803390503,0.021697998046875,1.254649043083191,
2688,0.5898382067680359,0.015869140625,0.5914251208305359,
2689,0.6511712670326233,0.0179290771484375,0.652964174747467,
2690,0.49765318632125854,0.01409149169921875,0.499062716960907,
2691,0.7798000574111938,0.01490020751953125,0.7812896966934204,
2692,0.8126364946365356,0.0162200927734375,0.8142586946487427,
2693,0.7683603763580322,0.0177764892578125,0.7701380252838135,
2694,0.4613603353500366,0.01306915283203125,0.4626668691635132,
2695,0.8807306289672852,0.0200042724609375,0.8827314376831055,
2696,0.2668674886226654,0.012115478515625,0.26807865500450134,
2697,0.5111817717552185,0.01305389404296875,0.5124873518943787,
2698,0.8680687546730042,0.0214691162109375,0.870216429233551,
2699,0.3850962519645691,0.0104522705078125,0.38614147901535034,
2700,0.6139565110206604,0.0186920166015625,0.6158257126808167,
2701,0.6366668343544006,0.0181732177734375,0.638484537601471,
2702,0.46231865882873535,0.0168304443359375,0.4640018939971924,
2703,0.9793974757194519,0.0185546875,0.9812533259391785,
2704,0.40915995836257935,0.01500701904296875,0.4106610417366028,
2705,0.776051938533783,0.0173492431640625,0.7777866721153259,
2706,0.4947138726711273,0.01462554931640625,0.4961768090724945,
2707,0.640232264995575,0.01904296875,0.6421367526054382,
2708,0.5653170347213745,0.0155029296875,0.5668677091598511,
2709,0.6802060604095459,0.01435089111328125,0.6816413402557373,
2710,0.7285236716270447,0.0185699462890625,0.7303804755210876,
2711,0.7952660322189331,0.020782470703125,0.7973450422286987,
2712,0.6830701231956482,0.019866943359375,0.6850575804710388,
2713,0.35435110330581665,0.01374053955078125,0.35572534799575806,
2714,0.5751528739929199,0.01110076904296875,0.5762629508972168,
2715,0.842722475528717,0.0174560546875,0.8444676995277405,
2716,0.8189300298690796,0.024627685546875,0.8213924169540405,
2717,0.6310176253318787,0.01103973388671875,0.6321219801902771,
2718,0.3856949806213379,0.0106201171875,0.38675737380981445,
2719,1.0607742071151733,0.025054931640625,1.063280463218689,
2720,0.5700154304504395,0.01247406005859375,0.5712628364562988,
2721,0.9107043743133545,0.0196533203125,0.9126689434051514,
2722,0.733130931854248,0.0192108154296875,0.7350516319274902,
2723,0.48478415608406067,0.01314544677734375,0.4860983192920685,
2724,1.0060895681381226,0.02374267578125,1.0084642171859741,
2725,0.668118953704834,0.0259857177734375,0.6707167625427246,
2726,0.6006903052330017,0.0175018310546875,0.6024402976036072,
2727,0.568255603313446,0.0230560302734375,0.5705615878105164,
2728,0.6953715682029724,0.0296478271484375,0.698335587978363,
2729,0.9219993948936462,0.019561767578125,0.9239563345909119,
2730,0.4520377516746521,0.020294189453125,0.4540671706199646,
2731,1.0175412893295288,0.0291748046875,1.020459532737732,
2732,0.4332173764705658,0.0189971923828125,0.43511709570884705,
2733,0.7680095434188843,0.028472900390625,0.7708572149276733,
2734,0.879196047782898,0.030059814453125,0.8822020292282104,
2735,0.4492332637310028,0.0208892822265625,0.4513218104839325,
2736,0.8035508990287781,0.0204315185546875,0.8055936694145203,
2737,0.752769947052002,0.025390625,0.7553086280822754,
2738,0.4928482174873352,0.0252227783203125,0.49536973237991333,
2739,0.5338811874389648,0.0209197998046875,0.5359735488891602,
2740,0.5544443130493164,0.019866943359375,0.556431770324707,
2741,0.33412060141563416,0.0183563232421875,0.3359564244747162,
2742,0.8509222865104675,0.03350830078125,0.8542734980583191,
2743,0.8023878931999207,0.0267181396484375,0.805060088634491,
2744,0.39463189244270325,0.01419830322265625,0.39605191349983215,
2745,0.7116386890411377,0.0254058837890625,0.714179277420044,
2746,0.39855334162712097,0.0178680419921875,0.4003405272960663,
2747,0.5035660266876221,0.0148468017578125,0.5050508975982666,
2748,0.6895375847816467,0.02252197265625,0.6917901635169983,
2749,0.836776077747345,0.0238494873046875,0.8391602635383606,
2750,0.5364412665367126,0.0184478759765625,0.5382856726646423,
2751,0.8196169137954712,0.01910400390625,0.8215271234512329,
2752,0.3336585462093353,0.0137786865234375,0.33503660559654236,
2753,0.8754156231880188,0.0236968994140625,0.8777845501899719,
2754,0.9175012707710266,0.0250091552734375,0.9200018048286438,
2755,0.9998769760131836,0.02288818359375,1.0021657943725586,
2756,0.5983755588531494,0.017913818359375,0.6001665592193604,
2757,0.7959902882575989,0.0192108154296875,0.7979109883308411,
2758,0.31046074628829956,0.0095062255859375,0.3114115595817566,
2759,0.5131950378417969,0.014190673828125,0.5146141052246094,
2760,0.4014909565448761,0.01267242431640625,0.40275838971138,
2761,0.7175353765487671,0.0189666748046875,0.7194322347640991,
2762,0.3251710832118988,0.01056671142578125,0.32622775435447693,
2763,0.7189843654632568,0.01654052734375,0.7206380367279053,
2764,0.6627414226531982,0.01503753662109375,0.6642453670501709,
2765,1.0580768585205078,0.021697998046875,1.0602474212646484,
2766,0.3621625602245331,0.014251708984375,0.363587349653244,
2767,0.3135888874530792,0.010986328125,0.3146875202655792,
2768,0.8679936528205872,0.01390838623046875,0.8693841099739075,
2769,0.6328357458114624,0.018157958984375,0.6346515417098999,
2770,0.6427285671234131,0.017425537109375,0.6444709300994873,
2771,0.8345633745193481,0.0193328857421875,0.8364964723587036,
2772,0.560501217842102,0.0160064697265625,0.5621014833450317,
2773,0.39629116654396057,0.01407623291015625,0.3976987898349762,
2774,0.7471643090248108,0.0177154541015625,0.7489362359046936,
2775,0.7991639375686646,0.027557373046875,0.8019200563430786,
2776,0.49741071462631226,0.01560211181640625,0.4989709258079529,
2777,1.0702909231185913,0.0214691162109375,1.0724385976791382,
2778,0.9804410338401794,0.02056884765625,0.9824971556663513,
2779,0.7773808240890503,0.0233612060546875,0.7797173261642456,
2780,0.7226750254631042,0.0196990966796875,0.7246453166007996,
2781,0.7151728868484497,0.0152587890625,0.7166987657546997,
2782,0.8434749841690063,0.0211029052734375,0.845584511756897,
2783,0.671117901802063,0.0174407958984375,0.67286217212677,
2784,0.9290284514427185,0.016326904296875,0.930661141872406,
2785,0.992428719997406,0.02557373046875,0.9949864745140076,
2786,0.6053032875061035,0.01456451416015625,0.6067595481872559,
2787,0.6279690265655518,0.0167694091796875,0.629645586013794,
2788,0.4527021050453186,0.0165252685546875,0.45435482263565063,
2789,0.45767709612846375,0.01617431640625,0.45929452776908875,
2790,0.6127578616142273,0.01366424560546875,0.6141244769096375,
2791,0.700904369354248,0.016387939453125,0.702542781829834,
2792,0.6704697608947754,0.0169677734375,0.6721663475036621,
2793,0.3985636234283447,0.012969970703125,0.3998606204986572,
2794,0.5157895684242249,0.01126861572265625,0.516916811466217,
2795,1.0145738124847412,0.0245513916015625,1.017028570175171,
2796,0.7155751585960388,0.0171966552734375,0.7172946333885193,
2797,0.6815504431724548,0.015655517578125,0.6831163763999939,
2798,0.75364089012146,0.0184173583984375,0.7554824352264404,
2799,0.3953573405742645,0.01499176025390625,0.39685651659965515,
2800,0.6609469056129456,0.01904296875,0.6628513932228088,
2801,0.6486809253692627,0.0189208984375,0.6505730152130127,
2802,0.7788528203964233,0.02154541015625,0.7810081243515015,
2803,0.7224881649017334,0.0178680419921875,0.7242753505706787,
2804,0.8520512580871582,0.0212249755859375,0.8541741371154785,
2805,0.6123831868171692,0.021240234375,0.6145079731941223,
2806,0.4141215682029724,0.01313018798828125,0.4154347777366638,
2807,0.37758225202560425,0.0133514404296875,0.378917396068573,
2808,0.808049738407135,0.0167999267578125,0.8097301125526428,
2809,0.7267630696296692,0.0188446044921875,0.7286475300788879,
2810,0.5882769227027893,0.014556884765625,0.5897322297096252,
2811,0.542229413986206,0.016021728515625,0.5438315868377686,
2812,0.5247194766998291,0.02154541015625,0.5268747806549072,
2813,0.3483744263648987,0.01520538330078125,0.34989458322525024,
2814,0.5250127911567688,0.0162353515625,0.5266359448432922,
2815,1.0058239698410034,0.0203399658203125,1.0078572034835815,
2816,0.7214481234550476,0.02301025390625,0.7237483859062195,
2817,0.7131642699241638,0.0166778564453125,0.7148322463035583,
2818,0.6721131801605225,0.0178680419921875,0.6739003658294678,
2819,0.8406259417533875,0.0191497802734375,0.8425409197807312,
2820,0.6871758103370667,0.01482391357421875,0.688657820224762,
2821,0.42420050501823425,0.01031494140625,0.4252323806285858,
2822,0.440828800201416,0.01270294189453125,0.44209909439086914,
2823,0.7116255760192871,0.017974853515625,0.7134232521057129,
2824,0.8867192268371582,0.017578125,0.8884768486022949,
2825,0.7281808257102966,0.0165863037109375,0.7298392653465271,
2826,0.8505640029907227,0.01424407958984375,0.8519887924194336,
2827,0.9964953660964966,0.021697998046875,0.9986659288406372,
2828,0.7856630682945251,0.0157623291015625,0.7872394919395447,
2829,0.5929868817329407,0.0111846923828125,0.5941055417060852,
2830,0.6498128175735474,0.0160675048828125,0.6514197587966919,
2831,0.7096598148345947,0.0182952880859375,0.7114889621734619,
2832,0.4810706377029419,0.0182952880859375,0.4828997850418091,
2833,0.3766493499279022,0.01184844970703125,0.3778338134288788,
2834,1.0487914085388184,0.0199737548828125,1.050788402557373,
2835,0.5774457454681396,0.01444244384765625,0.5788896083831787,
2836,0.9222295880317688,0.017852783203125,0.9240148663520813,
2837,0.860992968082428,0.0196685791015625,0.8629594445228577,
2838,1.2987675666809082,0.0225677490234375,1.3010239601135254,
2839,0.4701923727989197,0.0172119140625,0.47191375494003296,
2840,0.679962158203125,0.0176544189453125,0.681727409362793,
2841,0.5374313592910767,0.0097503662109375,0.538406491279602,
2842,0.51913982629776,0.016448974609375,0.5207849144935608,
2843,0.9772338271141052,0.017669677734375,0.979000985622406,
2844,0.4580546021461487,0.01493072509765625,0.45954805612564087,
2845,0.7951976656913757,0.0157012939453125,0.7967674136161804,
2846,0.5305203199386597,0.016143798828125,0.5321348905563354,
2847,0.6184767484664917,0.01515960693359375,0.6199930906295776,
2848,1.0278712511062622,0.021881103515625,1.0300589799880981,
2849,0.8376666903495789,0.017425537109375,0.8394090533256531,
2850,0.531527042388916,0.013946533203125,0.532921314239502,
2851,0.35460492968559265,0.0135650634765625,0.35596105456352234,
2852,0.7962777018547058,0.0159454345703125,0.7978722453117371,
2853,0.6802789568901062,0.01441192626953125,0.681719958782196,
2854,1.0947816371917725,0.0219879150390625,1.0969808101654053,
2855,0.6593520641326904,0.0159759521484375,0.6609494686126709,
2856,0.5408304333686829,0.0154266357421875,0.5423734784126282,
2857,1.1084623336791992,0.0170745849609375,1.1101694107055664,
2858,0.4642889201641083,0.010986328125,0.4653875529766083,
2859,0.8753476142883301,0.017120361328125,0.8770594596862793,
2860,0.678817093372345,0.01727294921875,0.6805441975593567,
2861,0.7073012590408325,0.0254364013671875,0.7098456621170044,
2862,0.9741082191467285,0.01678466796875,0.9757866859436035,
2863,0.6430140137672424,0.01629638671875,0.6446438431739807,
2864,0.9157480001449585,0.0234375,0.9180921316146851,
2865,0.9354689121246338,0.0248565673828125,0.9379541873931885,
2866,0.6973274350166321,0.0204010009765625,0.6993682980537415,
2867,0.8767378330230713,0.0216522216796875,0.8789026737213135,
2868,0.4764438271522522,0.021392822265625,0.4785838723182678,
2869,0.499034583568573,0.018890380859375,0.5009238123893738,
2870,0.6525527834892273,0.0215911865234375,0.654711902141571,
2871,0.8497130274772644,0.0308837890625,0.8528010249137878,
2872,0.5187004804611206,0.0252532958984375,0.5212258100509644,
2873,0.8990579843521118,0.028167724609375,0.9018751382827759,
2874,0.7523159384727478,0.030303955078125,0.7553467154502869,
2875,0.6093437671661377,0.027069091796875,0.6120502948760986,
2876,0.7667580246925354,0.027191162109375,0.769477903842926,
2877,0.8149297833442688,0.020233154296875,0.8169534802436829,
2878,1.409401297569275,0.036712646484375,1.413072943687439,
2879,0.46576881408691406,0.0170135498046875,0.4674701690673828,
2880,0.606725811958313,0.025726318359375,0.609298825263977,
2881,0.5291727781295776,0.0238037109375,0.5315531492233276,
2882,0.6893928050994873,0.0209503173828125,0.6914870738983154,
2883,0.5580427646636963,0.014617919921875,0.5595047473907471,
2884,0.5531014204025269,0.0268096923828125,0.5557831525802612,
2885,0.6160215139389038,0.0171661376953125,0.6177381277084351,
2886,0.7273440957069397,0.0229949951171875,0.7296443581581116,
2887,0.4450518786907196,0.0194091796875,0.4469926059246063,
2888,0.4617886245250702,0.01523590087890625,0.4633125960826874,
2889,0.8035476803779602,0.0196685791015625,0.8055141568183899,
2890,0.5007897019386292,0.0106964111328125,0.501859724521637,
2891,0.4865190386772156,0.0188751220703125,0.48840636014938354,
2892,0.5536963939666748,0.0171661376953125,0.555413007736206,
2893,0.8865509033203125,0.0206146240234375,0.8886127471923828,
2894,0.5676243305206299,0.0185546875,0.5694801807403564,
2895,0.5675597190856934,0.016815185546875,0.5692410469055176,
2896,0.769241213798523,0.02105712890625,0.771346926689148,
2897,0.45422810316085815,0.0113677978515625,0.4553648829460144,
2898,0.9273867011070251,0.02178955078125,0.929564893245697,
2899,1.139965295791626,0.02398681640625,1.142364740371704,
2900,0.571935772895813,0.0140228271484375,0.5733376741409302,
2901,0.4509205222129822,0.0115509033203125,0.45207542181015015,
2902,0.5721840262413025,0.0132598876953125,0.5735096335411072,
2903,0.5940223932266235,0.0131683349609375,0.5953394174575806,
2904,0.8181813359260559,0.0203094482421875,0.8202126622200012,
2905,0.6103622317314148,0.01788330078125,0.6121503710746765,
2906,0.9150222539901733,0.01904296875,0.9169267416000366,
2907,0.3954443037509918,0.015045166015625,0.3969492018222809,
2908,0.5912795662879944,0.0139007568359375,0.5926700234413147,
2909,0.5868526101112366,0.021026611328125,0.588954508304596,
2910,0.38003304600715637,0.01151275634765625,0.3811841309070587,
2911,0.5408157110214233,0.0171661376953125,0.5425323247909546,
2912,0.6275683641433716,0.014007568359375,0.6289693117141724,
2913,1.1289665699005127,0.0294189453125,1.1319077014923096,
2914,0.5195979475975037,0.0166473388671875,0.521263062953949,
2915,0.6099691390991211,0.01242828369140625,0.6112117767333984,
2916,0.41995152831077576,0.01468658447265625,0.4214201867580414,
2917,0.49263447523117065,0.01425933837890625,0.494060218334198,
2918,0.4015272259712219,0.01274871826171875,0.4028022885322571,
2919,1.0065497159957886,0.0183868408203125,1.0083884000778198,
2920,0.8205941915512085,0.0189208984375,0.8224862813949585,
2921,0.4257306456565857,0.01372528076171875,0.4271029829978943,
2922,0.5676777362823486,0.015594482421875,0.5692369937896729,
2923,0.9190865159034729,0.0159912109375,0.9206858277320862,
2924,0.49254241585731506,0.017059326171875,0.49424853920936584,
2925,0.7027633786201477,0.0239715576171875,0.705160915851593,
2926,0.6792223453521729,0.0179595947265625,0.6810181140899658,
2927,0.47564929723739624,0.0160675048828125,0.47725623846054077,
2928,0.5251471996307373,0.0150604248046875,0.5266530513763428,
2929,0.7861612439155579,0.019195556640625,0.7880809903144836,
2930,0.7035688161849976,0.02008056640625,0.7055772542953491,
2931,0.5608418583869934,0.015838623046875,0.5624259114265442,
2932,0.38767319917678833,0.0153045654296875,0.38920384645462036,
2933,0.47192540764808655,0.01354217529296875,0.4732796251773834,
2934,0.45988279581069946,0.0193939208984375,0.4618225693702698,
2935,0.7386444211006165,0.0168304443359375,0.7403276562690735,
2936,0.9183367490768433,0.0168609619140625,0.9200228452682495,
2937,0.5767368674278259,0.0192413330078125,0.5786613821983337,
2938,0.654853880405426,0.0206756591796875,0.6569214463233948,
2939,0.5468042492866516,0.02142333984375,0.5489462018013,
2940,0.46174052357673645,0.01032257080078125,0.462772399187088,
2941,0.28343746066093445,0.00839996337890625,0.28427764773368835,
2942,0.6564050316810608,0.020111083984375,0.6584153771400452,
2943,0.8648809790611267,0.019378662109375,0.8668188452720642,
2944,0.7500891089439392,0.019439697265625,0.7520326972007751,
2945,0.77239990234375,0.0184173583984375,0.7742414474487305,
2946,0.6035450100898743,0.017608642578125,0.6053054928779602,
2947,0.3049825131893158,0.008514404296875,0.3058341443538666,
2948,0.4954429864883423,0.017578125,0.497200608253479,
2949,0.5594700574874878,0.01383209228515625,0.5608528852462769,
2950,0.4613357484340668,0.01538848876953125,0.46287497878074646,
2951,0.6784477233886719,0.020599365234375,0.6805076599121094,
2952,0.7575671076774597,0.0206146240234375,0.75962895154953,
2953,1.1208150386810303,0.027862548828125,1.1236016750335693,
2954,0.9878393411636353,0.0230560302734375,0.9901453256607056,
2955,0.3069339096546173,0.010284423828125,0.30796197056770325,
2956,0.40638577938079834,0.01476287841796875,0.4078620672225952,
2957,0.5248210430145264,0.0164337158203125,0.5264642238616943,
2958,0.44643712043762207,0.01458740234375,0.44789624214172363,
2959,0.8519466519355774,0.0196685791015625,0.8539131283760071,
2960,0.7331421375274658,0.021148681640625,0.7352573871612549,
2961,0.7632395029067993,0.0272369384765625,0.7659631967544556,
2962,0.9981776475906372,0.0228424072265625,1.0004626512527466,
2963,0.49576523900032043,0.01509857177734375,0.49727490544319153,
2964,1.2648385763168335,0.025909423828125,1.2674287557601929,
2965,0.7002819776535034,0.02001953125,0.7022846937179565,
2966,0.8842644095420837,0.0202484130859375,0.8862900137901306,
2967,0.8697420358657837,0.028961181640625,0.8726373910903931,
2968,0.6555668711662292,0.0174713134765625,0.6573140025138855,
2969,0.46974852681159973,0.0168304443359375,0.47143176198005676,
2970,0.530676007270813,0.014801025390625,0.5321561098098755,
2971,0.9832476377487183,0.0245819091796875,0.9857062101364136,
2972,1.0810195207595825,0.022125244140625,1.083232045173645,
2973,0.6790942549705505,0.02337646484375,0.6814326643943787,
2974,1.1272691488265991,0.0200958251953125,1.1292794942855835,
2975,0.6296883225440979,0.023773193359375,0.6320648789405823,
2976,0.7177223563194275,0.0220947265625,0.7199310660362244,
2977,0.6571763157844543,0.016998291015625,0.6588757634162903,
2978,0.782801628112793,0.0208282470703125,0.7848844528198242,
2979,0.7558851838111877,0.0185699462890625,0.7577419877052307,
2980,0.38612067699432373,0.01424407958984375,0.38754546642303467,
2981,0.6784306168556213,0.020050048828125,0.6804352402687073,
2982,0.6953426599502563,0.024200439453125,0.6977630853652954,
2983,0.7853922843933105,0.0186004638671875,0.7872519493103027,
2984,0.730349600315094,0.016143798828125,0.7319641709327698,
2985,0.5139405131340027,0.0236358642578125,0.5163037180900574,
2986,0.8808008432388306,0.02423095703125,0.8832231760025024,
2987,0.6729188561439514,0.0225067138671875,0.6751695275306702,
2988,0.7938968539237976,0.01959228515625,0.795855700969696,
2989,0.404570996761322,0.0135040283203125,0.40592139959335327,
2990,0.497072696685791,0.018341064453125,0.49890661239624023,
2991,1.1114531755447388,0.0240478515625,1.1138583421707153,
2992,0.6847643256187439,0.0182647705078125,0.6865906119346619,
2993,0.3226149380207062,0.0096282958984375,0.3235776722431183,
2994,0.4394620358943939,0.013427734375,0.4408048093318939,
2995,0.6489976048469543,0.0157012939453125,0.650567352771759,
2996,0.6081843972206116,0.016204833984375,0.6098046898841858,
2997,0.48157137632369995,0.0171051025390625,0.48328226804733276,
2998,0.8254331350326538,0.017578125,0.8271907567977905,
2999,1.044305443763733,0.0201263427734375,1.04631769657135,
3000,1.149755835533142,0.0179290771484375,1.1515487432479858,52.29007633587786
3001,0.32069626450538635,0.009429931640625,0.32163944840431213,
3002,0.2790226936340332,0.0108642578125,0.2801089286804199,
3003,0.7241681814193726,0.0164031982421875,0.7258085012435913,
3004,0.988314688205719,0.0199737548828125,0.9903116822242737,
3005,0.845654308795929,0.0165252685546875,0.847307026386261,
3006,0.5704823136329651,0.018310546875,0.5723133683204651,
3007,0.6224954128265381,0.01345062255859375,0.6238400936126709,
3008,0.40119749307632446,0.01085662841796875,0.4022827744483948,
3009,0.632745623588562,0.0147552490234375,0.6342209577560425,
3010,0.6604171991348267,0.01406097412109375,0.6618229150772095,
3011,0.6941177248954773,0.01351165771484375,0.695469081401825,
3012,0.7620509266853333,0.0176239013671875,0.763813316822052,
3013,0.6831039786338806,0.01506805419921875,0.6846107840538025,
3014,1.0641592741012573,0.0164947509765625,1.0658091306686401,
3015,0.9917387962341309,0.019805908203125,0.9937186241149902,
3016,0.8233782052993774,0.016571044921875,0.8250356912612915,
3017,0.9182826280593872,0.0181732177734375,0.9201003313064575,
3018,0.3764626085758209,0.0156707763671875,0.3780294954776764,
3019,0.49809569120407104,0.01611328125,0.4997074007987976,
3020,1.1347064971923828,0.02227783203125,1.1369342803955078,
3021,0.5872125029563904,0.016632080078125,0.5888757109642029,
3022,0.6150082349777222,0.0206756591796875,0.6170758008956909,
3023,0.4339956045150757,0.01555633544921875,0.4355510473251343,
3024,0.6064871549606323,0.02142333984375,0.6086291074752808,
3025,0.42425641417503357,0.0124053955078125,0.4254971444606781,
3026,0.4905163049697876,0.0141754150390625,0.4919334650039673,
3027,0.5141831636428833,0.01454925537109375,0.5156384706497192,
3028,0.4415806829929352,0.0126800537109375,0.4428490698337555,
3029,0.7418623566627502,0.017181396484375,0.7435808777809143,
3030,0.3312666416168213,0.011383056640625,0.33240532875061035,
3031,0.47721216082572937,0.0195770263671875,0.479169100522995,
3032,0.7248154878616333,0.0218048095703125,0.726995587348938,
3033,0.45260223746299744,0.01367950439453125,0.453969806432724,
3034,0.4994800388813019,0.0160675048828125,0.501086950302124,
3035,0.6282148957252502,0.01995849609375,0.6302099823951721,
3036,0.3115295469760895,0.0129547119140625,0.31282463669776917,
3037,0.4064047634601593,0.010345458984375,0.4074395000934601,
3038,0.541014552116394,0.01503753662109375,0.5425184965133667,
3039,0.27867236733436584,0.0086669921875,0.2795392572879791,
3040,0.6003696322441101,0.016937255859375,0.6020633578300476,
3041,0.5280243158340454,0.021240234375,0.5301491022109985,
3042,0.5651056170463562,0.0160675048828125,0.5667125582695007,
3043,0.431205153465271,0.0143890380859375,0.432644248008728,
3044,1.0422874689102173,0.0195159912109375,1.0442386865615845,
3045,0.5253834128379822,0.01213836669921875,0.5265974402427673,
3046,0.8238682150840759,0.0136260986328125,0.8252310156822205,
3047,0.4829728305339813,0.0130462646484375,0.4842774569988251,
3048,0.907757580280304,0.017852783203125,0.9095428586006165,
3049,0.5100590586662292,0.0119781494140625,0.5112568736076355,
3050,0.5064557790756226,0.0189361572265625,0.5083497762680054,
3051,0.6981686353683472,0.021697998046875,0.7003391981124878,
3052,0.7123074531555176,0.0210113525390625,0.714409351348877,
3053,0.5194332599639893,0.01959228515625,0.5213921070098877,
3054,0.40399909019470215,0.0167083740234375,0.4056699275970459,
3055,0.4161205589771271,0.0178070068359375,0.41790106892585754,
3056,0.3464181125164032,0.01303863525390625,0.34772178530693054,
3057,0.27079281210899353,0.012176513671875,0.2720106542110443,
3058,0.5226902961730957,0.0189208984375,0.5245823860168457,
3059,0.7326198220252991,0.0222930908203125,0.7348495125770569,
3060,0.8291634321212769,0.02728271484375,0.8318909406661987,
3061,0.7112197875976562,0.024383544921875,0.7136573791503906,
3062,0.699375331401825,0.0218658447265625,0.7015611529350281,
3063,1.2747204303741455,0.029083251953125,1.2776291370391846,
3064,0.3733956217765808,0.0122833251953125,0.37462395429611206,
3065,1.2592219114303589,0.0259552001953125,1.2618178129196167,
3066,0.5915560126304626,0.0200653076171875,0.5935625433921814,
3067,0.5871462225914001,0.01812744140625,0.5889591574668884,
3068,0.5413656234741211,0.01800537109375,0.5431661605834961,
3069,0.7923839092254639,0.0203704833984375,0.7944209575653076,
3070,0.2527630627155304,0.0113983154296875,0.25390270352363586,
3071,0.5921093821525574,0.01971435546875,0.5940815806388855,
3072,1.0396145582199097,0.02099609375,1.0417145490646362,
3073,0.5446241497993469,0.018280029296875,0.5464523434638977,
3074,0.6437909007072449,0.01497650146484375,0.6452881693840027,
3075,0.5081785917282104,0.0167083740234375,0.5098494291305542,
3076,0.46075505018234253,0.0175628662109375,0.46251171827316284,
3077,0.8519036173820496,0.0197296142578125,0.8538758158683777,
3078,0.6160313487052917,0.01094818115234375,0.6171261668205261,
3079,0.6009398102760315,0.0126953125,0.6022091507911682,
3080,0.2839513421058655,0.0110321044921875,0.2850547432899475,
3081,0.40882378816604614,0.01201629638671875,0.410025417804718,
3082,0.4163669943809509,0.01114654541015625,0.41748183965682983,
3083,0.4375697672367096,0.0109405517578125,0.43866363167762756,
3084,0.7529156804084778,0.017333984375,0.7546494603157043,
3085,0.7120816707611084,0.016204833984375,0.7137019634246826,
3086,0.4757721722126007,0.011932373046875,0.4769652187824249,
3087,0.7714259624481201,0.0131072998046875,0.7727363109588623,
3088,0.7633940577507019,0.01543426513671875,0.7649371027946472,
3089,0.46737512946128845,0.01338958740234375,0.4687140882015228,
3090,0.4924597442150116,0.00887298583984375,0.4933471381664276,
3091,1.0864630937576294,0.0186614990234375,1.0883294343948364,
3092,0.7687205672264099,0.0151519775390625,0.7702359557151794,
3093,0.5699970722198486,0.0167236328125,0.5716698169708252,
3094,0.5981909036636353,0.0169525146484375,0.5998865365982056,
3095,0.5419605374336243,0.0109405517578125,0.5430544018745422,
3096,0.58706134557724,0.0142364501953125,0.5884851813316345,
3097,0.26514744758605957,0.00896453857421875,0.26604390144348145,
3098,0.6659557223320007,0.01483917236328125,0.6674396395683289,
3099,1.079052448272705,0.0233612060546875,1.0813889503479004,
3100,0.35934409499168396,0.01239013671875,0.3605829179286957,
3101,0.4312721788883209,0.01441192626953125,0.43271318078041077,
3102,0.3027069568634033,0.007587432861328125,0.3034656047821045,
3103,1.0399956703186035,0.020294189453125,1.042025089263916,
3104,0.8199295997619629,0.0196380615234375,0.8218941688537598,
3105,1.1014862060546875,0.0168304443359375,1.1031694412231445,
3106,0.6212804913520813,0.012725830078125,0.6225526928901672,
3107,0.6624961495399475,0.0174713134765625,0.6642432808876038,
3108,1.1049833297729492,0.0166473388671875,1.1066484451293945,
3109,0.7910573482513428,0.01305389404296875,0.7923629283905029,
3110,0.4950086772441864,0.0093994140625,0.49594852328300476,
3111,0.4549822509288788,0.0102081298828125,0.45600268244743347,
3112,0.7905423641204834,0.02362060546875,0.7929036617279053,
3113,0.44149595499038696,0.0113677978515625,0.4426327347755432,
3114,0.7513943910598755,0.0201263427734375,0.7534066438674927,
3115,0.4651801586151123,0.01328277587890625,0.4665086269378662,
3116,0.8359782695770264,0.0164947509765625,0.8376281261444092,
3117,1.0360966920852661,0.0180816650390625,1.0379048585891724,
3118,0.69618159532547,0.0139617919921875,0.6975777745246887,
3119,0.5046306848526001,0.0144805908203125,0.5060783624649048,
3120,0.254228800535202,0.00972747802734375,0.2552015483379364,
3121,0.6860431432723999,0.0154876708984375,0.6875919103622437,
3122,1.01280677318573,0.020721435546875,1.0148781538009644,
3123,0.7176131010055542,0.0184173583984375,0.7194546461105347,
3124,0.6489743590354919,0.017578125,0.6507319808006287,
3125,0.22173438966274261,0.00753021240234375,0.22248731553554535,
3126,0.7260459065437317,0.0171051025390625,0.7277567982673645,
3127,0.6091123819351196,0.01296234130859375,0.6104084253311157,
3128,0.5884249210357666,0.019256591796875,0.5903503894805908,
3129,0.48252353072166443,0.01183319091796875,0.4837070405483246,
3130,0.7048124074935913,0.01444244384765625,0.7062562704086304,
3131,0.8863020539283752,0.01364898681640625,0.8876667618751526,
3132,0.6775711178779602,0.016632080078125,0.6792343258857727,
3133,0.6877331137657166,0.0180816650390625,0.6895412802696228,
3134,0.6234789490699768,0.012786865234375,0.6247578263282776,
3135,0.7439050674438477,0.0159454345703125,0.7454996109008789,
3136,0.7339795827865601,0.016693115234375,0.735648512840271,
3137,0.4937167763710022,0.0141448974609375,0.49513107538223267,
3138,0.5748729109764099,0.0142822265625,0.5763015151023865,
3139,1.0987032651901245,0.0214996337890625,1.1008528470993042,
3140,0.8619049191474915,0.018341064453125,0.8637388348579407,
3141,0.6216315627098083,0.0127716064453125,0.6229085326194763,
3142,0.6639596819877625,0.01313018798828125,0.6652728915214539,
3143,0.42732498049736023,0.01287841796875,0.42861244082450867,
3144,0.8476224541664124,0.023712158203125,0.8499932885169983,
3145,0.7067847847938538,0.01236724853515625,0.7080217003822327,
3146,0.7296326160430908,0.024749755859375,0.7321083545684814,
3147,1.1424156427383423,0.020416259765625,1.1444565057754517,
3148,0.7623794674873352,0.019439697265625,0.7643230557441711,
3149,0.23714658617973328,0.011749267578125,0.23832151293754578,
3150,0.4515020251274109,0.01171112060546875,0.45267313718795776,
3151,0.8818752765655518,0.021759033203125,0.8840515613555908,
3152,0.8381528258323669,0.016998291015625,0.8398522734642029,
3153,0.47678130865097046,0.01372528076171875,0.47815364599227905,
3154,0.4367154836654663,0.01403045654296875,0.4381183385848999,
3155,0.94089275598526,0.01898193359375,0.9427905678749084,
3156,0.7612048983573914,0.0185089111328125,0.7630559802055359,
3157,1.2048157453536987,0.0277252197265625,1.207589030265808,
3158,0.6487674117088318,0.01407623291015625,0.6501750349998474,
3159,0.49591153860092163,0.0145111083984375,0.49736303091049194,
3160,0.8898937106132507,0.024261474609375,0.8923198580741882,
3161,0.35670924186706543,0.01300048828125,0.35800909996032715,
3162,0.7982250452041626,0.0186004638671875,0.8000847101211548,
3163,0.518860936164856,0.01462554931640625,0.5203238725662231,
3164,0.53379225730896,0.01507568359375,0.5353000164031982,
3165,1.1881657838821411,0.0237579345703125,1.1905423402786255,
3166,0.7021776437759399,0.01953125,0.7041307687759399,
3167,0.9364109635353088,0.0205535888671875,0.9384670853614807,
3168,0.5217549204826355,0.0196380615234375,0.5237194895744324,
3169,0.7194477915763855,0.022491455078125,0.7216965556144714,
3170,0.6172584891319275,0.01654052734375,0.6189121603965759,
3171,0.6618789434432983,0.0157623291015625,0.6634553670883179,
3172,0.3446827232837677,0.01436614990234375,0.3461189568042755,
3173,0.5909585952758789,0.0158233642578125,0.5925407409667969,
3174,0.40084072947502136,0.02520751953125,0.4033622443675995,
3175,0.6200700998306274,0.01548004150390625,0.6216179132461548,
3176,0.5662864446640015,0.0170745849609375,0.5679935216903687,
3177,0.5773835182189941,0.017486572265625,0.5791325569152832,
3178,0.6865059733390808,0.01541900634765625,0.6880480647087097,
3179,0.7887582778930664,0.019561767578125,0.790715217590332,
3180,0.5900508761405945,0.0142364501953125,0.591474711894989,
3181,0.874213695526123,0.0200653076171875,0.8762202262878418,
3182,0.5181894302368164,0.0173187255859375,0.5199213027954102,
3183,0.5459088683128357,0.01393890380859375,0.5473031401634216,
3184,0.4700903594493866,0.0157470703125,0.4716648757457733,
3185,1.0384223461151123,0.0195159912109375,1.0403735637664795,
3186,0.8571563363075256,0.0210113525390625,0.859258234500885,
3187,0.901116132736206,0.0181427001953125,0.9029300212860107,
3188,0.5420581698417664,0.0157928466796875,0.5436374545097351,
3189,0.4639502763748169,0.01447296142578125,0.4653979539871216,
3190,0.41253259778022766,0.007732391357421875,0.41330602765083313,
3191,0.4340866804122925,0.01605224609375,0.4356917142868042,
3192,0.6565808653831482,0.0186309814453125,0.658444344997406,
3193,0.6834917664527893,0.0208282470703125,0.6855745911598206,
3194,0.6574335098266602,0.019622802734375,0.6593961715698242,
3195,0.6801373362541199,0.0164337158203125,0.6817805171012878,
3196,0.7176145315170288,0.016510009765625,0.719265341758728,
3197,0.7699708938598633,0.0158538818359375,0.7715559005737305,
3198,0.4622891843318939,0.01502227783203125,0.46379122138023376,
3199,0.6067057847976685,0.01419830322265625,0.6081258058547974,
3200,1.2752221822738647,0.0308990478515625,1.278312087059021,
3201,0.7516314387321472,0.0212249755859375,0.7537543177604675,
3202,0.9100819230079651,0.02093505859375,0.9121761918067932,
3203,0.6768099069595337,0.0170135498046875,0.6785112619400024,
3204,0.9831921458244324,0.0193023681640625,0.9851223826408386,
3205,0.44253334403038025,0.0172576904296875,0.44425949454307556,
3206,0.27625226974487305,0.0194091796875,0.27819299697875977,
3207,0.4744107723236084,0.021087646484375,0.476520299911499,
3208,0.5801076292991638,0.01513671875,0.5816211104393005,
3209,1.0047800540924072,0.020477294921875,1.0068285465240479,
3210,1.2652771472930908,0.0231475830078125,1.2675926685333252,
3211,0.7292417287826538,0.0161285400390625,0.7308543920516968,
3212,0.8938246965408325,0.0181427001953125,0.8956385850906372,
3213,0.28849780559539795,0.00731658935546875,0.28922927379608154,
3214,0.754953920841217,0.014434814453125,0.7563977837562561,
3215,1.134097933769226,0.0219879150390625,1.1362971067428589,
3216,0.656348705291748,0.0137176513671875,0.6577200889587402,
3217,0.7603899836540222,0.0187530517578125,0.7622649073600769,
3218,0.6396952867507935,0.018829345703125,0.6415778398513794,
3219,0.7972306609153748,0.02001953125,0.7992333769798279,
3220,0.3853490948677063,0.0146484375,0.3868139386177063,
3221,0.6588783264160156,0.0178680419921875,0.6606655120849609,
3222,0.7466975450515747,0.015716552734375,0.7482692003250122,
3223,0.9382424354553223,0.02520751953125,0.9407639503479004,
3224,0.6246305108070374,0.017425537109375,0.6263728737831116,
3225,0.36613190174102783,0.01445770263671875,0.3675776720046997,
3226,0.721229076385498,0.0213775634765625,0.7233672142028809,
3227,1.0124773979187012,0.023956298828125,1.0148730278015137,
3228,0.7609521746635437,0.015472412109375,0.7624990344047546,
3229,0.9034204483032227,0.0172119140625,0.9051418304443359,
3230,0.932788610458374,0.02203369140625,0.9349915981292725,
3231,0.6163980960845947,0.0202789306640625,0.6184256076812744,
3232,0.291511207818985,0.01233673095703125,0.2927452623844147,
3233,0.6761682629585266,0.01806640625,0.6779745221138,
3234,0.5142756700515747,0.01140594482421875,0.5154162645339966,
3235,0.7410773634910583,0.016693115234375,0.7427462935447693,
3236,0.6165878772735596,0.0177154541015625,0.6183598041534424,
3237,0.8992962837219238,0.02130126953125,0.9014267921447754,
3238,0.6315763592720032,0.01488494873046875,0.6330650448799133,
3239,0.6762891411781311,0.014892578125,0.6777787804603577,
3240,0.7498579025268555,0.0212554931640625,0.7519826889038086,
3241,0.32218340039253235,0.0134735107421875,0.3235309422016144,
3242,0.5098503828048706,0.0155181884765625,0.5114020109176636,
3243,0.3812958300113678,0.0133209228515625,0.38262811303138733,
3244,0.6965292692184448,0.0182342529296875,0.6983526945114136,
3245,0.6140990257263184,0.01849365234375,0.6159482002258301,
3246,0.9701922535896301,0.019317626953125,0.9721243977546692,
3247,0.636570394039154,0.0179595947265625,0.638366162776947,
3248,0.6505817174911499,0.0164031982421875,0.6522220373153687,
3249,0.5900130271911621,0.0151519775390625,0.5915284156799316,
3250,0.8285551071166992,0.0239715576171875,0.8309526443481445,
3251,0.45337891578674316,0.01221466064453125,0.45460057258605957,
3252,0.4689030051231384,0.0179443359375,0.470697820186615,
3253,0.420835942029953,0.0140838623046875,0.42224451899528503,
3254,0.8491674661636353,0.0203857421875,0.8512064218521118,
3255,0.8227906227111816,0.0176849365234375,0.8245587348937988,
3256,0.41863560676574707,0.009185791015625,0.4195539951324463,
3257,0.33808186650276184,0.0128173828125,0.33936360478401184,
3258,0.5470353960990906,0.016876220703125,0.5487233996391296,
3259,0.3561467230319977,0.01111602783203125,0.35725870728492737,
3260,0.5776084065437317,0.0135040283203125,0.5789588093757629,
3261,0.352536678314209,0.01262664794921875,0.35379934310913086,
3262,0.6539834141731262,0.01776123046875,0.6557591557502747,
3263,0.38562849164009094,0.013702392578125,0.3869989216327667,
3264,0.7097416520118713,0.01806640625,0.7115479111671448,
3265,0.3694166839122772,0.01374053955078125,0.37079092860221863,
3266,0.5577201843261719,0.01525115966796875,0.5592451095581055,
3267,0.4249414801597595,0.00907135009765625,0.42584842443466187,
3268,0.7560579776763916,0.01580810546875,0.7576391696929932,
3269,0.9176977276802063,0.021453857421875,0.9198434948921204,
3270,0.7536541223526001,0.0178375244140625,0.7554374933242798,
3271,0.3285929560661316,0.0107879638671875,0.32967156171798706,
3272,1.0404833555221558,0.0176544189453125,1.0422486066818237,
3273,0.6082152128219604,0.0214996337890625,0.6103647947311401,
3274,0.4557487368583679,0.011871337890625,0.4569360613822937,
3275,0.5120341181755066,0.0131988525390625,0.5133540034294128,
3276,0.40021198987960815,0.0145721435546875,0.4016692042350769,
3277,1.2316876649856567,0.01953125,1.2336407899856567,
3278,0.5066744685173035,0.01189422607421875,0.5078637003898621,
3279,1.2082901000976562,0.0208740234375,1.2103767395019531,
3280,0.48738378286361694,0.01226806640625,0.4886102080345154,
3281,0.3913207948207855,0.01092529296875,0.3924137055873871,
3282,0.5055437088012695,0.0165557861328125,0.5071992874145508,
3283,0.2867925763130188,0.012176513671875,0.2880104184150696,
3284,0.9901935458183289,0.0199737548828125,0.9921905398368835,
3285,0.7414337396621704,0.0154571533203125,0.7429796457290649,
3286,0.7809910178184509,0.016326904296875,0.7826237082481384,
3287,0.8387690186500549,0.0185089111328125,0.8406201004981995,
3288,0.49804165959358215,0.0167388916015625,0.4997153580188751,
3289,0.8109317421913147,0.0198211669921875,0.8129134774208069,
3290,0.5010592937469482,0.013824462890625,0.5024421215057373,
3291,0.7893394231796265,0.0192718505859375,0.7912667989730835,
3292,0.46796315908432007,0.0163726806640625,0.4696006178855896,
3293,0.6724756360054016,0.0180511474609375,0.6742809414863586,
3294,0.6100196242332458,0.01509857177734375,0.6115292906761169,
3295,0.6718774437904358,0.0167236328125,0.6735501885414124,
3296,0.5017883777618408,0.01226043701171875,0.5030148029327393,
3297,0.6622872948646545,0.0190277099609375,0.664189875125885,
3298,0.605618417263031,0.018035888671875,0.6074218153953552,
3299,1.014657974243164,0.02105712890625,1.016763687133789,
3300,0.30030205845832825,0.01152801513671875,0.3014550507068634,
3301,0.803486168384552,0.016143798828125,0.8051007390022278,
3302,1.1010918617248535,0.0238800048828125,1.1034798622131348,
3303,0.35548070073127747,0.0134735107421875,0.3568282425403595,
3304,0.6075184345245361,0.01593017578125,0.6091110706329346,
3305,0.31990331411361694,0.012115478515625,0.3211144804954529,
3306,0.9804232120513916,0.019744873046875,0.9823973178863525,
3307,0.55256187915802,0.019744873046875,0.554535984992981,
3308,0.5999232530593872,0.0171966552734375,0.6016427278518677,
3309,0.7557127475738525,0.0160675048828125,0.7573196887969971,
3310,0.5428357720375061,0.020111083984375,0.5448461174964905,
3311,0.5337839126586914,0.016082763671875,0.5353918075561523,
3312,0.8485421538352966,0.01910400390625,0.8504523634910583,
3313,0.8229201436042786,0.0177154541015625,0.8246920704841614,
3314,0.4936095178127289,0.01220703125,0.4948302209377289,
3315,0.4107813239097595,0.0207366943359375,0.4128546118736267,
3316,0.3002322018146515,0.015350341796875,0.30176761746406555,
3317,0.7881798148155212,0.0137176513671875,0.7895511984825134,
3318,0.5104113221168518,0.01507568359375,0.5119190812110901,
3319,0.5194578766822815,0.0147705078125,0.5209351181983948,
3320,0.7329788208007812,0.01522064208984375,0.7345008850097656,
3321,0.778580904006958,0.01678466796875,0.780259370803833,
3322,0.5199311375617981,0.0163726806640625,0.5215685963630676,
3323,0.6261257529258728,0.01702880859375,0.6278290152549744,
3324,0.39500996470451355,0.01690673828125,0.39670082926750183,
3325,1.3319536447525024,0.0254058837890625,1.3344942331314087,
3326,0.570144772529602,0.0164947509765625,0.5717946290969849,
3327,0.6456602215766907,0.0168304443359375,0.6473434567451477,
3328,0.4393940567970276,0.0142669677734375,0.44082075357437134,
3329,0.42803865671157837,0.0121307373046875,0.4292517304420471,
3330,0.983785092830658,0.0170745849609375,0.9854921698570251,
3331,0.8933930993080139,0.0203399658203125,0.895426332950592,
3332,0.7370682954788208,0.0172271728515625,0.7387906312942505,
3333,0.46443745493888855,0.0131683349609375,0.4657544791698456,
3334,0.8402020931243896,0.015777587890625,0.8417794704437256,
3335,0.5473138689994812,0.014373779296875,0.5487510561943054,
3336,0.6634775400161743,0.0206146240234375,0.6655393838882446,
3337,0.754212498664856,0.015167236328125,0.7557288408279419,
3338,0.43801841139793396,0.017120361328125,0.4397302567958832,
3339,0.3754674792289734,0.0191802978515625,0.37738531827926636,
3340,0.5952885150909424,0.015472412109375,0.5968353748321533,
3341,0.43071815371513367,0.0142669677734375,0.4321448504924774,
3342,0.6914983987808228,0.0188446044921875,0.6933828592300415,
3343,0.42002633213996887,0.01377105712890625,0.4214034378528595,
3344,0.6221948266029358,0.0137939453125,0.6235738396644592,
3345,0.8171949982643127,0.0169525146484375,0.8188906311988831,
3346,0.6695596575737,0.01873779296875,0.6714336276054382,
3347,0.4349362254142761,0.0179595947265625,0.4367319941520691,
3348,0.6840183138847351,0.01861572265625,0.6858798861503601,
3349,0.6574453711509705,0.01320648193359375,0.6587662100791931,
3350,0.5195212960243225,0.0129852294921875,0.5208202004432678,
3351,0.37438279390335083,0.0175018310546875,0.3761327862739563,
3352,0.7052791118621826,0.02020263671875,0.707298994064331,
3353,0.4566061794757843,0.012359619140625,0.4578421413898468,
3354,0.893015444278717,0.0199127197265625,0.8950067162513733,
3355,0.3249913156032562,0.01317596435546875,0.32630929350852966,
3356,0.461355060338974,0.013519287109375,0.46270737051963806,
3357,0.7413063645362854,0.0189666748046875,0.7432032227516174,
3358,0.6008352637290955,0.0168304443359375,0.6025184988975525,
3359,0.9012704491615295,0.01403045654296875,0.9026733040809631,
3360,0.6786749958992004,0.01444244384765625,0.6801188588142395,
3361,0.5644465684890747,0.01264190673828125,0.5657111406326294,
3362,0.6505836844444275,0.01666259765625,0.6522497534751892,
3363,0.7815639972686768,0.01436614990234375,0.7830002307891846,
3364,0.7115463018417358,0.015960693359375,0.7131427526473999,
3365,0.5526344776153564,0.01305389404296875,0.5539400577545166,
3366,0.3248562812805176,0.007274627685546875,0.32558393478393555,
3367,0.34819716215133667,0.011444091796875,0.34934157133102417,
3368,0.6173569560050964,0.01214599609375,0.618571937084198,
3369,0.8969122767448425,0.0199127197265625,0.8989035487174988,
3370,0.6471621990203857,0.01007080078125,0.6481692790985107,
3371,0.3872673213481903,0.007419586181640625,0.38800927996635437,
3372,1.313739538192749,0.0205230712890625,1.3157918453216553,
3373,0.4542793333530426,0.0133819580078125,0.45561733841896057,
3374,0.3289543688297272,0.01047515869140625,0.33000150322914124,
3375,0.9140846133232117,0.0185089111328125,0.9159356951713562,
3376,1.1339075565338135,0.020782470703125,1.135986566543579,
3377,0.4225858151912689,0.0094451904296875,0.4235304296016693,
3378,0.6860225200653076,0.0175933837890625,0.6877820491790771,
3379,0.43713849782943726,0.01123809814453125,0.4382619261741638,
3380,1.016473650932312,0.018798828125,1.0183533430099487,
3381,0.5110134482383728,0.01165771484375,0.5121788382530212,
3382,0.842158854007721,0.0204925537109375,0.8442073464393616,
3383,0.5854307413101196,0.01374053955078125,0.586804986000061,
3384,0.6233757734298706,0.0157318115234375,0.6249493360519409,
3385,0.6564548015594482,0.0165252685546875,0.6581075191497803,
3386,0.4866963028907776,0.01047515869140625,0.48774343729019165,
3387,0.6717261672019958,0.0231781005859375,0.674043595790863,
3388,0.6589868664741516,0.01654052734375,0.6606405377388,
3389,0.38786181807518005,0.01438140869140625,0.3892999589443207,
3390,0.4011611044406891,0.01263427734375,0.40242472290992737,
3391,0.37155967950820923,0.01004791259765625,0.3725648522377014,
3392,0.44503849744796753,0.017242431640625,0.44676274061203003,
3393,0.9221813678741455,0.0224609375,0.9244282245635986,
3394,0.41798579692840576,0.0129241943359375,0.41927802562713623,
3395,0.8543418049812317,0.01480865478515625,0.8558228611946106,
3396,0.5778502225875854,0.01445770263671875,0.5792959928512573,
3397,0.6907845735549927,0.0138397216796875,0.6921683549880981,
3398,0.906842827796936,0.015380859375,0.9083811044692993,
3399,0.9762362837791443,0.015472412109375,0.9777831435203552,
3400,0.579365611076355,0.01535797119140625,0.580901026725769,
3401,0.8331526517868042,0.016845703125,0.8348368406295776,
3402,0.587512195110321,0.01226806640625,0.5887386202812195,
3403,0.3260320723056793,0.0133056640625,0.32736244797706604,
3404,0.6959226131439209,0.01479339599609375,0.697401762008667,
3405,0.7263703346252441,0.0115966796875,0.7275300025939941,
3406,0.6323456168174744,0.012176513671875,0.6335634589195251,
3407,0.8044931888580322,0.0179901123046875,0.8062918186187744,
3408,0.7684292197227478,0.0152740478515625,0.7699570059776306,
3409,0.33009010553359985,0.0097808837890625,0.33106857538223267,
3410,0.2899785339832306,0.006999969482421875,0.2906785309314728,
3411,0.6022462248802185,0.01418304443359375,0.6036643385887146,
3412,0.750644326210022,0.01493072509765625,0.7521377801895142,
3413,0.4950142502784729,0.0166473388671875,0.4966793656349182,
3414,0.5384050011634827,0.01456451416015625,0.539861261844635,
3415,0.5468447804450989,0.0144195556640625,0.5482867360115051,
3416,1.04300057888031,0.02081298828125,1.0450814962387085,
3417,0.6890295147895813,0.01551055908203125,0.6905801892280579,
3418,0.6037946939468384,0.0186309814453125,0.6056581735610962,
3419,0.6839131712913513,0.02069091796875,0.6859826445579529,
3420,0.6872310042381287,0.013916015625,0.6886224150657654,
3421,0.585919201374054,0.014495849609375,0.5873687863349915,
3422,0.3744039237499237,0.01558685302734375,0.3759622275829315,
3423,0.7206534743309021,0.01459503173828125,0.7221125960350037,
3424,0.49550050497055054,0.01029205322265625,0.4965295195579529,
3425,0.5041954517364502,0.01300048828125,0.5054953098297119,
3426,0.4261365830898285,0.01100921630859375,0.4272371232509613,
3427,0.37098318338394165,0.0139312744140625,0.3723765015602112,
3428,0.37400907278060913,0.0126800537109375,0.37527745962142944,
3429,0.341695100069046,0.00909423828125,0.3426044285297394,
3430,0.9416418075561523,0.0139312744140625,0.9430351257324219,
3431,0.3785723149776459,0.00989532470703125,0.37956222891807556,
3432,0.2387683242559433,0.00994873046875,0.23976300656795502,
3433,0.5554749965667725,0.0126495361328125,0.5567395687103271,
3434,0.4742653965950012,0.01349639892578125,0.47561484575271606,
3435,0.361782431602478,0.00876617431640625,0.36265885829925537,
3436,0.8310517072677612,0.020263671875,0.8330773115158081,
3437,0.3724197447299957,0.01165008544921875,0.37358513474464417,
3438,0.5258482694625854,0.0187835693359375,0.5277270078659058,
3439,0.7856178879737854,0.019256591796875,0.7875433564186096,
3440,0.5375678539276123,0.014678955078125,0.5390355587005615,
3441,0.7997236251831055,0.0176544189453125,0.8014888763427734,
3442,0.7404933571815491,0.0181121826171875,0.7423043847084045,
3443,0.9881482124328613,0.01654052734375,0.9898018836975098,
3444,0.28383544087409973,0.00856781005859375,0.28469231724739075,
3445,0.5709133744239807,0.0156402587890625,0.572477400302887,
3446,0.7015095949172974,0.0161285400390625,0.7031222581863403,
3447,0.4151339530944824,0.01190948486328125,0.41632509231567383,
3448,0.6283507943153381,0.0183868408203125,0.6301894783973694,
3449,1.068603515625,0.0172882080078125,1.0703325271606445,
3450,0.7018975615501404,0.0157623291015625,0.7034739851951599,
3451,1.02005934715271,0.0163116455078125,1.0216901302337646,
3452,0.4832223057746887,0.01531982421875,0.48475390672683716,
3453,0.36964675784111023,0.011138916015625,0.37076064944267273,
3454,0.6539893746376038,0.0170440673828125,0.6556935906410217,
3455,0.8044750690460205,0.0205841064453125,0.8065330982208252,
3456,0.576951265335083,0.0186309814453125,0.5788147449493408,
3457,0.3093310296535492,0.01080322265625,0.3104115426540375,
3458,0.6202961206436157,0.0188446044921875,0.6221805810928345,
3459,0.568162202835083,0.01461029052734375,0.5696232318878174,
3460,0.6422948837280273,0.01983642578125,0.6442785263061523,
3461,0.8433794975280762,0.0155792236328125,0.844937801361084,
3462,1.008859634399414,0.022613525390625,1.0111217498779297,
3463,0.5649155974388123,0.0185546875,0.5667714476585388,
3464,0.5951772332191467,0.0169830322265625,0.5968757271766663,
3465,0.7883253693580627,0.017181396484375,0.7900438904762268,
3466,0.8963201642036438,0.016326904296875,0.8979528546333313,
3467,0.41883885860443115,0.01763916015625,0.4206031560897827,
3468,0.7669085264205933,0.0158843994140625,0.7684973478317261,
3469,0.5107977390289307,0.023040771484375,0.5131018161773682,
3470,0.74700528383255,0.01410675048828125,0.7484157681465149,
3471,0.7792980670928955,0.0174102783203125,0.7810394763946533,
3472,0.402404248714447,0.00946044921875,0.403350293636322,
3473,0.5051385760307312,0.01294708251953125,0.5064336657524109,
3474,0.5853965282440186,0.0179290771484375,0.5871894359588623,
3475,0.42944085597991943,0.01409912109375,0.43085038661956787,
3476,0.9006131291389465,0.016204833984375,0.9022334218025208,
3477,0.4515575170516968,0.00946044921875,0.4525035619735718,
3478,0.5028548240661621,0.0131988525390625,0.5041747093200684,
3479,0.8965070247650146,0.019195556640625,0.8984267711639404,
3480,0.4314731955528259,0.01525115966796875,0.4329981207847595,
3481,0.35626932978630066,0.0152740478515625,0.35779711604118347,
3482,0.5626270174980164,0.01511383056640625,0.5641385912895203,
3483,0.5042774081230164,0.01200103759765625,0.5054771304130554,
3484,0.7861446142196655,0.017181396484375,0.7878631353378296,
3485,0.6041961312294006,0.0169219970703125,0.6058879494667053,
3486,0.3409108817577362,0.009796142578125,0.3418903052806854,
3487,0.46454644203186035,0.01629638671875,0.46617627143859863,
3488,0.6524280905723572,0.0167999267578125,0.654108464717865,
3489,0.4399517774581909,0.01468658447265625,0.44142043590545654,
3490,0.40309205651283264,0.01113128662109375,0.40420499444007874,
3491,0.4460313022136688,0.0189361572265625,0.44792529940605164,
3492,0.40031951665878296,0.01309967041015625,0.40162986516952515,
3493,0.4758755564689636,0.01425933837890625,0.47730129957199097,
3494,0.5400564670562744,0.011077880859375,0.5411646366119385,
3495,0.4007275402545929,0.01526641845703125,0.4022543728351593,
3496,0.8982567191123962,0.013916015625,0.899648129940033,
3497,0.28477445244789124,0.007808685302734375,0.28555551171302795,
3498,0.5696982145309448,0.01317596435546875,0.5710161924362183,
3499,0.5960218906402588,0.01331329345703125,0.5973532199859619,
3500,0.3895242512226105,0.012786865234375,0.39080312848091125,
3501,0.8170807957649231,0.0196533203125,0.81904536485672,
3502,0.386894166469574,0.0138702392578125,0.38828080892562866,
3503,0.602730393409729,0.01528167724609375,0.6042581796646118,
3504,0.6513140201568604,0.0188751220703125,0.6532013416290283,
3505,0.5297532081604004,0.0159759521484375,0.5313506126403809,
3506,0.4086441695690155,0.01061248779296875,0.40970560908317566,
3507,0.3132791817188263,0.0087127685546875,0.3141503632068634,
3508,0.5385176539421082,0.01480865478515625,0.5399987101554871,
3509,0.6743699312210083,0.0135498046875,0.6757251024246216,
3510,1.102437138557434,0.0211029052734375,1.1045466661453247,
3511,0.6758342981338501,0.017120361328125,0.6775461435317993,
3512,0.7486710548400879,0.019775390625,0.7506489753723145,
3513,0.24884876608848572,0.01195526123046875,0.25004467368125916,
3514,0.48100125789642334,0.01296234130859375,0.48229730129241943,
3515,0.4147148132324219,0.011474609375,0.4158620834350586,
3516,0.7152130603790283,0.0196685791015625,0.717179536819458,
3517,0.9042772650718689,0.019012451171875,0.906178891658783,
3518,0.5391809344291687,0.01535797119140625,0.5407163500785828,
3519,0.2909233868122101,0.01288604736328125,0.2922118008136749,
3520,0.4157383143901825,0.01629638671875,0.4173681437969208,
3521,0.8773740530014038,0.0187225341796875,0.8792461156845093,
3522,0.5929208993911743,0.0185546875,0.5947767496109009,
3523,0.7358048558235168,0.01605224609375,0.7374098896980286,
3524,0.7873805165290833,0.0207366943359375,0.7894538044929504,
3525,0.4387526214122772,0.012725830078125,0.44002482295036316,
3526,0.3871895670890808,0.0123748779296875,0.3884274363517761,
3527,0.589845597743988,0.01241302490234375,0.591087281703949,
3528,0.6939097046852112,0.0220489501953125,0.6961145997047424,
3529,0.7533589601516724,0.0166473388671875,0.7550240755081177,
3530,0.8752015233039856,0.0191192626953125,0.8771136403083801,
3531,0.6670132875442505,0.0162200927734375,0.6686354875564575,
3532,0.6405138373374939,0.017486572265625,0.642262876033783,
3533,1.0903273820877075,0.021575927734375,1.0924845933914185,
3534,0.5566895604133606,0.01499176025390625,0.5581887364387512,
3535,0.8400106430053711,0.018341064453125,0.8418445587158203,
3536,0.5524438619613647,0.01377105712890625,0.5538209676742554,
3537,0.5907000303268433,0.02130126953125,0.5928305387496948,
3538,0.5138716697692871,0.01548004150390625,0.5154194831848145,
3539,0.3517778217792511,0.01105499267578125,0.35288313031196594,
3540,0.5915375351905823,0.01120758056640625,0.5926581025123596,
3541,0.9302800297737122,0.0207672119140625,0.932357132434845,
3542,0.5149639844894409,0.0198974609375,0.5169533491134644,
3543,0.8018500804901123,0.01488494873046875,0.8033387660980225,
3544,0.8625811338424683,0.02117919921875,0.8646982908248901,
3545,0.7389192581176758,0.01904296875,0.7408237457275391,
3546,0.9353052377700806,0.01806640625,0.937111496925354,
3547,0.6529727578163147,0.01427459716796875,0.6544004082679749,
3548,0.3345014750957489,0.01142120361328125,0.3356439769268036,
3549,0.6278461813926697,0.01459503173828125,0.6293053030967712,
3550,0.6369743943214417,0.0136566162109375,0.6383400559425354,
3551,0.5775565505027771,0.018646240234375,0.5794209837913513,
3552,1.1751599311828613,0.0219879150390625,1.1773591041564941,
3553,0.6982049942016602,0.01373291015625,0.6995782852172852,
3554,0.3063897490501404,0.01451873779296875,0.3078412413597107,
3555,0.6753439903259277,0.017425537109375,0.677086353302002,
3556,0.6331691145896912,0.014923095703125,0.6346616148948669,
3557,0.43938660621643066,0.01064300537109375,0.44045090675354004,
3558,0.6805186867713928,0.0120391845703125,0.6817222237586975,
3559,0.7867458462715149,0.015655517578125,0.788311779499054,
3560,0.6251401901245117,0.0163726806640625,0.6267776489257812,
3561,0.8214811086654663,0.017486572265625,0.8232301473617554,
3562,0.4788476228713989,0.015350341796875,0.480383038520813,
3563,0.44250985980033875,0.0157470703125,0.44408437609672546,
3564,0.6661280393600464,0.0162506103515625,0.6677531003952026,
3565,0.7039703130722046,0.0142364501953125,0.7053941488265991,
3566,0.5501067638397217,0.0172882080078125,0.5518357753753662,
3567,0.3987334668636322,0.00846099853515625,0.39957937598228455,
3568,0.48111140727996826,0.012664794921875,0.48237788677215576,
3569,0.678292989730835,0.01546478271484375,0.6798398494720459,
3570,0.4924766421318054,0.0121002197265625,0.49368685483932495,
3571,0.34396398067474365,0.015167236328125,0.3454803228378296,
3572,0.4284696877002716,0.010345458984375,0.4295044243335724,
3573,0.9557113647460938,0.01934814453125,0.957646369934082,
3574,0.5719447135925293,0.0178680419921875,0.5737318992614746,
3575,0.6392623782157898,0.01322174072265625,0.6405841708183289,
3576,0.5922144055366516,0.01525115966796875,0.5937393307685852,
3577,0.4206673800945282,0.01090240478515625,0.42175742983818054,
3578,0.32538148760795593,0.01340484619140625,0.3267223536968231,
3579,0.6467135548591614,0.014312744140625,0.6481450200080872,
3580,0.5942589640617371,0.01085662841796875,0.5953442454338074,
3581,0.6011006236076355,0.0142669677734375,0.6025273203849792,
3582,0.6430039405822754,0.01436614990234375,0.6444401741027832,
3583,0.5578290224075317,0.01029205322265625,0.5588580369949341,
3584,0.45256975293159485,0.0121612548828125,0.4537856876850128,
3585,0.7657922506332397,0.015899658203125,0.767382025718689,
3586,0.7119758129119873,0.015716552734375,0.7135474681854248,
3587,1.0719280242919922,0.02130126953125,1.0740585327148438,
3588,0.9903282523155212,0.021514892578125,0.9924797415733337,
3589,0.9208336472511292,0.0226898193359375,0.923103392124176,
3590,0.6739161610603333,0.01374053955078125,0.6752904057502747,
3591,0.572523832321167,0.018768310546875,0.5744006633758545,
3592,0.7097122669219971,0.02008056640625,0.7117207050323486,
3593,0.6543256044387817,0.0162811279296875,0.6559535264968872,
3594,0.37445202469825745,0.0124053955078125,0.375692754983902,
3595,0.6091370582580566,0.018707275390625,0.6110081672668457,
3596,0.6534970998764038,0.02215576171875,0.6557134389877319,
3597,1.0026460886001587,0.02435302734375,1.0050817728042603,
3598,0.9534105658531189,0.0199737548828125,0.9554075598716736,
3599,0.6312281489372253,0.0198822021484375,0.633215606212616,
3600,0.2707850933074951,0.0151519775390625,0.27230048179626465,
3601,0.5821232199668884,0.019500732421875,0.5840734839439392,
3602,0.46434804797172546,0.01482391357421875,0.4658300578594208,
3603,0.6331541538238525,0.0248870849609375,0.6356432437896729,
3604,0.3877417743206024,0.01035308837890625,0.3887774646282196,
3605,0.3773547112941742,0.01126861572265625,0.3784819543361664,
3606,0.4109457731246948,0.0080108642578125,0.4117468595504761,
3607,0.48306721448898315,0.00982666015625,0.4840494990348816,
3608,0.5898759961128235,0.014251708984375,0.5913007855415344,
3609,0.77806156873703,0.018341064453125,0.7798954844474792,
3610,0.6482961773872375,0.0157470703125,0.6498706936836243,
3611,0.5547600388526917,0.0169830322265625,0.5564585328102112,
3612,0.4935189485549927,0.0135650634765625,0.49487507343292236,
3613,0.639836311340332,0.01593017578125,0.6414289474487305,
3614,1.1087028980255127,0.0174713134765625,1.110450029373169,
3615,1.0966585874557495,0.016632080078125,1.098321795463562,
3616,0.4568992853164673,0.01117706298828125,0.4580169916152954,
3617,0.8745282292366028,0.0163726806640625,0.8761656880378723,
3618,0.45462241768836975,0.01544189453125,0.45616641640663147,
3619,0.9339020252227783,0.01397705078125,0.9353001117706299,
3620,0.5132919549942017,0.0101776123046875,0.5143095254898071,
3621,1.0686278343200684,0.0222320556640625,1.0708518028259277,
3622,0.5602903366088867,0.0161895751953125,0.5619096755981445,
3623,0.612422525882721,0.01268768310546875,0.6136909127235413,
3624,0.6902503371238708,0.0119781494140625,0.6914481520652771,
3625,0.6372982263565063,0.01422882080078125,0.6387211084365845,
3626,0.7004610896110535,0.017242431640625,0.702185332775116,
3627,0.4289095401763916,0.0107421875,0.42998337745666504,
3628,0.541965901851654,0.018035888671875,0.5437692999839783,
3629,0.24880637228488922,0.005786895751953125,0.24938525259494781,
3630,1.1300792694091797,0.01861572265625,1.1319408416748047,
3631,0.910268247127533,0.02142333984375,0.9124101996421814,
3632,1.1521470546722412,0.018768310546875,1.1540238857269287,
3633,0.7993080019950867,0.020355224609375,0.8013431429862976,
3634,0.7356837391853333,0.019378662109375,0.7376216053962708,
3635,0.4517638087272644,0.0163116455078125,0.4533945918083191,
3636,0.4956778883934021,0.01372528076171875,0.4970502257347107,
3637,0.341846764087677,0.01512908935546875,0.3433592915534973,
3638,0.8140332698822021,0.01971435546875,0.8160054683685303,
3639,0.4604799151420593,0.013427734375,0.4618226885795593,
3640,0.7133417725563049,0.01413726806640625,0.714755117893219,
3641,0.8338923454284668,0.0154266357421875,0.8354353904724121,
3642,0.5217974185943604,0.017913818359375,0.5235884189605713,
3643,0.7178924083709717,0.014923095703125,0.7193849086761475,
3644,0.9770804643630981,0.0210113525390625,0.9791823625564575,
3645,0.9022647738456726,0.01447296142578125,0.9037124514579773,
3646,0.6660560965538025,0.0159454345703125,0.6676506400108337,
3647,0.5686913132667542,0.01267242431640625,0.5699587464332581,
3648,1.1670101881027222,0.0223541259765625,1.1692456007003784,
3649,0.9553104043006897,0.017730712890625,0.9570832848548889,
3650,0.800538182258606,0.0158538818359375,0.8021231889724731,
3651,1.279744029045105,0.022064208984375,1.281950831413269,
3652,0.500364363193512,0.0135955810546875,0.5017243027687073,
3653,0.9715065956115723,0.0153961181640625,0.973045825958252,
3654,0.4989704191684723,0.0161285400390625,0.5005830526351929,
3655,0.7595369815826416,0.0161895751953125,0.7611563205718994,
3656,0.32512718439102173,0.01035308837890625,0.3261628746986389,
3657,0.9563444256782532,0.0178680419921875,0.9581316113471985,
3658,0.8563210964202881,0.0169677734375,0.8580176830291748,
3659,0.8250988125801086,0.0162200927734375,0.8267210125923157,
3660,0.7768118977546692,0.018585205078125,0.778670608997345,
3661,1.5415877103805542,0.025115966796875,1.5440996885299683,
3662,0.5523838996887207,0.0134735107421875,0.5537314414978027,
3663,0.3983836770057678,0.0131988525390625,0.3997035622596741,
3664,0.7889786958694458,0.0203704833984375,0.7910157442092896,
3665,0.3481835722923279,0.0096893310546875,0.34915250539779663,
3666,0.2923316955566406,0.007144927978515625,0.2930459976196289,
3667,0.40896278619766235,0.00878143310546875,0.4098411202430725,
3668,0.6309078335762024,0.0185394287109375,0.6327617764472961,
3669,0.781434953212738,0.0194854736328125,0.783383309841156,
3670,0.7570657730102539,0.01788330078125,0.7588539123535156,
3671,0.5482062697410583,0.01251983642578125,0.5494584441184998,
3672,0.34597307443618774,0.00969696044921875,0.3469429612159729,
3673,0.5503615736961365,0.0143280029296875,0.5517939925193787,
3674,0.9254400134086609,0.01538848876953125,0.9269792437553406,
3675,0.6710476279258728,0.016510009765625,0.672698438167572,
3676,0.48975974321365356,0.00936126708984375,0.4906957745552063,
3677,0.49115699529647827,0.01338958740234375,0.49249595403671265,
3678,0.41957467794418335,0.00899505615234375,0.42047399282455444,
3679,0.5651845335960388,0.01082611083984375,0.5662669539451599,
3680,0.4421176016330719,0.0167388916015625,0.44379130005836487,
3681,1.073323130607605,0.017364501953125,1.0750597715377808,
3682,0.4532495141029358,0.0121002197265625,0.4544597268104553,
3683,0.667755663394928,0.0163726806640625,0.6693931221961975,
3684,0.8844428658485413,0.0175933837890625,0.8862023949623108,
3685,0.4284420609474182,0.0112457275390625,0.4295664429664612,
3686,0.657619059085846,0.0177459716796875,0.659393846988678,
3687,0.6336542963981628,0.012451171875,0.6348997950553894,
3688,1.1129194498062134,0.022216796875,1.11514151096344,
3689,1.0077643394470215,0.01971435546875,1.0097365379333496,
3690,0.46627160906791687,0.0129852294921875,0.4675705134868622,
3691,0.7180424928665161,0.01529693603515625,0.7195721864700317,
3692,0.9712043404579163,0.0152130126953125,0.9727254509925842,
3693,0.4301094710826874,0.01131439208984375,0.4312405288219452,
3694,0.525351881980896,0.01123046875,0.5264753103256226,
3695,0.7726551294326782,0.0188140869140625,0.7745367288589478,
3696,0.5861470103263855,0.013153076171875,0.5874621272087097,
3697,0.48559147119522095,0.0177459716796875,0.487366259098053,
3698,0.8000109791755676,0.0168304443359375,0.8016942143440247,
3699,0.9464808702468872,0.022430419921875,0.9487239122390747,
3700,0.8904288411140442,0.0186309814453125,0.892292320728302,
3701,0.8983036875724792,0.0210723876953125,0.9004113078117371,
3702,0.3738698661327362,0.00919342041015625,0.37478920817375183,
3703,0.5962445139884949,0.01142120361328125,0.5973870158195496,
3704,0.8662727475166321,0.0171661376953125,0.8679893612861633,
3705,0.4344281852245331,0.01250457763671875,0.4356784522533417,
3706,0.7726793885231018,0.0160675048828125,0.7742863297462463,
3707,0.5856271386146545,0.0197601318359375,0.5876031517982483,
3708,0.6671928763389587,0.01557159423828125,0.6687502264976501,
3709,0.6245269775390625,0.0205230712890625,0.6265792846679688,
3710,0.6036667227745056,0.0180206298828125,0.6054691672325134,
3711,0.5371842384338379,0.0157318115234375,0.5387578010559082,
3712,0.793163001537323,0.0191192626953125,0.7950751185417175,
3713,0.3328598141670227,0.01062774658203125,0.33392220735549927,
3714,0.6389317512512207,0.0166168212890625,0.6405930519104004,
3715,0.9469552636146545,0.014007568359375,0.9483562111854553,
3716,0.7214125394821167,0.021026611328125,0.7235144376754761,
3717,0.39095452427864075,0.01277923583984375,0.3922324478626251,
3718,0.9598568081855774,0.0201263427734375,0.9618690609931946,
3719,0.6554031372070312,0.0148162841796875,0.6568851470947266,
3720,0.9124704599380493,0.0205230712890625,0.9145227670669556,
3721,0.532242476940155,0.01513671875,0.5337559580802917,
3722,0.47593215107917786,0.01325225830078125,0.47725775837898254,
3723,0.8946811556816101,0.0169525146484375,0.8963767886161804,
3724,0.2853546142578125,0.007297515869140625,0.2860841751098633,
3725,0.47422051429748535,0.01125335693359375,0.4753458499908447,
3726,0.7408884167671204,0.0159912109375,0.7424877285957336,
3727,0.5544509887695312,0.016571044921875,0.5561084747314453,
3728,0.6968114972114563,0.0144805908203125,0.698259174823761,
3729,1.0686503648757935,0.018890380859375,1.0705395936965942,
3730,0.3995981812477112,0.01361846923828125,0.4009600281715393,
3731,0.642536997795105,0.0164031982421875,0.6441773176193237,
3732,1.0010651350021362,0.0169830322265625,1.0027636289596558,
3733,0.6165677309036255,0.0116729736328125,0.6177350282669067,
3734,0.3879517912864685,0.0122222900390625,0.3891744017601013,
3735,0.5605621933937073,0.01519775390625,0.5620823502540588,
3736,0.3142409920692444,0.010650634765625,0.31530624628067017,
3737,0.6817138195037842,0.0161590576171875,0.6833293437957764,
3738,0.7204988598823547,0.01378631591796875,0.7218778729438782,
3739,0.231144979596138,0.0091552734375,0.232060506939888,
3740,0.7869492769241333,0.0196990966796875,0.7889195680618286,
3741,0.3544265031814575,0.01056671142578125,0.35548317432403564,
3742,1.0446949005126953,0.017059326171875,1.046401023864746,
3743,0.46516546607017517,0.01457977294921875,0.4666236340999603,
3744,0.9469780921936035,0.0194244384765625,0.948920726776123,
3745,0.6596982479095459,0.021697998046875,0.6618688106536865,
3746,0.4034096300601959,0.01015472412109375,0.4044252932071686,
3747,0.9970698356628418,0.017974853515625,0.9988675117492676,
3748,0.6967480778694153,0.01568603515625,0.6983168721199036,
3749,0.64127117395401,0.0186004638671875,0.6431308388710022,
3750,0.4508121609687805,0.0158233642578125,0.4523943066596985,
3751,0.9261348843574524,0.0172882080078125,0.9278638958930969,
3752,0.9619013667106628,0.0175323486328125,0.9636542201042175,
3753,0.2650577127933502,0.0132904052734375,0.26638713479042053,
3754,1.182240605354309,0.0229949951171875,1.184540867805481,
3755,0.498410165309906,0.0135955810546875,0.4997701048851013,
3756,0.41690772771835327,0.010772705078125,0.41798537969589233,
3757,0.4662624001502991,0.01375579833984375,0.4676375985145569,
3758,0.4933803379535675,0.016387939453125,0.49501875042915344,
3759,0.7795223593711853,0.0157012939453125,0.78109210729599,
3760,0.5409902930259705,0.01214599609375,0.542205274105072,
3761,0.5576307773590088,0.0159149169921875,0.5592224597930908,
3762,0.47446534037590027,0.0156402587890625,0.4760293662548065,
3763,0.5466884970664978,0.01229095458984375,0.5479177832603455,
3764,0.48494216799736023,0.01227569580078125,0.4861695468425751,
3765,0.6127933263778687,0.00904083251953125,0.6136974096298218,
3766,0.7108411192893982,0.016357421875,0.7124766707420349,
3767,0.4550016224384308,0.0091094970703125,0.45591238141059875,
3768,0.3636632561683655,0.00937652587890625,0.3646007180213928,
3769,0.5723593831062317,0.01415252685546875,0.5737746357917786,
3770,0.7164206504821777,0.013275146484375,0.7177481651306152,
3771,0.40397077798843384,0.01087188720703125,0.40505796670913696,
3772,0.5863416790962219,0.01421356201171875,0.5877626538276672,
3773,0.45003199577331543,0.010009765625,0.451033353805542,
3774,0.40659967064857483,0.01099395751953125,0.40769925713539124,
3775,0.9109742045402527,0.0151214599609375,0.912486732006073,
3776,1.192506194114685,0.0185089111328125,1.1943572759628296,
3777,0.43369966745376587,0.0163421630859375,0.4353342652320862,
3778,0.5143701434135437,0.0139007568359375,0.515760600566864,
3779,0.5764437913894653,0.0164337158203125,0.5780869722366333,
3780,0.5413759350776672,0.0137176513671875,0.5427473187446594,
3781,0.9884992241859436,0.0171051025390625,0.9902101159095764,
3782,0.6420122385025024,0.0109405517578125,0.6431061029434204,
3783,0.7451884150505066,0.0155181884765625,0.7467400431632996,
3784,0.6322658061981201,0.018035888671875,0.6340692043304443,
3785,0.5451949238777161,0.01514434814453125,0.5467093586921692,
3786,0.40702804923057556,0.0110015869140625,0.4081285893917084,
3787,0.48706069588661194,0.0133819580078125,0.4883987009525299,
3788,0.7435733675956726,0.0152740478515625,0.7451011538505554,
3789,1.0040103197097778,0.01873779296875,1.0058842897415161,
3790,0.8108024597167969,0.01515960693359375,0.8123188018798828,
3791,1.2574005126953125,0.020050048828125,1.2594051361083984,
3792,0.4577663540840149,0.00945281982421875,0.4587114453315735,
3793,0.9879916906356812,0.018341064453125,0.9898256063461304,
3794,0.7697068452835083,0.01259613037109375,0.770966649055481,
3795,0.3107485771179199,0.01197052001953125,0.31194543838500977,
3796,0.8736523985862732,0.0166168212890625,0.8753136992454529,
3797,0.484955370426178,0.011810302734375,0.4861360192298889,
3798,0.7538160085678101,0.0163116455078125,0.7554467916488647,
3799,0.35022592544555664,0.00936126708984375,0.3511619567871094,
3800,0.4621127247810364,0.0150604248046875,0.46361857652664185,
3801,0.4803624153137207,0.015533447265625,0.4819159507751465,
3802,0.942912757396698,0.020477294921875,0.9449612498283386,
3803,0.5751631259918213,0.0181884765625,0.576981782913208,
3804,1.0448957681655884,0.0157928466796875,1.0464750528335571,
3805,0.5302947759628296,0.0167083740234375,0.5319656133651733,
3806,0.5614212155342102,0.0158233642578125,0.5630033612251282,
3807,0.5767448544502258,0.016265869140625,0.5783718228340149,
3808,0.4000961184501648,0.01265716552734375,0.4013616442680359,
3809,1.2000715732574463,0.0182037353515625,1.2018921375274658,
3810,0.541629433631897,0.01474761962890625,0.543103814125061,
3811,0.871379554271698,0.0195159912109375,0.8733307719230652,
3812,0.7153295278549194,0.0176544189453125,0.7170947790145874,
3813,0.7401589155197144,0.019317626953125,0.7420910596847534,
3814,0.6203399896621704,0.01448822021484375,0.6217886209487915,
3815,0.691096842288971,0.0176239013671875,0.6928592324256897,
3816,0.3783022165298462,0.0161895751953125,0.379921555519104,
3817,0.5354910492897034,0.02191162109375,0.5376825928688049,
3818,0.5318688154220581,0.016510009765625,0.5335196256637573,
3819,0.5485101342201233,0.01398468017578125,0.5499082207679749,
3820,0.4312695562839508,0.01702880859375,0.43297281861305237,
3821,0.6069911122322083,0.0197296142578125,0.6089633107185364,
3822,0.9229218363761902,0.0209503173828125,0.9250161051750183,
3823,0.6123266816139221,0.0220947265625,0.614535391330719,
3824,0.6153949499130249,0.01427459716796875,0.6168226003646851,
3825,0.4881550669670105,0.01454925537109375,0.48961037397384644,
3826,0.8256710171699524,0.0164794921875,0.8273189663887024,
3827,0.5420020222663879,0.012237548828125,0.5432255864143372,
3828,0.647047758102417,0.01462554931640625,0.6485106945037842,
3829,0.7230769991874695,0.0143280029296875,0.7245094180107117,
3830,0.42678555846214294,0.00893402099609375,0.4276791512966156,
3831,0.6698836088180542,0.0168304443359375,0.6715668439865112,
3832,0.8581264615058899,0.017425537109375,0.8598688244819641,
3833,0.48289477825164795,0.0082855224609375,0.483723521232605,
3834,1.344231367111206,0.019439697265625,1.346174955368042,
3835,0.5831634998321533,0.012603759765625,0.5844242572784424,
3836,0.4872080087661743,0.01100921630859375,0.48830854892730713,
3837,0.3398353159427643,0.0151824951171875,0.34135356545448303,
3838,0.29061901569366455,0.01311492919921875,0.29193031787872314,
3839,0.4785423278808594,0.01503753662109375,0.48004627227783203,
3840,0.610336422920227,0.0126800537109375,0.6116048097610474,
3841,0.4957621395587921,0.01043701171875,0.49680545926094055,
3842,0.45257052779197693,0.00921630859375,0.45349225401878357,
3843,0.4895746111869812,0.012176513671875,0.490792453289032,
3844,0.6202791929244995,0.018035888671875,0.6220825910568237,
3845,0.7383860945701599,0.0157318115234375,0.7399596571922302,
3846,0.5935543179512024,0.01456451416015625,0.5950105786323547,
3847,0.31802284717559814,0.006793975830078125,0.3187023401260376,
3848,0.6686902642250061,0.010498046875,0.6697402596473694,
3849,0.5459599494934082,0.01560211181640625,0.5475201606750488,
3850,0.5547174215316772,0.010009765625,0.5557187795639038,
3851,0.3986775577068329,0.007694244384765625,0.39944717288017273,
3852,0.5329474806785583,0.01299285888671875,0.5342463850975037,
3853,0.6760183572769165,0.01375579833984375,0.6773935556411743,
3854,0.7553038001060486,0.0134124755859375,0.7566446661949158,
3855,0.539283812046051,0.01320648193359375,0.5406046509742737,
3856,0.7147862911224365,0.0146331787109375,0.7162492275238037,
3857,0.7402228116989136,0.01239776611328125,0.7414625883102417,
3858,0.4808681905269623,0.01110076904296875,0.48197826743125916,
3859,0.5084011554718018,0.00988006591796875,0.5093891620635986,
3860,0.5638303756713867,0.018096923828125,0.5656404495239258,
3861,0.49930116534233093,0.017974853515625,0.5010988712310791,
3862,0.6902987957000732,0.0155792236328125,0.691857099533081,
3863,0.8906935453414917,0.01532745361328125,0.8922260999679565,
3864,0.5360581874847412,0.01380157470703125,0.537438154220581,
3865,0.7993157505989075,0.015960693359375,0.8009122014045715,
3866,0.7433475255966187,0.0150146484375,0.7448486089706421,
3867,0.3359127938747406,0.006809234619140625,0.33659371733665466,
3868,0.6356409192085266,0.015838623046875,0.6372249722480774,
3869,0.6327602863311768,0.01261138916015625,0.6340210437774658,
3870,0.3995729088783264,0.01404571533203125,0.4009776711463928,
3871,0.6061571836471558,0.01218414306640625,0.607375979423523,
3872,0.6248959898948669,0.0157470703125,0.6264705061912537,
3873,0.7308131456375122,0.015869140625,0.7324000597000122,
3874,0.3661581575870514,0.0098876953125,0.3671471178531647,
3875,0.6991662979125977,0.01284027099609375,0.7004499435424805,
3876,0.644890546798706,0.0152435302734375,0.6464145183563232,
3877,0.7116035223007202,0.014251708984375,0.7130283117294312,
3878,0.8106785416603088,0.017791748046875,0.8124580979347229,
3879,0.8572947978973389,0.015625,0.8588569164276123,
3880,0.4944668710231781,0.0118408203125,0.49565133452415466,
3881,0.5999902486801147,0.01245880126953125,0.6012357473373413,
3882,0.4225864112377167,0.01297760009765625,0.4238843619823456,
3883,0.6165688633918762,0.01335906982421875,0.6179049611091614,
3884,0.3710041344165802,0.00897216796875,0.3719015419483185,
3885,0.4428490400314331,0.0106658935546875,0.4439152479171753,
3886,0.3722408413887024,0.01348876953125,0.37358933687210083,
3887,0.674685537815094,0.0179290771484375,0.6764784455299377,
3888,0.6222630143165588,0.014434814453125,0.6237068772315979,
3889,0.39876100420951843,0.01171112060546875,0.3999321162700653,
3890,0.27593302726745605,0.0113525390625,0.2770678997039795,
3891,0.5322940349578857,0.0101776123046875,0.5333116054534912,
3892,0.8140209913253784,0.0169219970703125,0.8157128095626831,
3893,1.1846754550933838,0.0185394287109375,1.1865293979644775,
3894,0.6414791345596313,0.01215362548828125,0.6426941156387329,
3895,0.638215184211731,0.01251983642578125,0.6394673585891724,
3896,1.0970081090927124,0.01885986328125,1.098894476890564,
3897,0.6035781502723694,0.014556884765625,0.6050334572792053,
3898,0.7797027826309204,0.014617919921875,0.7811647653579712,
3899,0.46060678362846375,0.0135650634765625,0.46196290850639343,
3900,0.3875357210636139,0.011138916015625,0.3886496126651764,
3901,0.4409443736076355,0.0163116455078125,0.4425751566886902,
3902,0.9050710201263428,0.01483154296875,0.9065539836883545,
3903,0.800360918045044,0.01430511474609375,0.8017914295196533,
3904,0.647503674030304,0.0171966552734375,0.6492231488227844,
3905,1.3031419515609741,0.0202789306640625,1.3051694631576538,
3906,0.41518348455429077,0.011444091796875,0.41632789373397827,
3907,0.778099775314331,0.0240631103515625,0.7805068492889404,
3908,0.4598430395126343,0.0162506103515625,0.4614681005477905,
3909,0.5080079436302185,0.01134490966796875,0.5091428160667419,
3910,1.0723572969436646,0.020599365234375,1.074417233467102,
3911,0.8197945952415466,0.0147857666015625,0.8212727904319763,
3912,0.41775965690612793,0.0173797607421875,0.4194972515106201,
3913,0.3655025064945221,0.00772857666015625,0.36627545952796936,
3914,0.41277724504470825,0.00968170166015625,0.4137452244758606,
3915,0.4468429982662201,0.011505126953125,0.44799312949180603,
3916,0.6726263165473938,0.01556396484375,0.6741827130317688,
3917,0.8393070101737976,0.0202484130859375,0.8413326144218445,
3918,0.2894771099090576,0.01219940185546875,0.2906968593597412,
3919,0.4732832610607147,0.00982666015625,0.47426554560661316,
3920,0.7143918871879578,0.0194244384765625,0.7163345217704773,
3921,0.6617830395698547,0.01128387451171875,0.6629112362861633,
3922,0.9264075756072998,0.02166748046875,0.9285743236541748,
3923,0.9917039275169373,0.012908935546875,0.9929952025413513,
3924,0.8215193152427673,0.0210418701171875,0.8236231207847595,
3925,0.9968405961990356,0.017608642578125,0.9986010789871216,
3926,1.0798593759536743,0.016357421875,1.081494927406311,
3927,0.3303620517253876,0.014862060546875,0.3318478763103485,
3928,0.39821580052375793,0.01434326171875,0.39965012669563293,
3929,0.8000892996788025,0.01511383056640625,0.8016008734703064,
3930,0.8059781789779663,0.0197906494140625,0.8079580068588257,
3931,0.751981794834137,0.01812744140625,0.7537947297096252,
3932,0.5079724788665771,0.0147247314453125,0.5094449520111084,
3933,1.33991539478302,0.0222930908203125,1.3421450853347778,
3934,0.5895894765853882,0.0178070068359375,0.5913699865341187,
3935,0.5634127855300903,0.016143798828125,0.5650273561477661,
3936,0.584232747554779,0.01523590087890625,0.5857567191123962,
3937,0.5013418197631836,0.018096923828125,0.5031518936157227,
3938,0.5953729748725891,0.0170745849609375,0.5970800518989563,
3939,0.6355157494544983,0.01541900634765625,0.6370578408241272,
3940,0.5324897170066833,0.01140594482421875,0.5336303114891052,
3941,0.28729966282844543,0.008056640625,0.2881055176258087,
3942,1.1606966257095337,0.0224456787109375,1.162941575050354,
3943,0.40959760546684265,0.01030731201171875,0.4106285274028778,
3944,0.6496646404266357,0.0157470703125,0.6512391567230225,
3945,0.7756128311157227,0.0144500732421875,0.7770576477050781,
3946,0.974172055721283,0.020416259765625,0.9762129187583923,
3947,0.20495820045471191,0.005771636962890625,0.2055351734161377,
3948,0.6352157592773438,0.013092041015625,0.6365251541137695,
3949,0.8421581983566284,0.0152587890625,0.8436840772628784,
3950,0.6515486240386963,0.01317596435546875,0.6528666019439697,
3951,1.0604914426803589,0.01531982421875,1.0620230436325073,
3952,1.102612018585205,0.0182647705078125,1.104438304901123,
3953,0.613334059715271,0.01488494873046875,0.6148227453231812,
3954,0.9168626070022583,0.0191650390625,0.9187794923782349,
3955,0.538476824760437,0.01334381103515625,0.5398110151290894,
3956,0.2918316721916199,0.010589599609375,0.2928902506828308,
3957,1.1027144193649292,0.019805908203125,1.1046942472457886,
3958,0.5932815074920654,0.0161285400390625,0.5948941707611084,
3959,0.9313288927078247,0.0178985595703125,0.9331189393997192,
3960,0.5892046093940735,0.016510009765625,0.5908554196357727,
3961,0.6418118476867676,0.0123748779296875,0.6430497169494629,
3962,0.5803112387657166,0.01190185546875,0.5815014243125916,
3963,0.5230455994606018,0.0111236572265625,0.5241575837135315,
3964,0.6774170994758606,0.01213836669921875,0.6786311268806458,
3965,0.42172762751579285,0.01029205322265625,0.4227566421031952,
3966,0.6794819831848145,0.01409912109375,0.6808915138244629,
3967,0.8330265283584595,0.017364501953125,0.8347631692886353,
3968,0.28530392050743103,0.007472991943359375,0.2860511243343353,
3969,0.5540928244590759,0.0157470703125,0.5556673407554626,
3970,0.5362610816955566,0.01476287841796875,0.5377373695373535,
3971,0.3773808181285858,0.00731658935546875,0.3781122863292694,
3972,1.0484445095062256,0.018463134765625,1.050290822982788,
3973,0.387898325920105,0.01560211181640625,0.3894585371017456,
3974,0.47331666946411133,0.01311492919921875,0.4746279716491699,
3975,0.5968003869056702,0.0134735107421875,0.5981479287147522,
3976,0.44206708669662476,0.015716552734375,0.44363874197006226,
3977,1.3099740743637085,0.0175933837890625,1.311733603477478,
3978,0.5427820682525635,0.0182952880859375,0.5446112155914307,
3979,0.6553710699081421,0.015625,0.6569331884384155,
3980,0.40373870730400085,0.01175689697265625,0.40491458773612976,
3981,1.1720420122146606,0.025970458984375,1.1746398210525513,
3982,0.49884629249572754,0.0143890380859375,0.5002853870391846,
3983,0.7180789709091187,0.0179443359375,0.7198737859725952,
3984,0.8899669051170349,0.0198974609375,0.8919562697410583,
3985,0.7794210314750671,0.0162200927734375,0.7810432314872742,
3986,0.731918215751648,0.0148162841796875,0.7334002256393433,
3987,1.097847819328308,0.0163726806640625,1.0994852781295776,
3988,0.573237955570221,0.01120758056640625,0.5743585228919983,
3989,0.7304086089134216,0.015655517578125,0.7319745421409607,
3990,0.5874714851379395,0.012908935546875,0.5887627601623535,
3991,0.35724538564682007,0.01043701171875,0.3582887053489685,
3992,0.6639798879623413,0.01312255859375,0.6652921438217163,
3993,0.639618992805481,0.01053619384765625,0.6406728029251099,
3994,0.7351139783859253,0.0146484375,0.7365788221359253,
3995,0.879646897315979,0.01522064208984375,0.8811689615249634,
3996,0.4227479100227356,0.012298583984375,0.42397814989089966,
3997,0.4081157445907593,0.0118408203125,0.40930020809173584,
3998,0.6775615215301514,0.015380859375,0.6790997982025146,
3999,0.6902803778648376,0.01207733154296875,0.691487729549408,
4000,0.6398317217826843,0.015838623046875,0.6414157748222351,53.05343511450382
