step,task_loss,bias_loss,total_loss,sps
0,21.3629207611084,0.1468505859375,21.43634605407715,
1,19.550479888916016,0.126953125,19.613956451416016,
2,20.64195442199707,0.1453857421875,20.71464729309082,
3,18.433589935302734,0.14794921875,18.507564544677734,
4,14.279311180114746,0.1356201171875,14.347121238708496,
5,12.24753189086914,0.146484375,12.32077407836914,
6,8.69155502319336,0.1427001953125,8.76290512084961,
7,5.175434589385986,0.1275634765625,5.239216327667236,
8,3.218834161758423,0.135009765625,3.286339044570923,
9,2.2798895835876465,0.1392822265625,2.3495306968688965,
10,2.0647287368774414,0.150390625,2.1399240493774414,
11,2.138056993484497,0.1356201171875,2.205867052078247,
12,2.4482760429382324,0.136962890625,2.5167574882507324,
13,2.2255940437316895,0.1312255859375,2.2912068367004395,
14,1.9161970615386963,0.1357421875,1.9840681552886963,
15,2.11087965965271,0.1441650390625,2.18296217918396,
16,2.073556900024414,0.12060546875,2.133859634399414,
17,2.1702399253845215,0.1171875,2.2288336753845215,
18,1.6456029415130615,0.11456298828125,1.7028844356536865,
19,1.9817025661468506,0.1253662109375,2.0443856716156006,
20,1.4696214199066162,0.1298828125,1.5345628261566162,
21,1.4005141258239746,0.11932373046875,1.4601759910583496,
22,1.471334457397461,0.128173828125,1.535421371459961,
23,1.538246750831604,0.1219482421875,1.599220871925354,
24,1.5135934352874756,0.1160888671875,1.5716378688812256,
25,1.6990450620651245,0.1217041015625,1.7598971128463745,
26,1.1672999858856201,0.12420654296875,1.2294032573699951,
27,1.7875875234603882,0.127197265625,1.8511861562728882,
28,1.6383063793182373,0.11480712890625,1.6957099437713623,
29,1.2049016952514648,0.1075439453125,1.2586736679077148,
30,1.0451812744140625,0.10736083984375,1.0988616943359375,
31,1.321837067604065,0.10797119140625,1.37582266330719,
32,1.2918041944503784,0.1005859375,1.3420971632003784,
33,1.3492482900619507,0.1123046875,1.4054006338119507,
34,1.2150901556015015,0.1075439453125,1.2688621282577515,
35,1.0987321138381958,0.11395263671875,1.1557084321975708,
36,1.037945032119751,0.11114501953125,1.093517541885376,
37,0.7708700299263,0.12115478515625,0.831447422504425,
38,0.6386048793792725,0.1142578125,0.6957337856292725,
39,1.0012742280960083,0.1160888671875,1.0593186616897583,
40,0.9515293836593628,0.11285400390625,1.0079563856124878,
41,0.9638695120811462,0.10699462890625,1.017366886138916,
42,1.8639997243881226,0.11175537109375,1.9198774099349976,
43,1.00333833694458,0.0880126953125,1.04734468460083,
44,0.7442663311958313,0.09722900390625,0.7928808331489563,
45,1.5107500553131104,0.11395263671875,1.5677263736724854,
46,1.383800983428955,0.10638427734375,1.43699312210083,
47,1.176481008529663,0.10772705078125,1.230344533920288,
48,0.4559156894683838,0.0899658203125,0.5008985996246338,
49,1.1018574237823486,0.10345458984375,1.1535847187042236,
50,0.8043695092201233,0.0904541015625,0.8495965600013733,
51,0.9375320076942444,0.09417724609375,0.9846206307411194,
52,0.7143455147743225,0.09130859375,0.7599998116493225,
53,0.7468318343162537,0.0987548828125,0.7962092757225037,
54,0.9436981081962585,0.0870361328125,0.9872161746025085,
55,1.092693567276001,0.103759765625,1.144573450088501,
56,0.956792950630188,0.091796875,1.002691388130188,
57,0.9254931807518005,0.10308837890625,0.9770373702049255,
58,0.8489319086074829,0.09344482421875,0.8956543207168579,
59,0.7981126308441162,0.08447265625,0.8403489589691162,
60,0.4934711158275604,0.07568359375,0.5313129425048828,
61,1.2907975912094116,0.10015869140625,1.3408769369125366,
62,0.5416907072067261,0.08587646484375,0.5846289396286011,
63,0.8236891627311707,0.081787109375,0.8645827174186707,
64,0.6267083287239075,0.08837890625,0.6708977818489075,
65,0.764378011226654,0.087890625,0.808323323726654,
66,0.8639875054359436,0.08734130859375,0.9076581597328186,
67,0.5779770612716675,0.0732421875,0.6145981550216675,
68,0.814428448677063,0.08477783203125,0.856817364692688,
69,0.6418257355690002,0.08331298828125,0.6834822297096252,
70,0.41346850991249084,0.06683349609375,0.44688525795936584,
71,0.7819730043411255,0.07952880859375,0.8217374086380005,
72,0.6997676491737366,0.077880859375,0.7387080788612366,
73,0.9251657128334045,0.07489013671875,0.9626107811927795,
74,0.6336925625801086,0.06658935546875,0.6669872403144836,
75,0.4416615068912506,0.06500244140625,0.4741627275943756,
76,0.6712878346443176,0.083984375,0.7132800221443176,
77,0.5342442393302917,0.07379150390625,0.5711399912834167,
78,0.35012948513031006,0.0626220703125,0.38144052028656006,
79,0.4240104556083679,0.0712890625,0.4596549868583679,
80,0.6577965021133423,0.0716552734375,0.6936241388320923,
81,0.9719493985176086,0.07415771484375,1.0090281963348389,
82,0.6081041693687439,0.06610107421875,0.6411547064781189,
83,0.4744051992893219,0.058013916015625,0.503412127494812,
84,0.6524479985237122,0.06390380859375,0.6843999028205872,
85,0.5831007957458496,0.05841064453125,0.6123061180114746,
86,0.5153235793113708,0.058746337890625,0.5446967482566833,
87,0.4102117121219635,0.0526123046875,0.4365178644657135,
88,0.4804233908653259,0.05609130859375,0.5084690451622009,
89,0.34312885999679565,0.051666259765625,0.36896198987960815,
90,0.35654202103614807,0.048583984375,0.38083401322364807,
91,0.5989488959312439,0.054473876953125,0.6261858344078064,
92,1.3980330228805542,0.068115234375,1.4320906400680542,
93,0.5941447019577026,0.054473876953125,0.6213816404342651,
94,0.5371344685554504,0.05645751953125,0.5653632283210754,
95,0.7128419280052185,0.06268310546875,0.7441834807395935,
96,0.3409946858882904,0.0494384765625,0.3657139241695404,
97,0.38629087805747986,0.048004150390625,0.41029295325279236,
98,1.1120082139968872,0.0657958984375,1.1449061632156372,
99,0.6399995684623718,0.046630859375,0.6633149981498718,
100,0.3137064278125763,0.047576904296875,0.3374948799610138,
101,0.5163031816482544,0.055694580078125,0.5441504716873169,
102,0.5577582716941833,0.04351806640625,0.5795173048973083,
103,0.35444191098213196,0.042236328125,0.37556007504463196,
104,0.5969319939613342,0.046173095703125,0.6200185418128967,
105,0.8634454607963562,0.06048583984375,0.8936883807182312,
106,0.4578864872455597,0.05242919921875,0.4841010868549347,
107,0.49459588527679443,0.045928955078125,0.5175603628158569,
108,0.9478587508201599,0.047149658203125,0.9714335799217224,
109,1.033479928970337,0.060089111328125,1.0635244846343994,
110,0.672261655330658,0.05535888671875,0.699941098690033,
111,1.240978479385376,0.062164306640625,1.2720606327056885,
112,0.4802437126636505,0.04833984375,0.5044136047363281,
113,0.3843226134777069,0.042266845703125,0.4054560363292694,
114,0.4396461248397827,0.03741455078125,0.4583534002304077,
115,0.7670570611953735,0.05419921875,0.7941566705703735,
116,0.6320974230766296,0.038421630859375,0.6513082385063171,
117,0.4533390998840332,0.043487548828125,0.4750828742980957,
118,1.5258479118347168,0.059417724609375,1.5555567741394043,
119,0.6306772232055664,0.0565185546875,0.6589365005493164,
120,0.4482998847961426,0.03857421875,0.4675869941711426,
121,0.6546013355255127,0.049560546875,0.6793816089630127,
122,0.7654246091842651,0.060638427734375,0.7957438230514526,
123,0.9302330017089844,0.062225341796875,0.9613456726074219,
124,0.5791166424751282,0.045654296875,0.6019437909126282,
125,0.7042074203491211,0.04315185546875,0.7257833480834961,
126,0.9025396704673767,0.05914306640625,0.9321112036705017,
127,0.8645709156990051,0.048614501953125,0.8888781666755676,
128,1.0831836462020874,0.053253173828125,1.10981023311615,
129,0.6032751798629761,0.0478515625,0.6272009611129761,
130,1.0713893175125122,0.047332763671875,1.0950556993484497,
131,0.5143420696258545,0.032470703125,0.5305774211883545,
132,0.6226505041122437,0.039886474609375,0.6425937414169312,
133,1.0743744373321533,0.0489501953125,1.0988495349884033,
134,0.40063780546188354,0.0284271240234375,0.4148513674736023,
135,1.5312048196792603,0.061248779296875,1.5618292093276978,
136,0.5876480340957642,0.048004150390625,0.6116501092910767,
137,0.38928112387657166,0.0318603515625,0.40521129965782166,
138,1.0693209171295166,0.049072265625,1.0938570499420166,
139,0.570838451385498,0.037933349609375,0.5898051261901855,
140,0.5280643701553345,0.03253173828125,0.5443302392959595,
141,1.3749072551727295,0.051025390625,1.4004199504852295,
142,0.7158806324005127,0.042938232421875,0.7373497486114502,
143,0.5068789124488831,0.039276123046875,0.5265169739723206,
144,0.791161298751831,0.047607421875,0.814965009689331,
145,0.7936321496963501,0.0284271240234375,0.8078457117080688,
146,0.5560265183448792,0.033843994140625,0.5729485154151917,
147,1.036705732345581,0.033843994140625,1.0536277294158936,
148,0.9810531735420227,0.047637939453125,1.0048720836639404,
149,0.8528757691383362,0.040496826171875,0.8731241822242737,
150,0.2727239429950714,0.022796630859375,0.2841222584247589,
151,0.8416083455085754,0.044097900390625,0.8636572957038879,
152,0.7281400561332703,0.028228759765625,0.7422544360160828,
153,0.49386730790138245,0.03216552734375,0.5099500417709351,
154,0.35766467452049255,0.025177001953125,0.37025317549705505,
155,0.30472061038017273,0.0180816650390625,0.313761442899704,
156,0.5424171686172485,0.02557373046875,0.5552040338516235,
157,0.4302101135253906,0.0214691162109375,0.4409446716308594,
158,0.7457306981086731,0.037078857421875,0.7642701268196106,
159,1.2432246208190918,0.046417236328125,1.2664332389831543,
160,0.9899111390113831,0.04254150390625,1.0111818313598633,
161,1.0763633251190186,0.04095458984375,1.0968406200408936,
162,0.5836727619171143,0.041961669921875,0.6046535968780518,
163,0.6508017778396606,0.033966064453125,0.6677848100662231,
164,0.8029365539550781,0.03265380859375,0.8192634582519531,
165,0.6493956446647644,0.0263824462890625,0.6625868678092957,
166,0.3673574924468994,0.0253143310546875,0.38001465797424316,
167,0.4607965648174286,0.0276641845703125,0.47462865710258484,
168,0.8137927055358887,0.04010009765625,0.8338427543640137,
169,1.6953809261322021,0.042266845703125,1.7165143489837646,
170,1.1881300210952759,0.042510986328125,1.2093855142593384,
171,1.0823239088058472,0.0482177734375,1.1064327955245972,
172,0.8341389298439026,0.036102294921875,0.8521900773048401,
173,0.7158716320991516,0.034515380859375,0.7331293225288391,
174,0.7902898788452148,0.0285797119140625,0.8045797348022461,
175,0.3276689350605011,0.0181427001953125,0.33674028515815735,
176,0.6848793625831604,0.0318603515625,0.7008095383644104,
177,0.8639601469039917,0.0287017822265625,0.878311038017273,
178,0.6365225911140442,0.0261993408203125,0.6496222615242004,
179,1.0686596632003784,0.039794921875,1.0885571241378784,
180,0.5062339901924133,0.033477783203125,0.5229728817939758,
181,1.1235942840576172,0.042724609375,1.1449565887451172,
182,0.5240299105644226,0.037139892578125,0.5425998568534851,
183,1.1839194297790527,0.045928955078125,1.2068839073181152,
184,0.8595272898674011,0.0382080078125,0.8786312937736511,
185,0.4889064431190491,0.035064697265625,0.5064387917518616,
186,0.9137992262840271,0.0428466796875,0.9352225661277771,
187,0.41571351885795593,0.03631591796875,0.43387147784233093,
188,1.3391510248184204,0.04681396484375,1.3625580072402954,
189,0.5176196694374084,0.02716064453125,0.5311999917030334,
190,0.5567358136177063,0.022857666015625,0.5681646466255188,
191,0.6725218296051025,0.0264892578125,0.6857664585113525,
192,0.5489695072174072,0.0299224853515625,0.5639307498931885,
193,0.46300822496414185,0.0266265869140625,0.4763215184211731,
194,0.9118694067001343,0.036529541015625,0.9301341772079468,
195,0.592153012752533,0.0276641845703125,0.6059851050376892,
196,0.7560969591140747,0.031524658203125,0.7718592882156372,
197,0.5775455236434937,0.026641845703125,0.5908664464950562,
198,0.3548210859298706,0.02783203125,0.3687371015548706,
199,0.7316259145736694,0.035247802734375,0.7492498159408569,
200,0.6761447787284851,0.0299835205078125,0.6911365389823914,
201,0.6245200037956238,0.031982421875,0.6405112147331238,
202,0.7604055404663086,0.0391845703125,0.7799978256225586,
203,0.6808068752288818,0.029571533203125,0.6955926418304443,
204,0.7247782945632935,0.036773681640625,0.743165135383606,
205,0.3734022378921509,0.0284423828125,0.3876234292984009,
206,0.6572873592376709,0.030670166015625,0.6726224422454834,
207,0.5223948359489441,0.030975341796875,0.5378825068473816,
208,0.6374391913414001,0.0306549072265625,0.6527666449546814,
209,0.9225606918334961,0.029388427734375,0.9372549057006836,
210,0.6830670833587646,0.034759521484375,0.7004468441009521,
211,0.47252482175827026,0.03228759765625,0.48866862058639526,
212,0.522689938545227,0.0215301513671875,0.5334550142288208,
213,0.6781595349311829,0.0264434814453125,0.6913812756538391,
214,0.2794737219810486,0.0247344970703125,0.29184097051620483,
215,0.7643804550170898,0.03143310546875,0.7800970077514648,
216,0.3767228126525879,0.019073486328125,0.3862595558166504,
217,0.5549730658531189,0.0235748291015625,0.5667604804039001,
218,0.3475596010684967,0.0227203369140625,0.35891976952552795,
219,0.7908342480659485,0.0292205810546875,0.8054445385932922,
220,0.3713526725769043,0.019439697265625,0.3810725212097168,
221,0.9116324782371521,0.029296875,0.9262809157371521,
222,0.4730485677719116,0.0267791748046875,0.48643815517425537,
223,0.3466412127017975,0.017852783203125,0.35556760430336,
224,0.4413437843322754,0.0248260498046875,0.45375680923461914,
225,0.8144998550415039,0.02349853515625,0.8262491226196289,
226,0.8880024552345276,0.03619384765625,0.9060993790626526,
227,1.2050195932388306,0.030548095703125,1.220293641090393,
228,0.40684205293655396,0.022064208984375,0.41787415742874146,
229,0.716232180595398,0.034820556640625,0.7336424589157104,
230,0.4546005427837372,0.0267791748046875,0.46799013018608093,
231,0.7491157054901123,0.034423828125,0.7663276195526123,
232,0.5574957132339478,0.0265045166015625,0.570747971534729,
233,0.9246386289596558,0.0307769775390625,0.940027117729187,
234,1.125242829322815,0.038421630859375,1.1444536447525024,
235,0.9108246564865112,0.031646728515625,0.9266480207443237,
236,0.6017907857894897,0.032470703125,0.6180261373519897,
237,0.5275247097015381,0.0316162109375,0.5433328151702881,
238,0.8262560963630676,0.0364990234375,0.8445056080818176,
239,0.9689751267433167,0.040191650390625,0.9890709519386292,
240,0.8663894534111023,0.0335693359375,0.8831741213798523,
241,0.941041111946106,0.02783203125,0.954957127571106,
242,0.35052987933158875,0.0258331298828125,0.363446444272995,
243,1.5208308696746826,0.0399169921875,1.5407893657684326,
244,0.9466265439987183,0.0357666015625,0.9645098447799683,
245,1.150457739830017,0.02740478515625,1.164160132408142,
246,0.7886248230934143,0.0304107666015625,0.8038302063941956,
247,1.0381760597229004,0.030914306640625,1.053633213043213,
248,0.5084466934204102,0.0255279541015625,0.5212106704711914,
249,0.439212441444397,0.0171356201171875,0.4477802515029907,
250,0.8091961145401001,0.0282745361328125,0.8233333826065063,
251,0.6165408492088318,0.025390625,0.6292361617088318,
252,1.0084552764892578,0.03326416015625,1.0250873565673828,
253,0.3831528127193451,0.019927978515625,0.3931168019771576,
254,0.8954687714576721,0.0295562744140625,0.9102469086647034,
255,0.7692533135414124,0.02471923828125,0.7816129326820374,
256,0.7992811799049377,0.0247650146484375,0.8116636872291565,
257,0.8224108815193176,0.02960205078125,0.8372119069099426,
258,0.5487982034683228,0.0230560302734375,0.5603262186050415,
259,0.6769741177558899,0.0233001708984375,0.6886242032051086,
260,0.7452027201652527,0.026580810546875,0.7584931254386902,
261,0.54402756690979,0.022979736328125,0.5555174350738525,
262,0.5276936292648315,0.0175018310546875,0.5364445447921753,
263,1.059756875038147,0.027984619140625,1.0737491846084595,
264,1.0188288688659668,0.0311126708984375,1.0343852043151855,
265,0.4930958151817322,0.0202484130859375,0.5032200217247009,
266,0.40491366386413574,0.01439666748046875,0.4121119976043701,
267,0.8754008412361145,0.028350830078125,0.889576256275177,
268,1.0507228374481201,0.031494140625,1.0664699077606201,
269,0.5714715719223022,0.0224456787109375,0.582694411277771,
270,0.603387713432312,0.02789306640625,0.617334246635437,
271,0.5561438202857971,0.025909423828125,0.5690985321998596,
272,0.3319837749004364,0.0218658447265625,0.34291669726371765,
273,0.5090104937553406,0.0219879150390625,0.5200044512748718,
274,0.46848064661026,0.0170745849609375,0.47701793909072876,
275,0.4215969443321228,0.02020263671875,0.4316982626914978,
276,0.6920192837715149,0.02386474609375,0.7039516568183899,
277,0.9068248867988586,0.0268402099609375,0.9202449917793274,
278,0.7333159446716309,0.033477783203125,0.7500548362731934,
279,0.55872642993927,0.021270751953125,0.5693618059158325,
280,0.4323232173919678,0.024688720703125,0.4446675777435303,
281,0.4552832245826721,0.0168609619140625,0.46371370553970337,
282,0.7062855362892151,0.028533935546875,0.7205525040626526,
283,0.4408915936946869,0.0166778564453125,0.44923052191734314,
284,0.7193265557289124,0.0208892822265625,0.7297711968421936,
285,0.6677854657173157,0.02362060546875,0.6795957684516907,
286,0.6065061688423157,0.0207061767578125,0.6168592572212219,
287,0.9308000802993774,0.03271484375,0.9471575021743774,
288,0.8988943099975586,0.04071044921875,0.9192495346069336,
289,0.8552219271659851,0.0220489501953125,0.8662464022636414,
290,0.6842260360717773,0.0310211181640625,0.6997365951538086,
291,0.6309044361114502,0.0204620361328125,0.6411354541778564,
292,0.9443249106407166,0.02642822265625,0.9575390219688416,
293,1.2409982681274414,0.03265380859375,1.2573251724243164,
294,0.41613152623176575,0.01424407958984375,0.4232535660266876,
295,1.1304978132247925,0.0233612060546875,1.1421784162521362,
296,0.5222481489181519,0.0148773193359375,0.5296868085861206,
297,0.5733069777488708,0.021697998046875,0.5841559767723083,
298,0.39124977588653564,0.01171112060546875,0.39710533618927,
299,0.5392431020736694,0.017242431640625,0.5478643178939819,
300,0.506987988948822,0.0214385986328125,0.5177072882652283,
301,0.7190839052200317,0.0180511474609375,0.7281094789505005,
302,0.6195001602172852,0.0191192626953125,0.6290597915649414,
303,0.34874427318573,0.0184326171875,0.35796058177948,
304,0.6556862592697144,0.0196075439453125,0.6654900312423706,
305,0.6072812676429749,0.0214080810546875,0.6179853081703186,
306,0.627316415309906,0.0179290771484375,0.6362809538841248,
307,0.6576145887374878,0.0250244140625,0.6701267957687378,
308,0.6654488444328308,0.033294677734375,0.6820961833000183,
309,0.7711337804794312,0.01812744140625,0.7801975011825562,
310,0.8823109865188599,0.0252838134765625,0.8949528932571411,
311,0.5335838198661804,0.0209808349609375,0.5440742373466492,
312,0.6403701305389404,0.019775390625,0.6502578258514404,
313,0.4337307810783386,0.0242156982421875,0.4458386301994324,
314,0.6365951299667358,0.0216522216796875,0.6474212408065796,
315,0.6677585244178772,0.0193634033203125,0.6774402260780334,
316,0.39747485518455505,0.01071929931640625,0.4028345048427582,
317,0.44648024439811707,0.0185089111328125,0.4557346999645233,
318,0.5837920904159546,0.0276031494140625,0.5975936651229858,
319,0.6827071905136108,0.021942138671875,0.6936782598495483,
320,0.5395289659500122,0.02001953125,0.5495387315750122,
321,0.7201278805732727,0.03143310546875,0.7358444333076477,
322,0.6054392457008362,0.02117919921875,0.6160288453102112,
323,0.42132505774497986,0.01497650146484375,0.42881330847740173,
324,0.3150975704193115,0.01352691650390625,0.32186102867126465,
325,1.1404162645339966,0.0256195068359375,1.1532260179519653,
326,0.5070753693580627,0.016876220703125,0.5155134797096252,
327,0.7319748997688293,0.0197296142578125,0.7418397068977356,
328,0.5200325846672058,0.017120361328125,0.5285927653312683,
329,0.9113297462463379,0.0205078125,0.9215836524963379,
330,1.4935532808303833,0.029449462890625,1.5082780122756958,
331,0.42698705196380615,0.0142364501953125,0.4341052770614624,
332,0.46603691577911377,0.0176239013671875,0.4748488664627075,
333,0.7063235640525818,0.0228729248046875,0.7177600264549255,
334,0.9030061364173889,0.0230255126953125,0.9145188927650452,
335,0.3848267197608948,0.01496124267578125,0.3923073410987854,
336,0.7204254865646362,0.0237884521484375,0.732319712638855,
337,0.7681821584701538,0.020477294921875,0.7784208059310913,
338,1.2429323196411133,0.026397705078125,1.2561311721801758,
339,0.5603418350219727,0.01788330078125,0.5692834854125977,
340,0.7821878790855408,0.023834228515625,0.7941049933433533,
341,0.45788347721099854,0.020172119140625,0.46796953678131104,
342,0.4165920615196228,0.01424407958984375,0.4237141013145447,
343,0.595183789730072,0.0206756591796875,0.6055216193199158,
344,0.5836725831031799,0.0222930908203125,0.5948191285133362,
345,0.6961473822593689,0.021026611328125,0.7066606879234314,
346,0.4885101914405823,0.01470947265625,0.4958649277687073,
347,0.9852719306945801,0.0256500244140625,0.9980969429016113,
348,0.47544074058532715,0.0218048095703125,0.4863431453704834,
349,0.8543805480003357,0.0215301513671875,0.8651456236839294,
350,0.7640224099159241,0.0192718505859375,0.7736583352088928,
351,1.361763834953308,0.030242919921875,1.3768852949142456,
352,0.6222687363624573,0.0164794921875,0.6305084824562073,
353,0.5865647792816162,0.0239410400390625,0.5985352993011475,
354,1.0752829313278198,0.02642822265625,1.0884970426559448,
355,0.927129328250885,0.02642822265625,0.94034343957901,
356,0.7523103356361389,0.0246734619140625,0.7646470665931702,
357,0.7191239595413208,0.0207672119140625,0.729507565498352,
358,0.4315986633300781,0.017242431640625,0.4402198791503906,
359,0.4684668779373169,0.0232391357421875,0.48008644580841064,
360,0.45204466581344604,0.0162353515625,0.46016234159469604,
361,0.8930348753929138,0.02398681640625,0.9050282835960388,
362,0.7648863196372986,0.015960693359375,0.7728666663169861,
363,0.5794578194618225,0.0284881591796875,0.5937018990516663,
364,0.9195076823234558,0.028106689453125,0.9335610270500183,
365,0.8518553376197815,0.023834228515625,0.863772451877594,
366,0.7148345708847046,0.01995849609375,0.7248138189315796,
367,0.6852286458015442,0.022796630859375,0.6966269612312317,
368,0.5239317417144775,0.0198211669921875,0.5338423252105713,
369,0.5933389663696289,0.0194854736328125,0.6030817031860352,
370,0.6317782998085022,0.0207366943359375,0.642146646976471,
371,0.9167798757553101,0.01922607421875,0.9263929128646851,
372,0.7718984484672546,0.018035888671875,0.7809163928031921,
373,1.054205060005188,0.02960205078125,1.069006085395813,
374,0.6953557133674622,0.021087646484375,0.7058995366096497,
375,0.8804509043693542,0.0231781005859375,0.892039954662323,
376,0.5906795263290405,0.0189361572265625,0.6001476049423218,
377,0.6197920441627502,0.02056884765625,0.6300764679908752,
378,0.5996899604797363,0.016021728515625,0.6077008247375488,
379,0.685271143913269,0.0189666748046875,0.6947544813156128,
380,0.9066163301467896,0.021270751953125,0.917251706123352,
381,0.6408044099807739,0.0172119140625,0.6494103670120239,
382,0.6949846744537354,0.0184783935546875,0.7042238712310791,
383,0.7842620015144348,0.0261993408203125,0.7973616719245911,
384,0.7962204813957214,0.0229644775390625,0.8077027201652527,
385,0.9919309020042419,0.0240631103515625,1.003962516784668,
386,0.537915050983429,0.01555633544921875,0.5456932187080383,
387,1.1172593832015991,0.026123046875,1.1303209066390991,
388,0.7591255307197571,0.0167236328125,0.7674873471260071,
389,0.7581921815872192,0.02154541015625,0.7689648866653442,
390,0.8564687967300415,0.0185394287109375,0.8657385110855103,
391,0.6774042248725891,0.0193634033203125,0.6870859265327454,
392,0.4940289556980133,0.0155792236328125,0.5018185377120972,
393,0.4572885036468506,0.0144500732421875,0.46451354026794434,
394,0.48972344398498535,0.01494598388671875,0.4971964359283447,
395,0.9241123795509338,0.0182647705078125,0.9332447648048401,
396,1.4153859615325928,0.020965576171875,1.4258687496185303,
397,0.7288210391998291,0.0216064453125,0.7396242618560791,
398,0.6134427785873413,0.0190887451171875,0.6229871511459351,
399,1.165856957435608,0.022216796875,1.176965355873108,
400,0.49209949374198914,0.0165252685546875,0.5003621578216553,
401,1.2285513877868652,0.026275634765625,1.2416892051696777,
402,0.4060039818286896,0.0149078369140625,0.4134579002857208,
403,0.4878164231777191,0.0167694091796875,0.49620112776756287,
404,0.9623190760612488,0.0224761962890625,0.97355717420578,
405,0.6257553696632385,0.0200958251953125,0.6358032822608948,
406,0.695597767829895,0.0241241455078125,0.7076598405838013,
407,0.7506076693534851,0.0201873779296875,0.7607013583183289,
408,0.7616814970970154,0.0182647705078125,0.7708138823509216,
409,0.7644909620285034,0.0174102783203125,0.7731961011886597,
410,1.0056411027908325,0.020111083984375,1.01569664478302,
411,0.521378755569458,0.020660400390625,0.5317089557647705,
412,0.4735860526561737,0.0141754150390625,0.48067376017570496,
413,0.9887049198150635,0.0209808349609375,0.9991953372955322,
414,1.1459301710128784,0.0189971923828125,1.1554287672042847,
415,0.7231127023696899,0.0180511474609375,0.7321382761001587,
416,0.2794809639453888,0.0164947509765625,0.28772833943367004,
417,0.582200288772583,0.01898193359375,0.591691255569458,
418,0.6849954128265381,0.017730712890625,0.6938607692718506,
419,0.3805961012840271,0.01204681396484375,0.386619508266449,
420,0.81024569272995,0.02545166015625,0.822971522808075,
421,0.5827988386154175,0.01861572265625,0.5921066999435425,
422,0.8071153163909912,0.020263671875,0.8172471523284912,
423,0.8334893584251404,0.01910400390625,0.8430413603782654,
424,0.4544593393802643,0.0164947509765625,0.46270671486854553,
425,0.4461074769496918,0.0170135498046875,0.4546142518520355,
426,0.4189620018005371,0.01311492919921875,0.4255194664001465,
427,0.9242576956748962,0.021270751953125,0.9348930716514587,
428,0.6381945610046387,0.0169830322265625,0.6466860771179199,
429,0.5256817936897278,0.01555633544921875,0.5334599614143372,
430,0.6555207967758179,0.0167999267578125,0.6639207601547241,
431,0.7404540181159973,0.017974853515625,0.7494414448738098,
432,0.45429059863090515,0.0157012939453125,0.4621412456035614,
433,0.38433098793029785,0.0169677734375,0.39281487464904785,
434,0.9830174446105957,0.0256500244140625,0.995842456817627,
435,0.6825883388519287,0.01593017578125,0.6905534267425537,
436,0.43832775950431824,0.0152740478515625,0.4459647834300995,
437,0.4849740266799927,0.0110321044921875,0.4904900789260864,
438,0.8700746893882751,0.0193634033203125,0.8797563910484314,
439,0.35705772042274475,0.0142974853515625,0.364206463098526,
440,0.778888463973999,0.021942138671875,0.7898595333099365,
441,0.49965256452560425,0.016357421875,0.5078312754631042,
442,0.5997306704521179,0.0187530517578125,0.6091071963310242,
443,0.6350069642066956,0.017913818359375,0.6439638733863831,
444,1.0532094240188599,0.0290374755859375,1.0677281618118286,
445,0.6162099838256836,0.024444580078125,0.6284322738647461,
446,0.6895146369934082,0.025177001953125,0.7021031379699707,
447,0.5084415078163147,0.020782470703125,0.5188327431678772,
448,0.710186779499054,0.0156707763671875,0.7180221676826477,
449,0.6317011117935181,0.019622802734375,0.6415125131607056,
450,0.797134280204773,0.0214691162109375,0.8078688383102417,
451,0.8019267916679382,0.019775390625,0.8118144869804382,
452,0.40146929025650024,0.018798828125,0.41086870431900024,
453,1.0290865898132324,0.026214599609375,1.04219388961792,
454,1.1770100593566895,0.0215606689453125,1.1877903938293457,
455,0.738676905632019,0.0172576904296875,0.7473057508468628,
456,0.7275905013084412,0.02032470703125,0.7377528548240662,
457,0.4404586851596832,0.020294189453125,0.4506057798862457,
458,0.5903012752532959,0.0132598876953125,0.5969312191009521,
459,0.4945337176322937,0.017181396484375,0.5031244158744812,
460,0.7483552098274231,0.0206298828125,0.7586701512336731,
461,1.1862375736236572,0.0232391357421875,1.197857141494751,
462,0.3233644366264343,0.01529693603515625,0.33101290464401245,
463,0.8074949383735657,0.0200042724609375,0.8174970746040344,
464,0.8898791670799255,0.0249481201171875,0.9023532271385193,
465,0.4262828826904297,0.0158843994140625,0.43422508239746094,
466,0.4093419909477234,0.0157623291015625,0.41722315549850464,
467,0.4883807301521301,0.0162506103515625,0.4965060353279114,
468,0.4648003578186035,0.0175933837890625,0.47359704971313477,
469,0.6883372664451599,0.01788330078125,0.6972789168357849,
470,0.7150177955627441,0.0196990966796875,0.7248673439025879,
471,0.6865620613098145,0.018585205078125,0.695854663848877,
472,0.3555791676044464,0.0128173828125,0.3619878590106964,
473,0.8093903660774231,0.0192413330078125,0.8190110325813293,
474,0.25463995337486267,0.013214111328125,0.26124700903892517,
475,0.9483982920646667,0.02264404296875,0.9597203135490417,
476,0.6440470814704895,0.0185394287109375,0.6533167958259583,
477,0.9122231006622314,0.023651123046875,0.924048662185669,
478,0.4096120297908783,0.015655517578125,0.4174397885799408,
479,0.5178214311599731,0.0201263427734375,0.5278846025466919,
480,0.5488458275794983,0.01641845703125,0.5570550560951233,
481,0.4124811589717865,0.0171966552734375,0.42107948660850525,
482,0.4487604796886444,0.015960693359375,0.4567408263683319,
483,0.8720385432243347,0.0240020751953125,0.884039580821991,
484,0.7010613083839417,0.0206451416015625,0.7113838791847229,
485,1.1972167491912842,0.0184326171875,1.2064330577850342,
486,0.6205607652664185,0.01708984375,0.6291056871414185,
487,0.6728236675262451,0.0155792236328125,0.6806132793426514,
488,0.7918862104415894,0.019012451171875,0.8013924360275269,
489,0.5010918378829956,0.01503753662109375,0.5086106061935425,
490,0.7984310984611511,0.0172576904296875,0.8070599436759949,
491,0.7308285236358643,0.0202178955078125,0.7409374713897705,
492,0.9013176560401917,0.0178680419921875,0.9102516770362854,
493,0.5981765985488892,0.0158538818359375,0.6061035394668579,
494,0.8629151582717896,0.02130126953125,0.8735657930374146,
495,0.6825130581855774,0.0206756591796875,0.6928508877754211,
496,0.9052045345306396,0.022430419921875,0.9164197444915771,
497,0.5554883480072021,0.0155181884765625,0.5632474422454834,
498,1.0080537796020508,0.020233154296875,1.0181703567504883,
499,0.8938186764717102,0.02032470703125,0.9039810299873352,
500,1.4075688123703003,0.0293121337890625,1.4222248792648315,
501,0.6693840622901917,0.023712158203125,0.6812401413917542,
502,1.005280613899231,0.026641845703125,1.0186015367507935,
503,0.5202614665031433,0.0160980224609375,0.5283104777336121,
504,0.4884982705116272,0.01273345947265625,0.4948650002479553,
505,0.40839576721191406,0.01184844970703125,0.4143199920654297,
506,0.6613715291023254,0.0185546875,0.6706488728523254,
507,0.4529488980770111,0.0149078369140625,0.46040281653404236,
508,0.7450661659240723,0.0180816650390625,0.7541069984436035,
509,0.351039320230484,0.0147247314453125,0.35840168595314026,
510,0.3352871239185333,0.01192474365234375,0.3412494957447052,
511,0.9246466755867004,0.027130126953125,0.9382117390632629,
512,0.6845927834510803,0.0253448486328125,0.6972652077674866,
513,0.677146315574646,0.0174713134765625,0.6858819723129272,
514,1.0748600959777832,0.023040771484375,1.0863804817199707,
515,0.9994326829910278,0.0248565673828125,1.011860966682434,
516,0.5429059267044067,0.0187225341796875,0.5522671937942505,
517,0.7585037350654602,0.020233154296875,0.7686203122138977,
518,0.593924880027771,0.0201263427734375,0.6039880514144897,
519,0.42072147130966187,0.0157318115234375,0.4285873770713806,
520,0.6899194717407227,0.016693115234375,0.6982660293579102,
521,1.017574667930603,0.0222320556640625,1.0286906957626343,
522,0.5127020478248596,0.0205841064453125,0.5229941010475159,
523,0.655821681022644,0.0233306884765625,0.6674870252609253,
524,0.7737215161323547,0.0235595703125,0.7855013012886047,
525,0.9410258531570435,0.02398681640625,0.9530192613601685,
526,0.736703634262085,0.0175933837890625,0.7455003261566162,
527,0.9662308692932129,0.0232696533203125,0.9778656959533691,
528,0.8186495304107666,0.0238189697265625,0.8305590152740479,
529,1.012439489364624,0.0257110595703125,1.0252950191497803,
530,0.5165678858757019,0.016845703125,0.5249907374382019,
531,0.43418392539024353,0.019500732421875,0.44393429160118103,
532,0.6515994668006897,0.0172271728515625,0.660213053226471,
533,0.6673849821090698,0.0179290771484375,0.6763495206832886,
534,0.8049595952033997,0.018798828125,0.8143590092658997,
535,0.5732578039169312,0.020477294921875,0.5834964513778687,
536,0.4419994652271271,0.013580322265625,0.4487896263599396,
537,0.6609587669372559,0.0190887451171875,0.6705031394958496,
538,0.40994885563850403,0.0171661376953125,0.4185319244861603,
539,0.7376919388771057,0.01922607421875,0.7473049759864807,
540,0.5217807292938232,0.0175933837890625,0.5305774211883545,
541,0.6691855788230896,0.01727294921875,0.6778220534324646,
542,0.4620721936225891,0.01465606689453125,0.46940022706985474,
543,0.9566824436187744,0.0193328857421875,0.9663488864898682,
544,0.6951338052749634,0.01727294921875,0.7037702798843384,
545,0.49302929639816284,0.016876220703125,0.5014674067497253,
546,0.7801526784896851,0.017425537109375,0.7888654470443726,
547,0.976654052734375,0.02154541015625,0.9874267578125,
548,0.8386906385421753,0.0196990966796875,0.848540186882019,
549,0.6754675507545471,0.0167388916015625,0.6838369965553284,
550,0.8268733024597168,0.017425537109375,0.8355860710144043,
551,0.5878188014030457,0.01471710205078125,0.5951773524284363,
552,0.7374233603477478,0.019195556640625,0.7470211386680603,
553,0.6127079129219055,0.0179443359375,0.6216800808906555,
554,0.7552510499954224,0.019195556640625,0.7648488283157349,
555,0.5520881414413452,0.0176239013671875,0.560900092124939,
556,0.7872099876403809,0.0199737548828125,0.7971968650817871,
557,0.5178201794624329,0.011566162109375,0.5236032605171204,
558,0.7224600911140442,0.0178070068359375,0.7313635945320129,
559,0.5466737151145935,0.0158538818359375,0.5546006560325623,
560,0.9921939373016357,0.02655029296875,1.0054690837860107,
561,0.4044698178768158,0.0130767822265625,0.41100820899009705,
562,0.35335496068000793,0.0139923095703125,0.3603511154651642,
563,0.5154799222946167,0.01345062255859375,0.5222052335739136,
564,0.5040019750595093,0.0180816650390625,0.5130428075790405,
565,0.3752250671386719,0.0134124755859375,0.3819313049316406,
566,0.8072107434272766,0.020782470703125,0.8176019787788391,
567,0.5450127124786377,0.0146026611328125,0.552314043045044,
568,0.6244961023330688,0.016815185546875,0.6329036951065063,
569,0.42148101329803467,0.014312744140625,0.42863738536834717,
570,1.0588693618774414,0.0225067138671875,1.0701227188110352,
571,0.7385942339897156,0.0177154541015625,0.7474519610404968,
572,0.6274474859237671,0.01364898681640625,0.6342719793319702,
573,0.8090770840644836,0.01629638671875,0.8172252774238586,
574,0.9609476923942566,0.0234375,0.9726664423942566,
575,0.5984839200973511,0.016326904296875,0.6066473722457886,
576,0.8299712538719177,0.0182952880859375,0.8391188979148865,
577,0.5367527604103088,0.0170440673828125,0.5452747941017151,
578,0.6956921815872192,0.01873779296875,0.7050610780715942,
579,1.2141317129135132,0.01922607421875,1.2237447500228882,
580,0.5705412030220032,0.01727294921875,0.5791776776313782,
581,0.38741812109947205,0.013336181640625,0.39408621191978455,
582,0.3241021931171417,0.01186370849609375,0.3300340473651886,
583,1.0072482824325562,0.02349853515625,1.0189975500106812,
584,0.4678662121295929,0.01264190673828125,0.4741871654987335,
585,0.7918586134910583,0.017547607421875,0.8006324172019958,
586,1.4091212749481201,0.0222320556640625,1.4202373027801514,
587,0.8829990029335022,0.01517486572265625,0.8905864357948303,
588,1.1653200387954712,0.0240325927734375,1.17733633518219,
589,0.6820856928825378,0.0159149169921875,0.6900431513786316,
590,0.7649705410003662,0.0212554931640625,0.7755982875823975,
591,0.5956888198852539,0.016082763671875,0.6037302017211914,
592,0.9950041770935059,0.024627685546875,1.0073180198669434,
593,0.6161156892776489,0.0251312255859375,0.6286813020706177,
594,0.6916565895080566,0.0224761962890625,0.7028946876525879,
595,1.057655930519104,0.0246734619140625,1.0699926614761353,
596,1.0396848917007446,0.030914306640625,1.0551420450210571,
597,0.4232490062713623,0.0174102783203125,0.43195414543151855,
598,0.453946053981781,0.0197296142578125,0.46381086111068726,
599,0.5727246403694153,0.01551055908203125,0.5804799199104309,
600,0.7601872086524963,0.0197296142578125,0.7700520157814026,
601,0.4327651858329773,0.0171661376953125,0.44134825468063354,
602,0.7244333624839783,0.01538848876953125,0.7321276068687439,
603,1.0065380334854126,0.0208740234375,1.0169750452041626,
604,0.41612210869789124,0.01554107666015625,0.42389264702796936,
605,0.750034749507904,0.018096923828125,0.7590832114219666,
606,0.5865944623947144,0.01512908935546875,0.5941590070724487,
607,0.7848700881004333,0.0135955810546875,0.7916678786277771,
608,0.5320210456848145,0.0163726806640625,0.5402073860168457,
609,0.3945159316062927,0.01013946533203125,0.39958566427230835,
610,0.726104736328125,0.022491455078125,0.7373504638671875,
611,0.7747422456741333,0.017059326171875,0.7832719087600708,
612,0.45021480321884155,0.0181121826171875,0.4592708945274353,
613,0.4900377690792084,0.0148162841796875,0.4974459111690521,
614,0.5647231340408325,0.0232086181640625,0.5763274431228638,
615,0.5536763072013855,0.0157623291015625,0.5615574717521667,
616,0.5854313373565674,0.015411376953125,0.5931370258331299,
617,0.33722975850105286,0.0127410888671875,0.3436003029346466,
618,0.6023243069648743,0.01483154296875,0.6097400784492493,
619,0.43337327241897583,0.0132904052734375,0.4400184750556946,
620,0.7497830986976624,0.0177001953125,0.7586331963539124,
621,0.5330721735954285,0.0218353271484375,0.5439898371696472,
622,0.6685552000999451,0.015869140625,0.6764897704124451,
623,0.7163261771202087,0.01641845703125,0.7245354056358337,
624,0.9192342758178711,0.019378662109375,0.9289236068725586,
625,0.5486230850219727,0.01540374755859375,0.5563249588012695,
626,0.7586941123008728,0.017608642578125,0.7674984335899353,
627,0.39316606521606445,0.014434814453125,0.40038347244262695,
628,0.6210260987281799,0.018341064453125,0.6301966309547424,
629,0.4844774305820465,0.016937255859375,0.492946058511734,
630,0.2736181914806366,0.01222991943359375,0.27973315119743347,
631,0.5879455804824829,0.015655517578125,0.5957733392715454,
632,1.197648048400879,0.023712158203125,1.2095041275024414,
633,0.5751031637191772,0.0162353515625,0.5832208395004272,
634,0.4172400236129761,0.021026611328125,0.4277533292770386,
635,0.6007049083709717,0.01546478271484375,0.6084372997283936,
636,0.6661980152130127,0.01416015625,0.6732780933380127,
637,0.5604267716407776,0.0178680419921875,0.5693607926368713,
638,0.5085514783859253,0.01507568359375,0.5160893201828003,
639,0.499053418636322,0.014984130859375,0.5065454840660095,
640,0.6040956377983093,0.0177154541015625,0.6129533648490906,
641,0.5475069284439087,0.01303863525390625,0.5540262460708618,
642,0.3975437581539154,0.0121002197265625,0.40359386801719666,
643,0.6467902660369873,0.0154876708984375,0.654534101486206,
644,0.7404833436012268,0.016326904296875,0.7486467957496643,
645,1.130696415901184,0.0167694091796875,1.1390811204910278,
646,0.3893790543079376,0.0134735107421875,0.39611580967903137,
647,0.5538598895072937,0.0170440673828125,0.5623819231987,
648,0.3192193806171417,0.0120849609375,0.3252618610858917,
649,0.7690234780311584,0.0179595947265625,0.7780032753944397,
650,0.6677069664001465,0.0189666748046875,0.6771903038024902,
651,0.7192419767379761,0.018646240234375,0.7285650968551636,
652,1.2674717903137207,0.019866943359375,1.2774052619934082,
653,0.4275297224521637,0.0125732421875,0.4338163435459137,
654,0.7833571434020996,0.0164794921875,0.7915968894958496,
655,0.4720248281955719,0.00969696044921875,0.4768733084201813,
656,1.1459650993347168,0.017242431640625,1.1545863151550293,
657,1.3144787549972534,0.0237579345703125,1.3263577222824097,
658,0.705528974533081,0.01486968994140625,0.7129638195037842,
659,1.1157996654510498,0.01849365234375,1.1250464916229248,
660,0.8003249168395996,0.018096923828125,0.8093733787536621,
661,0.5747812390327454,0.017333984375,0.5834482312202454,
662,0.5147486925125122,0.0118255615234375,0.520661473274231,
663,0.9552990794181824,0.023773193359375,0.9671856760978699,
664,1.0657888650894165,0.0146484375,1.0731130838394165,
665,0.5426965355873108,0.0159759521484375,0.5506845116615295,
666,0.6555112600326538,0.0207977294921875,0.6659101247787476,
667,0.6466085314750671,0.0171661376953125,0.6551916003227234,
668,1.087998867034912,0.0196075439453125,1.0978026390075684,
669,0.4348825216293335,0.016754150390625,0.443259596824646,
670,0.8971097469329834,0.01953125,0.9068753719329834,
671,0.9594469666481018,0.0193939208984375,0.9691439270973206,
672,0.38008925318717957,0.0127410888671875,0.3864597976207733,
673,0.500058114528656,0.0134735107421875,0.5067948698997498,
674,0.738150954246521,0.01480865478515625,0.7455552816390991,
675,0.6520678400993347,0.0172119140625,0.6606737971305847,
676,0.7196720838546753,0.0159149169921875,0.727629542350769,
677,0.9680621027946472,0.0167694091796875,0.976446807384491,
678,0.5631822347640991,0.01558685302734375,0.570975661277771,
679,0.5709559917449951,0.01277923583984375,0.577345609664917,
680,1.0044910907745361,0.021514892578125,1.0152485370635986,
681,0.28987523913383484,0.0092010498046875,0.2944757640361786,
682,0.7060779929161072,0.01422882080078125,0.7131924033164978,
683,0.2869492471218109,0.009124755859375,0.2915116250514984,
684,0.7090262174606323,0.0162506103515625,0.7171515226364136,
685,0.7567524909973145,0.015777587890625,0.764641284942627,
686,0.37058305740356445,0.01029205322265625,0.3757290840148926,
687,0.6808813214302063,0.0126495361328125,0.6872060894966125,
688,0.4749968349933624,0.01316070556640625,0.48157718777656555,
689,1.0496675968170166,0.0173187255859375,1.0583269596099854,
690,0.654258668422699,0.0163116455078125,0.6624144911766052,
691,0.32517439126968384,0.00862884521484375,0.3294888138771057,
692,0.7012007236480713,0.015869140625,0.7091352939605713,
693,0.4614950120449066,0.0127716064453125,0.46788081526756287,
694,0.9843392372131348,0.01531982421875,0.9919991493225098,
695,1.1833935976028442,0.032623291015625,1.1997052431106567,
696,0.776422917842865,0.0156097412109375,0.7842277884483337,
697,1.475367784500122,0.019805908203125,1.4852707386016846,
698,0.6719030141830444,0.01374053955078125,0.6787732839584351,
699,0.3592075705528259,0.01036834716796875,0.3643917441368103,
700,0.5908965468406677,0.013916015625,0.5978545546531677,
701,0.6243793368339539,0.01337432861328125,0.6310665011405945,
702,0.7949531674385071,0.020355224609375,0.8051307797431946,
703,0.4665801525115967,0.0145416259765625,0.47385096549987793,
704,0.5636963844299316,0.01263427734375,0.5700135231018066,
705,0.39540553092956543,0.01006317138671875,0.4004371166229248,
706,0.5835816264152527,0.0190277099609375,0.5930954813957214,
707,0.8161264061927795,0.0194244384765625,0.8258386254310608,
708,0.4693193733692169,0.017364501953125,0.4780016243457794,
709,1.4148588180541992,0.0208587646484375,1.425288200378418,
710,0.6509069800376892,0.0125732421875,0.6571936011314392,
711,0.6954436302185059,0.0141448974609375,0.7025160789489746,
712,0.30653446912765503,0.009674072265625,0.31137150526046753,
713,0.747974693775177,0.0177154541015625,0.7568324208259583,
714,0.35748976469039917,0.0069580078125,0.36096876859664917,
715,0.9007112979888916,0.0167999267578125,0.9091112613677979,
716,0.43440529704093933,0.01531982421875,0.44206520915031433,
717,0.659148097038269,0.01904296875,0.668669581413269,
718,0.761115550994873,0.01381683349609375,0.7680239677429199,
719,1.1831177473068237,0.0219268798828125,1.19408118724823,
720,0.7296687960624695,0.0150146484375,0.7371761202812195,
721,0.5948472023010254,0.01531219482421875,0.6025032997131348,
722,0.5461454391479492,0.01507568359375,0.5536832809448242,
723,0.9216247200965881,0.027191162109375,0.9352203011512756,
724,0.7436187863349915,0.01702880859375,0.7521331906318665,
725,0.6995553970336914,0.022613525390625,0.7108621597290039,
726,0.9732058644294739,0.0181732177734375,0.9822924733161926,
727,0.8034116625785828,0.0197296142578125,0.813276469707489,
728,0.7807121872901917,0.016143798828125,0.7887840867042542,
729,0.5650299787521362,0.0161895751953125,0.5731247663497925,
730,0.5801053643226624,0.0162811279296875,0.5882459282875061,
731,0.9043589234352112,0.0210113525390625,0.9148645997047424,
732,0.8047714233398438,0.023162841796875,0.8163528442382812,
733,0.6028763055801392,0.01465606689453125,0.6102043390274048,
734,1.067246675491333,0.01739501953125,1.075944185256958,
735,0.4184715747833252,0.0122528076171875,0.42459797859191895,
736,1.239516258239746,0.020721435546875,1.2498769760131836,
737,0.8787801861763,0.0171966552734375,0.8873785138130188,
738,1.2161800861358643,0.0197296142578125,1.2260448932647705,
739,0.9078927636146545,0.0164337158203125,0.9161096215248108,
740,0.7302029728889465,0.0226898193359375,0.7415478825569153,
741,0.7140054702758789,0.0230712890625,0.7255411148071289,
742,0.5471196174621582,0.016815185546875,0.5555272102355957,
743,0.7219818234443665,0.0177001953125,0.7308319211006165,
744,0.7652327418327332,0.0155792236328125,0.7730223536491394,
745,0.9418898224830627,0.0163116455078125,0.950045645236969,
746,1.1352834701538086,0.01995849609375,1.1452627182006836,
747,0.8236224055290222,0.016204833984375,0.8317248225212097,
748,0.5886062383651733,0.0137176513671875,0.5954650640487671,
749,1.0188499689102173,0.0216064453125,1.0296531915664673,
750,1.147139072418213,0.0176849365234375,1.1559815406799316,
751,0.5833631157875061,0.01270294189453125,0.5897145867347717,
752,0.6913926601409912,0.0162200927734375,0.69950270652771,
753,1.0591014623641968,0.020416259765625,1.0693095922470093,
754,0.578266441822052,0.0137176513671875,0.5851252675056458,
755,0.636882483959198,0.01580810546875,0.644786536693573,
756,0.6044523119926453,0.0135955810546875,0.611250102519989,
757,1.296311378479004,0.018646240234375,1.3056344985961914,
758,0.328311949968338,0.01201629638671875,0.3343200981616974,
759,0.9780462980270386,0.01528167724609375,0.9856871366500854,
760,0.345487505197525,0.00867462158203125,0.34982481598854065,
761,0.7781248688697815,0.0159912109375,0.7861204743385315,
762,0.4653299152851105,0.0143890380859375,0.4725244343280792,
763,0.538231611251831,0.0130157470703125,0.5447394847869873,
764,0.5645997524261475,0.013519287109375,0.571359395980835,
765,0.6294718980789185,0.01303863525390625,0.6359912157058716,
766,0.9951397180557251,0.01509857177734375,1.002689003944397,
767,0.853561282157898,0.01326751708984375,0.8601950407028198,
768,0.8621135950088501,0.0186614990234375,0.8714443445205688,
769,0.5285382866859436,0.01097869873046875,0.534027636051178,
770,0.8072001338005066,0.0160369873046875,0.8152186274528503,
771,0.838786780834198,0.01522064208984375,0.8463971018791199,
772,0.8856110572814941,0.016265869140625,0.8937439918518066,
773,0.6548457741737366,0.01444244384765625,0.6620669960975647,
774,0.7206412553787231,0.0204925537109375,0.7308875322341919,
775,0.4150826036930084,0.0119476318359375,0.4210564196109772,
776,0.6980417370796204,0.01348876953125,0.7047861218452454,
777,0.5827300548553467,0.01143646240234375,0.5884482860565186,
778,0.6898995041847229,0.01412200927734375,0.6969605088233948,
779,0.45999157428741455,0.010894775390625,0.46543896198272705,
780,0.7099460363388062,0.014739990234375,0.7173160314559937,
781,0.9442175030708313,0.0205535888671875,0.954494297504425,
782,0.3606587052345276,0.00838470458984375,0.36485105752944946,
783,0.5076612830162048,0.01320648193359375,0.5142645239830017,
784,0.6060423851013184,0.0142059326171875,0.6131453514099121,
785,0.48333990573883057,0.012359619140625,0.48951971530914307,
786,1.0184627771377563,0.018035888671875,1.0274807214736938,
787,0.7355536818504333,0.01107025146484375,0.7410888075828552,
788,0.8205733299255371,0.0131988525390625,0.8271727561950684,
789,0.8571293354034424,0.01544952392578125,0.864854097366333,
790,0.5761559009552002,0.0167236328125,0.5845177173614502,
791,0.46480321884155273,0.0127105712890625,0.471158504486084,
792,0.5603380799293518,0.011749267578125,0.5662127137184143,
793,0.502771258354187,0.00962066650390625,0.5075815916061401,
794,0.6537660956382751,0.01084136962890625,0.6591867804527283,
795,0.5731759667396545,0.01462554931640625,0.5804887413978577,
796,0.39271074533462524,0.01056671142578125,0.39799410104751587,
797,0.5441694855690002,0.01070404052734375,0.5495215058326721,
798,0.6361851692199707,0.01142120361328125,0.6418957710266113,
799,0.5741931796073914,0.01300811767578125,0.580697238445282,
800,0.7266849875450134,0.0173797607421875,0.7353748679161072,
801,0.41626423597335815,0.01168060302734375,0.42210453748703003,
802,0.6307405233383179,0.01323699951171875,0.6373590230941772,
803,0.7620887160301208,0.0144805908203125,0.7693290114402771,
804,0.8136536478996277,0.01611328125,0.8217102885246277,
805,0.7134972214698792,0.014739990234375,0.7208672165870667,
806,0.47618892788887024,0.01297760009765625,0.48267772793769836,
807,0.6546359658241272,0.0161590576171875,0.662715494632721,
808,0.572311520576477,0.01369476318359375,0.5791589021682739,
809,0.7480810284614563,0.01337432861328125,0.7547681927680969,
810,0.6377068161964417,0.0166168212890625,0.6460152268409729,
811,0.7160901427268982,0.01418304443359375,0.7231816649436951,
812,1.1002863645553589,0.0166168212890625,1.1085947751998901,
813,0.37319791316986084,0.0146636962890625,0.3805297613143921,
814,0.44435548782348633,0.01507568359375,0.45189332962036133,
815,0.7813559174537659,0.017578125,0.7901449799537659,
816,0.8234937191009521,0.0225372314453125,0.8347623348236084,
817,0.782241940498352,0.01387786865234375,0.7891808748245239,
818,1.020860195159912,0.016754150390625,1.0292372703552246,
819,0.5329093337059021,0.01271820068359375,0.539268434047699,
820,0.5389273166656494,0.01428985595703125,0.546072244644165,
821,0.5886768102645874,0.01369476318359375,0.5955241918563843,
822,0.37856459617614746,0.00777435302734375,0.38245177268981934,
823,0.8734082579612732,0.016448974609375,0.8816327452659607,
824,0.526669442653656,0.01258087158203125,0.5329598784446716,
825,0.5842593908309937,0.011077880859375,0.5897983312606812,
826,1.1176307201385498,0.0183868408203125,1.126824140548706,
827,0.9205130338668823,0.0162506103515625,0.9286383390426636,
828,0.8739258050918579,0.01282501220703125,0.8803383111953735,
829,0.6912447214126587,0.0139007568359375,0.6981950998306274,
830,0.8673752546310425,0.01506805419921875,0.8749092817306519,
831,0.3890190124511719,0.01291656494140625,0.395477294921875,
832,0.6557362675666809,0.0122222900390625,0.6618474125862122,
833,0.7963191270828247,0.01334381103515625,0.8029910326004028,
834,0.690597414970398,0.0155181884765625,0.6983565092086792,
835,0.42450934648513794,0.00943756103515625,0.42922812700271606,
836,0.5451049208641052,0.01116180419921875,0.5506858229637146,
837,0.5365361571311951,0.01148223876953125,0.5422772765159607,
838,0.7602003216743469,0.0143585205078125,0.7673795819282532,
839,0.40402716398239136,0.0075225830078125,0.4077884554862976,
840,0.7821080684661865,0.0124053955078125,0.7883107662200928,
841,0.7393100261688232,0.0170745849609375,0.747847318649292,
842,0.8891578316688538,0.015045166015625,0.8966804146766663,
843,0.6791114211082458,0.01335906982421875,0.6857909560203552,
844,0.7061550617218018,0.01202392578125,0.7121670246124268,
845,0.6946722865104675,0.01334381103515625,0.7013441920280457,
846,0.7942723631858826,0.017578125,0.8030614256858826,
847,0.3381982147693634,0.0081939697265625,0.34229519963264465,
848,0.8454064130783081,0.01560211181640625,0.8532074689865112,
849,0.8136424422264099,0.01389312744140625,0.820589005947113,
850,0.8341661691665649,0.01561737060546875,0.8419748544692993,
851,0.6075447201728821,0.01383209228515625,0.6144607663154602,
852,0.5239887833595276,0.0136871337890625,0.5308323502540588,
853,1.033683180809021,0.0138702392578125,1.0406183004379272,
854,0.9839218258857727,0.01531982421875,0.9915817379951477,
855,0.9902318120002747,0.0136260986328125,0.9970448613166809,
856,1.048035979270935,0.018890380859375,1.0574811697006226,
857,1.7955539226531982,0.0198974609375,1.8055026531219482,
858,0.6935878992080688,0.0177154541015625,0.7024456262588501,
859,0.7578883171081543,0.0149993896484375,0.765388011932373,
860,0.33006712794303894,0.01006317138671875,0.3350987136363983,
861,0.6378340721130371,0.0185394287109375,0.6471037864685059,
862,0.8239779472351074,0.0144500732421875,0.8312029838562012,
863,0.673210620880127,0.01416778564453125,0.6802945137023926,
864,0.6962815523147583,0.016754150390625,0.7046586275100708,
865,0.9204831123352051,0.0126495361328125,0.9268078804016113,
866,0.5711923241615295,0.01251220703125,0.5774484276771545,
867,0.6081166863441467,0.01416778564453125,0.6152005791664124,
868,0.7097369432449341,0.01471710205078125,0.7170954942703247,
869,0.7477217316627502,0.0164794921875,0.7559614777565002,
870,0.37468641996383667,0.00836181640625,0.37886732816696167,
871,0.8080134391784668,0.01947021484375,0.8177485466003418,
872,1.1857585906982422,0.0150909423828125,1.1933040618896484,
873,0.9134485721588135,0.0126190185546875,0.9197580814361572,
874,0.5336425304412842,0.011260986328125,0.5392730236053467,
875,0.5488796830177307,0.01439666748046875,0.5560780167579651,
876,0.8025867938995361,0.0142059326171875,0.8096897602081299,
877,0.4781930148601532,0.0099334716796875,0.48315975069999695,
878,0.6248723268508911,0.012115478515625,0.6309300661087036,
879,0.5114648938179016,0.010498046875,0.5167139172554016,
880,0.4431174695491791,0.007320404052734375,0.44677767157554626,
881,0.7779760360717773,0.011199951171875,0.7835760116577148,
882,0.5641723275184631,0.01204681396484375,0.570195734500885,
883,0.43894219398498535,0.01010894775390625,0.4439966678619385,
884,1.1180012226104736,0.01305389404296875,1.124528169631958,
885,0.3889352083206177,0.0116729736328125,0.3947716951370239,
886,0.4382394850254059,0.01666259765625,0.4465707838535309,
887,0.3994024991989136,0.008270263671875,0.4035376310348511,
888,0.35335612297058105,0.007465362548828125,0.3570888042449951,
889,0.8341178297996521,0.01378631591796875,0.8410109877586365,
890,0.533677339553833,0.00991058349609375,0.5386326313018799,
891,0.8462052345275879,0.0184326171875,0.8554215431213379,
892,0.4910850524902344,0.01061248779296875,0.49639129638671875,
893,0.5906606316566467,0.009765625,0.5955434441566467,
894,0.655846118927002,0.0127105712890625,0.6622014045715332,
895,0.4428976774215698,0.010650634765625,0.4482229948043823,
896,0.38278433680534363,0.0082244873046875,0.3868965804576874,
897,0.9443555474281311,0.0125885009765625,0.9506497979164124,
898,0.45777401328086853,0.0097198486328125,0.4626339375972748,
899,0.48158323764801025,0.007747650146484375,0.48545706272125244,
900,0.5410742163658142,0.01074981689453125,0.5464491248130798,
901,0.8147779107093811,0.015716552734375,0.8226361870765686,
902,0.9204673767089844,0.0130767822265625,0.9270057678222656,
903,0.8167405128479004,0.010223388671875,0.8218522071838379,
904,0.7794880867004395,0.0132904052734375,0.7861332893371582,
905,0.6352657079696655,0.0135650634765625,0.6420482397079468,
906,0.989762544631958,0.0220947265625,1.000809907913208,
907,0.4981837272644043,0.01259613037109375,0.5044817924499512,
908,0.43639224767684937,0.00804901123046875,0.44041675329208374,
909,0.30183127522468567,0.011016845703125,0.30733969807624817,
910,0.7489587664604187,0.0131072998046875,0.7555124163627625,
911,0.9058092832565308,0.013641357421875,0.9126299619674683,
912,1.1500753164291382,0.015167236328125,1.1576589345932007,
913,0.45864227414131165,0.010284423828125,0.46378448605537415,
914,0.8890856504440308,0.0152130126953125,0.896692156791687,
915,0.5309476256370544,0.012115478515625,0.5370053648948669,
916,0.5569853186607361,0.0157318115234375,0.5648512244224548,
917,0.8336796164512634,0.01331329345703125,0.840336263179779,
918,0.4544309973716736,0.0114593505859375,0.46016067266464233,
919,0.4948209822177887,0.0117645263671875,0.5007032155990601,
920,0.4213903546333313,0.0092926025390625,0.42603665590286255,
921,1.0450735092163086,0.023590087890625,1.056868553161621,
922,1.0612330436706543,0.01861572265625,1.0705409049987793,
923,0.8141170740127563,0.017547607421875,0.8228908777236938,
924,0.603186845779419,0.01187896728515625,0.6091263294219971,
925,0.4093758165836334,0.0087127685546875,0.4137322008609772,
926,0.9478492736816406,0.0125579833984375,0.9541282653808594,
927,0.5206989049911499,0.0118255615234375,0.5266116857528687,
928,0.788995623588562,0.017791748046875,0.7978914976119995,
929,0.7815015912055969,0.015869140625,0.7894361615180969,
930,0.6385373473167419,0.0098724365234375,0.6434735655784607,
931,0.3213695287704468,0.00811004638671875,0.32542455196380615,
932,0.5433146357536316,0.0161895751953125,0.5514094233512878,
933,0.5782171487808228,0.0159759521484375,0.5862051248550415,
934,0.9835518598556519,0.0157470703125,0.9914253950119019,
935,1.0634084939956665,0.01401519775390625,1.0704160928726196,
936,0.41529789566993713,0.01021575927734375,0.420405775308609,
937,0.43407773971557617,0.00894927978515625,0.4385523796081543,
938,0.9463919997215271,0.0146026611328125,0.9536933302879333,
939,0.7862708568572998,0.01399993896484375,0.7932708263397217,
940,0.5691790580749512,0.01409912109375,0.5762286186218262,
941,0.6528747081756592,0.0146942138671875,0.6602218151092529,
942,0.5546699166297913,0.0128021240234375,0.56107097864151,
943,0.7673252820968628,0.017181396484375,0.7759159803390503,
944,0.8098357915878296,0.01397705078125,0.8168243169784546,
945,0.7958667874336243,0.01042938232421875,0.8010814785957336,
946,0.9343734979629517,0.01153564453125,0.9401413202285767,
947,0.4102228283882141,0.0082550048828125,0.41435033082962036,
948,0.6621062159538269,0.01183319091796875,0.6680228114128113,
949,0.6187599897384644,0.0091094970703125,0.6233147382736206,
950,0.6130989789962769,0.00923919677734375,0.6177185773849487,
951,1.0369375944137573,0.0157470703125,1.0448111295700073,
952,0.7220594882965088,0.01444244384765625,0.7292807102203369,
953,0.5930142402648926,0.00982666015625,0.5979275703430176,
954,0.7956050634384155,0.015838623046875,0.803524374961853,
955,0.4835650622844696,0.01180267333984375,0.4894663989543915,
956,0.6749846339225769,0.011932373046875,0.6809508204460144,
957,1.0983023643493652,0.0135498046875,1.1050772666931152,
958,0.40370652079582214,0.00848388671875,0.40794846415519714,
959,0.8728740811347961,0.01256561279296875,0.8791568875312805,
960,0.7416508793830872,0.013916015625,0.7486088871955872,
961,0.6661462783813477,0.0147552490234375,0.6735239028930664,
962,0.5669487714767456,0.0081024169921875,0.5709999799728394,
963,0.3903068006038666,0.0115814208984375,0.3960975110530853,
964,0.3554123640060425,0.0087890625,0.3598068952560425,
965,0.3131702244281769,0.00835418701171875,0.31734731793403625,
966,0.7523792386054993,0.01317596435546875,0.7589672207832336,
967,0.4004870355129242,0.010955810546875,0.4059649407863617,
968,0.43373382091522217,0.01065826416015625,0.4390629529953003,
969,0.6019827127456665,0.010833740234375,0.607399582862854,
970,0.7108260989189148,0.01427459716796875,0.7179633975028992,
971,0.7456181049346924,0.011016845703125,0.7511265277862549,
972,0.938076376914978,0.0125732421875,0.944362998008728,
973,0.519736647605896,0.0122528076171875,0.5258630514144897,
974,0.6424862146377563,0.012054443359375,0.6485134363174438,
975,0.9586998224258423,0.01483154296875,0.9661155939102173,
976,0.44775259494781494,0.0131988525390625,0.4543520212173462,
977,0.5918022990226746,0.01318359375,0.5983940958976746,
978,0.42252740263938904,0.00911712646484375,0.4270859658718109,
979,1.207810878753662,0.01617431640625,1.215898036956787,
980,0.5947758555412292,0.00913238525390625,0.5993420481681824,
981,0.6476732492446899,0.01097869873046875,0.6531625986099243,
982,1.2359422445297241,0.019195556640625,1.2455400228500366,
983,0.3139117360115051,0.00853729248046875,0.3181803822517395,
984,0.7735534906387329,0.0124969482421875,0.7798019647598267,
985,0.4669119417667389,0.0094757080078125,0.47164979577064514,
986,0.7056086659431458,0.01242828369140625,0.7118228077888489,
987,0.37502017617225647,0.00820159912109375,0.37912097573280334,
988,0.6624754071235657,0.01015472412109375,0.6675527691841125,
989,0.8593965768814087,0.01117706298828125,0.8649851083755493,
990,0.9956878423690796,0.0182647705078125,1.0048202276229858,
991,1.0323995351791382,0.012542724609375,1.0386708974838257,
992,0.8646847009658813,0.01470947265625,0.8720394372940063,
993,0.6744279265403748,0.01412200927734375,0.6814889311790466,
994,0.40788406133651733,0.0099334716796875,0.4128507971763611,
995,0.8331660032272339,0.0156097412109375,0.8409708738327026,
996,0.4461290240287781,0.0088653564453125,0.4505617022514343,
997,0.49961036443710327,0.00908660888671875,0.5041536688804626,
998,0.593930184841156,0.01180267333984375,0.5998315215110779,
999,0.857994794845581,0.01224517822265625,0.8641173839569092,
1000,1.009078025817871,0.01428985595703125,1.0162229537963867,51.52671755725191
1001,0.8591883778572083,0.0133514404296875,0.865864098072052,
1002,0.4616795480251312,0.010284423828125,0.4668217599391937,
1003,0.677270770072937,0.01149749755859375,0.6830195188522339,
1004,0.44166693091392517,0.0084686279296875,0.4459012448787689,
1005,0.9159218668937683,0.01397705078125,0.9229103922843933,
1006,0.6786668300628662,0.01387786865234375,0.6856057643890381,
1007,1.095379114151001,0.0157012939453125,1.1032297611236572,
1008,0.7529105544090271,0.0160980224609375,0.7609595656394958,
1009,0.9694955945014954,0.01514434814453125,0.977067768573761,
1010,0.3413658142089844,0.009765625,0.3462486267089844,
1011,0.9957266449928284,0.016021728515625,1.003737449645996,
1012,0.37772229313850403,0.0087738037109375,0.3821091949939728,
1013,0.8401303887367249,0.015533447265625,0.8478971123695374,
1014,1.2409886121749878,0.0174560546875,1.2497166395187378,
1015,0.4719158709049225,0.01233673095703125,0.4780842363834381,
1016,0.5179088115692139,0.01062774658203125,0.5232226848602295,
1017,0.7056670188903809,0.0131072998046875,0.7122206687927246,
1018,0.5497313737869263,0.00695037841796875,0.5532065629959106,
1019,0.6063192486763,0.01496124267578125,0.6137998700141907,
1020,0.4518835246562958,0.00940704345703125,0.4565870463848114,
1021,0.31336089968681335,0.00789642333984375,0.31730911135673523,
1022,0.6095496416091919,0.015869140625,0.6174842119216919,
1023,0.8431103229522705,0.0152740478515625,0.8507473468780518,
1024,0.9245031476020813,0.01325225830078125,0.9311292767524719,
1025,0.6772659420967102,0.01239776611328125,0.6834648251533508,
1026,1.2639007568359375,0.01824951171875,1.2730255126953125,
1027,0.8519334197044373,0.01247406005859375,0.8581704497337341,
1028,0.26216620206832886,0.00548553466796875,0.26490896940231323,
1029,0.7518083453178406,0.012664794921875,0.7581407427787781,
1030,0.5028655529022217,0.0097808837890625,0.5077559947967529,
1031,0.37285467982292175,0.00858306884765625,0.3771462142467499,
1032,0.8288782238960266,0.01312255859375,0.8354395031929016,
1033,0.23839104175567627,0.0063934326171875,0.24158775806427002,
1034,0.5480343699455261,0.0098419189453125,0.5529553294181824,
1035,0.5877811312675476,0.01071929931640625,0.5931407809257507,
1036,1.0249892473220825,0.0174102783203125,1.0336943864822388,
1037,0.7461672425270081,0.0098114013671875,0.7510729432106018,
1038,0.47821012139320374,0.00917816162109375,0.4827992022037506,
1039,0.6634300351142883,0.01303863525390625,0.6699493527412415,
1040,0.8472298383712769,0.01544952392578125,0.8549546003341675,
1041,0.436614990234375,0.0111083984375,0.442169189453125,
1042,0.5744941234588623,0.0086212158203125,0.5788047313690186,
1043,0.4406801462173462,0.009796142578125,0.4455782175064087,
1044,0.7885138988494873,0.01287841796875,0.7949531078338623,
1045,0.6529582142829895,0.01544189453125,0.6606791615486145,
1046,0.7450938820838928,0.013885498046875,0.7520366311073303,
1047,0.8145657777786255,0.0137176513671875,0.8214246034622192,
1048,0.8600291013717651,0.013916015625,0.8669871091842651,
1049,0.6210512518882751,0.00821685791015625,0.6251596808433533,
1050,0.4502425491809845,0.0107574462890625,0.45562127232551575,
1051,0.6485101580619812,0.01030731201171875,0.6536638140678406,
1052,0.41953274607658386,0.0078582763671875,0.4234618842601776,
1053,0.9915685653686523,0.0227813720703125,1.0029592514038086,
1054,0.36312708258628845,0.00897216796875,0.36761316657066345,
1055,0.6957788467407227,0.0107421875,0.7011499404907227,
1056,0.9053390622138977,0.0126495361328125,0.911663830280304,
1057,0.6807034611701965,0.010498046875,0.6859524846076965,
1058,0.45916813611984253,0.0118255615234375,0.4650809168815613,
1059,0.7812449336051941,0.0103607177734375,0.7864252924919128,
1060,0.7964077591896057,0.0107574462890625,0.801786482334137,
1061,0.5185458660125732,0.011199951171875,0.5241458415985107,
1062,0.4180797040462494,0.007965087890625,0.4220622479915619,
1063,1.0219327211380005,0.015350341796875,1.029607892036438,
1064,0.6007404923439026,0.0123291015625,0.6069050431251526,
1065,0.7168347835540771,0.01363372802734375,0.723651647567749,
1066,0.2903607189655304,0.00634765625,0.2935345470905304,
1067,0.6467242240905762,0.00977325439453125,0.6516108512878418,
1068,0.7295610308647156,0.0105743408203125,0.7348482012748718,
1069,0.7269893884658813,0.01152801513671875,0.7327533960342407,
1070,0.2960812747478485,0.01019287109375,0.3011777102947235,
1071,0.8973076343536377,0.01413726806640625,0.9043762683868408,
1072,0.7816728949546814,0.0141754150390625,0.7887606024742126,
1073,0.7794371247291565,0.0122833251953125,0.7855787873268127,
1074,0.5479112863540649,0.00945281982421875,0.5526376962661743,
1075,0.7191027402877808,0.01397705078125,0.7260912656784058,
1076,0.615012526512146,0.010162353515625,0.6200937032699585,
1077,0.5836564302444458,0.0115814208984375,0.5894471406936646,
1078,0.5668054223060608,0.01313018798828125,0.5733705163002014,
1079,0.3775636851787567,0.00722503662109375,0.3811762034893036,
1080,0.2976597845554352,0.007633209228515625,0.301476389169693,
1081,0.38677191734313965,0.007282257080078125,0.3904130458831787,
1082,0.5108750462532043,0.01129150390625,0.5165207982063293,
1083,0.494658887386322,0.01082611083984375,0.5000719428062439,
1084,0.7663511037826538,0.01220703125,0.7724546194076538,
1085,0.6472702622413635,0.01137542724609375,0.6529579758644104,
1086,0.7933193445205688,0.01171875,0.7991787195205688,
1087,1.2027086019515991,0.0166473388671875,1.2110322713851929,
1088,0.2782153785228729,0.00656890869140625,0.28149983286857605,
1089,0.4984959065914154,0.00958251953125,0.5032871961593628,
1090,0.6549296975135803,0.00801849365234375,0.6589389443397522,
1091,0.4706760048866272,0.0131072998046875,0.47722965478897095,
1092,0.3682352602481842,0.00899505615234375,0.3727327883243561,
1093,0.5503795742988586,0.01520538330078125,0.5579822659492493,
1094,0.47885772585868835,0.0078582763671875,0.4827868640422821,
1095,0.3871428370475769,0.006755828857421875,0.39052075147628784,
1096,0.6343513131141663,0.0103759765625,0.6395393013954163,
1097,1.0923203229904175,0.01508331298828125,1.099861979484558,
1098,1.008368968963623,0.0119781494140625,1.0143580436706543,
1099,0.7945231795310974,0.01340484619140625,0.8012256026268005,
1100,0.31881004571914673,0.007205963134765625,0.32241302728652954,
1101,0.4192235469818115,0.00908660888671875,0.4237668514251709,
1102,0.36814841628074646,0.0091400146484375,0.3727184236049652,
1103,0.6265026330947876,0.01313018798828125,0.6330677270889282,
1104,0.5462615489959717,0.01141357421875,0.5519683361053467,
1105,0.76784747838974,0.01171875,0.77370685338974,
1106,0.6322292685508728,0.01070404052734375,0.6375812888145447,
1107,0.4128049612045288,0.01055908203125,0.4180845022201538,
1108,0.7031173706054688,0.0164337158203125,0.711334228515625,
1109,0.60924232006073,0.0104827880859375,0.6144837141036987,
1110,0.4158373475074768,0.0116424560546875,0.42165857553482056,
1111,0.46298307180404663,0.00839996337890625,0.46718305349349976,
1112,0.5117638111114502,0.011932373046875,0.5177299976348877,
1113,1.2774012088775635,0.01416778564453125,1.284485101699829,
1114,0.6264761090278625,0.01136016845703125,0.6321561932563782,
1115,1.6196380853652954,0.01497650146484375,1.6271263360977173,
1116,0.68849778175354,0.01094818115234375,0.6939718723297119,
1117,0.8664969205856323,0.0114288330078125,0.8722113370895386,
1118,0.5000751614570618,0.009063720703125,0.5046070218086243,
1119,0.8030941486358643,0.01432037353515625,0.8102543354034424,
1120,0.3884519040584564,0.00751495361328125,0.39220938086509705,
1121,0.3861001133918762,0.007511138916015625,0.38985568284988403,
1122,0.7170230746269226,0.01483154296875,0.7244388461112976,
1123,0.533591091632843,0.00977325439453125,0.5384777188301086,
1124,0.6101810336112976,0.007785797119140625,0.6140739321708679,
1125,0.7482877373695374,0.0114593505859375,0.7540174126625061,
1126,0.5387368202209473,0.00891876220703125,0.5431962013244629,
1127,0.5472914576530457,0.01493072509765625,0.5547568202018738,
1128,0.7023859024047852,0.0167694091796875,0.7107706069946289,
1129,0.4852871894836426,0.0113525390625,0.4909634590148926,
1130,0.46124792098999023,0.010223388671875,0.46635961532592773,
1131,1.0941085815429688,0.0177764892578125,1.102996826171875,
1132,0.8447402119636536,0.0142669677734375,0.8518736958503723,
1133,0.49505966901779175,0.0150299072265625,0.502574622631073,
1134,0.38497936725616455,0.01000213623046875,0.3899804353713989,
1135,0.7196328043937683,0.01318359375,0.7262246012687683,
1136,1.0910813808441162,0.015106201171875,1.0986344814300537,
1137,0.9194329977035522,0.009368896484375,0.9241174459457397,
1138,0.6914201974868774,0.01230621337890625,0.6975733041763306,
1139,0.9100745320320129,0.012664794921875,0.9164069294929504,
1140,0.8572003841400146,0.01358795166015625,0.8639943599700928,
1141,0.6055541038513184,0.0119781494140625,0.6115431785583496,
1142,0.8348626494407654,0.0124969482421875,0.8411111235618591,
1143,1.2096601724624634,0.0128326416015625,1.2160764932632446,
1144,0.5681982040405273,0.01090240478515625,0.5736494064331055,
1145,0.4480403959751129,0.00838470458984375,0.4522327482700348,
1146,0.7634472250938416,0.01024627685546875,0.7685703635215759,
1147,0.4936530590057373,0.01035308837890625,0.49882960319519043,
1148,0.7399012446403503,0.01372528076171875,0.7467638850212097,
1149,0.47507521510124207,0.007770538330078125,0.47896048426628113,
1150,0.4380749464035034,0.007965087890625,0.4420574903488159,
1151,0.9359793066978455,0.015167236328125,0.943562924861908,
1152,0.36499255895614624,0.00676727294921875,0.3683761954307556,
1153,0.4051806628704071,0.00655364990234375,0.408457487821579,
1154,0.6532202959060669,0.01032257080078125,0.6583815813064575,
1155,0.586998462677002,0.0109405517578125,0.5924687385559082,
1156,0.4621838629245758,0.006542205810546875,0.46545496582984924,
1157,0.836667001247406,0.01424407958984375,0.8437890410423279,
1158,0.3499559760093689,0.00884246826171875,0.35437721014022827,
1159,0.8453029990196228,0.0137786865234375,0.8521923422813416,
1160,0.6349918246269226,0.009521484375,0.6397525668144226,
1161,0.6613091230392456,0.01044464111328125,0.6665314435958862,
1162,0.35098642110824585,0.0081634521484375,0.3550681471824646,
1163,0.8275372385978699,0.01129150390625,0.8331829905509949,
1164,0.6224876046180725,0.01030731201171875,0.6276412606239319,
1165,1.1338790655136108,0.011962890625,1.1398605108261108,
1166,0.21103277802467346,0.006458282470703125,0.21426191926002502,
1167,0.7657814621925354,0.0110931396484375,0.7713280320167542,
1168,0.5343060493469238,0.009918212890625,0.5392651557922363,
1169,0.5232034921646118,0.0089111328125,0.5276590585708618,
1170,0.7337885499000549,0.0118865966796875,0.7397318482398987,
1171,0.5884945392608643,0.01145172119140625,0.5942203998565674,
1172,0.8556656241416931,0.0164031982421875,0.8638672232627869,
1173,0.4872854948043823,0.012664794921875,0.4936178922653198,
1174,0.8043837547302246,0.01263427734375,0.8107008934020996,
1175,0.3735212981700897,0.00774383544921875,0.3773932158946991,
1176,0.8082231283187866,0.01465606689453125,0.8155511617660522,
1177,0.7234504818916321,0.01363372802734375,0.730267345905304,
1178,0.5009260773658752,0.00905609130859375,0.5054541230201721,
1179,0.41903528571128845,0.00909423828125,0.42358240485191345,
1180,0.7064039707183838,0.01363372802734375,0.7132208347320557,
1181,0.8334146738052368,0.0162200927734375,0.8415247201919556,
1182,0.4704483151435852,0.00872802734375,0.4748123288154602,
1183,0.7047185301780701,0.01024627685546875,0.7098416686058044,
1184,0.43681761622428894,0.0106201171875,0.44212767481803894,
1185,0.800713300704956,0.0113677978515625,0.8063971996307373,
1186,0.5562833547592163,0.00957489013671875,0.5610707998275757,
1187,0.5596292614936829,0.0110931396484375,0.5651758313179016,
1188,0.5197654962539673,0.006931304931640625,0.5232311487197876,
1189,0.7687370777130127,0.01552581787109375,0.7764999866485596,
1190,1.122895359992981,0.0131988525390625,1.1294947862625122,
1191,1.1628272533416748,0.01406097412109375,1.1698577404022217,
1192,0.5414918661117554,0.00955963134765625,0.5462716817855835,
1193,0.9764850735664368,0.01189422607421875,0.9824321866035461,
1194,0.8278918862342834,0.01507568359375,0.8354297280311584,
1195,0.7223181128501892,0.01224517822265625,0.7284407019615173,
1196,0.7929311990737915,0.01200103759765625,0.7989317178726196,
1197,0.41152331233024597,0.0102691650390625,0.4166578948497772,
1198,0.33313459157943726,0.0064697265625,0.33636945486068726,
1199,0.6301615238189697,0.0128021240234375,0.6365625858306885,
1200,0.5295425057411194,0.0090789794921875,0.5340819954872131,
1201,0.582381546497345,0.01152801513671875,0.5881455540657043,
1202,1.3747265338897705,0.0197296142578125,1.3845913410186768,
1203,0.7073221206665039,0.0120697021484375,0.7133569717407227,
1204,0.5353639721870422,0.0098724365234375,0.540300190448761,
1205,0.8439813256263733,0.01287841796875,0.8504205346107483,
1206,0.41407647728919983,0.008758544921875,0.41845574975013733,
1207,0.6669334769248962,0.0113983154296875,0.67263263463974,
1208,0.5345203280448914,0.00968170166015625,0.5393611788749695,
1209,1.030798316001892,0.01158905029296875,1.0365928411483765,
1210,0.3729189932346344,0.0090789794921875,0.37745848298072815,
1211,0.8383122682571411,0.0082550048828125,0.8424397706985474,
1212,0.8845849633216858,0.01358795166015625,0.8913789391517639,
1213,0.9221917986869812,0.0130615234375,0.9287225604057312,
1214,0.30780819058418274,0.00740814208984375,0.3115122616291046,
1215,0.8052498698234558,0.0092926025390625,0.8098961710929871,
1216,0.3358607292175293,0.00795745849609375,0.33983945846557617,
1217,1.1414072513580322,0.01201629638671875,1.1474153995513916,
1218,0.33671703934669495,0.006862640380859375,0.34014835953712463,
1219,0.8133977651596069,0.0153350830078125,0.8210653066635132,
1220,0.3848755359649658,0.00621795654296875,0.3879845142364502,
1221,0.5027557611465454,0.0082855224609375,0.5068985223770142,
1222,0.39525723457336426,0.01302337646484375,0.40176892280578613,
1223,0.8948143720626831,0.0145416259765625,0.9020851850509644,
1224,0.611710786819458,0.01023101806640625,0.6168262958526611,
1225,0.7234794497489929,0.0105133056640625,0.7287361025810242,
1226,0.6498909592628479,0.0121307373046875,0.6559563279151917,
1227,0.673073410987854,0.00908660888671875,0.6776167154312134,
1228,0.7061532735824585,0.0119476318359375,0.7121270895004272,
1229,0.6445223689079285,0.013092041015625,0.651068389415741,
1230,0.4774114191532135,0.00939178466796875,0.4821073114871979,
1231,0.8670466542243958,0.01306915283203125,0.8735812306404114,
1232,0.685419499874115,0.01334381103515625,0.6920914053916931,
1233,0.4236966073513031,0.0078277587890625,0.42761048674583435,
1234,0.728175938129425,0.0120849609375,0.734218418598175,
1235,0.569491982460022,0.01146697998046875,0.5752254724502563,
1236,0.35503116250038147,0.0081634521484375,0.3591128885746002,
1237,0.7178099155426025,0.0126953125,0.7241575717926025,
1238,1.1148079633712769,0.01311492919921875,1.1213654279708862,
1239,0.44951432943344116,0.01129913330078125,0.4551638960838318,
1240,0.6465484499931335,0.0091094970703125,0.6511031985282898,
1241,0.5427917242050171,0.007404327392578125,0.5464938879013062,
1242,0.8986995816230774,0.01226043701171875,0.9048298001289368,
1243,0.7277997732162476,0.0122528076171875,0.7339261770248413,
1244,0.7276766300201416,0.01248931884765625,0.7339212894439697,
1245,0.5847231149673462,0.0099029541015625,0.5896745920181274,
1246,0.6857275366783142,0.0122528076171875,0.691853940486908,
1247,0.4905829131603241,0.01020050048828125,0.4956831634044647,
1248,0.5105661153793335,0.00799560546875,0.5145639181137085,
1249,1.1868053674697876,0.0147705078125,1.1941906213760376,
1250,0.5779661536216736,0.009002685546875,0.5824674963951111,
1251,0.4703993797302246,0.007587432861328125,0.47419309616088867,
1252,0.9913718700408936,0.013092041015625,0.997917890548706,
1253,0.7161574363708496,0.01139068603515625,0.7218527793884277,
1254,0.5230175256729126,0.0098114013671875,0.5279232263565063,
1255,0.8135619163513184,0.01346588134765625,0.8202948570251465,
1256,0.5794565081596375,0.00907135009765625,0.5839921832084656,
1257,0.39285820722579956,0.0092620849609375,0.3974892497062683,
1258,0.8434604406356812,0.01158905029296875,0.8492549657821655,
1259,0.9007979035377502,0.0136566162109375,0.907626211643219,
1260,0.8518643379211426,0.0153045654296875,0.8595166206359863,
1261,0.6112608909606934,0.009307861328125,0.6159148216247559,
1262,0.335269033908844,0.007465362548828125,0.33900171518325806,
1263,0.7645427584648132,0.01226806640625,0.7706767916679382,
1264,0.6628597378730774,0.01171875,0.6687191128730774,
1265,0.7609924674034119,0.01029205322265625,0.76613849401474,
1266,0.6874213814735413,0.0135498046875,0.6941962838172913,
1267,0.6950458288192749,0.01104736328125,0.7005695104598999,
1268,0.6713021993637085,0.01227569580078125,0.6774400472640991,
1269,1.1381371021270752,0.0168914794921875,1.146582841873169,
1270,0.620741605758667,0.00994110107421875,0.6257121562957764,
1271,0.4296538829803467,0.0107574462890625,0.43503260612487793,
1272,0.9969031810760498,0.01279449462890625,1.003300428390503,
1273,0.8299070596694946,0.0147552490234375,0.8372846841812134,
1274,0.8967400789260864,0.01263427734375,0.9030572175979614,
1275,0.5740100741386414,0.01445770263671875,0.5812389254570007,
1276,0.7534289956092834,0.0142364501953125,0.7605472207069397,
1277,0.5549106001853943,0.00786590576171875,0.5588435530662537,
1278,0.4752017557621002,0.01020050048828125,0.48030200600624084,
1279,0.5606601238250732,0.00998687744140625,0.5656535625457764,
1280,0.9825907945632935,0.0135040283203125,0.9893428087234497,
1281,0.7891031503677368,0.011871337890625,0.7950388193130493,
1282,0.7933564186096191,0.011505126953125,0.7991089820861816,
1283,0.6418864130973816,0.01071929931640625,0.6472460627555847,
1284,1.1218336820602417,0.01242828369140625,1.1280478239059448,
1285,0.5992864966392517,0.01035308837890625,0.6044630408287048,
1286,0.7284281849861145,0.0106658935546875,0.7337611317634583,
1287,0.6561437845230103,0.01043701171875,0.6613622903823853,
1288,0.5079636573791504,0.01116180419921875,0.5135445594787598,
1289,0.7189814448356628,0.01055908203125,0.7242609858512878,
1290,0.8321459293365479,0.01149749755859375,0.8378946781158447,
1291,0.5520874261856079,0.01074981689453125,0.5574623346328735,
1292,0.9458335041999817,0.0095977783203125,0.9506323933601379,
1293,0.5601162314414978,0.00992584228515625,0.5650791525840759,
1294,0.8472276329994202,0.01250457763671875,0.8534799218177795,
1295,0.7715113759040833,0.0113983154296875,0.777210533618927,
1296,0.5686088800430298,0.00949859619140625,0.5733581781387329,
1297,0.4362151622772217,0.008758544921875,0.4405944347381592,
1298,0.48890450596809387,0.00969696044921875,0.49375298619270325,
1299,0.6859365701675415,0.0110626220703125,0.6914678812026978,
1300,0.4157741069793701,0.006710052490234375,0.4191291332244873,
1301,0.5307154059410095,0.011932373046875,0.536681592464447,
1302,0.7876864671707153,0.00896453857421875,0.7921687364578247,
1303,0.8132166862487793,0.01233673095703125,0.8193850517272949,
1304,0.8935441970825195,0.01209259033203125,0.8995904922485352,
1305,0.601396381855011,0.0090484619140625,0.6059206128120422,
1306,0.7744512557983398,0.01325225830078125,0.7810773849487305,
1307,0.6317211389541626,0.01035308837890625,0.6368976831436157,
1308,0.5104206800460815,0.0070648193359375,0.5139530897140503,
1309,0.4997310936450958,0.006595611572265625,0.5030288696289062,
1310,0.3605826199054718,0.007671356201171875,0.36441829800605774,
1311,0.5737709999084473,0.010498046875,0.5790200233459473,
1312,1.0426579713821411,0.013580322265625,1.0494481325149536,
1313,0.944638192653656,0.01149749755859375,0.9503869414329529,
1314,0.3708142042160034,0.00661468505859375,0.3741215467453003,
1315,1.0239685773849487,0.01136016845703125,1.0296486616134644,
1316,0.8668575882911682,0.01338958740234375,0.8735523819923401,
1317,0.49866983294487,0.0098876953125,0.5036137104034424,
1318,1.0995184183120728,0.01151275634765625,1.1052747964859009,
1319,0.9514665007591248,0.0118408203125,0.9573869109153748,
1320,0.8517842888832092,0.012237548828125,0.8579030632972717,
1321,0.3083585202693939,0.006683349609375,0.3117001950740814,
1322,0.5201144814491272,0.00928497314453125,0.5247569680213928,
1323,0.4924074709415436,0.00836944580078125,0.4965921938419342,
1324,0.7026674747467041,0.00917816162109375,0.707256555557251,
1325,0.881515383720398,0.0130462646484375,0.8880385160446167,
1326,0.8651127219200134,0.0103607177734375,0.8702930808067322,
1327,0.6773761510848999,0.0104522705078125,0.6826022863388062,
1328,0.8809935450553894,0.011749267578125,0.8868681788444519,
1329,0.8684229254722595,0.009796142578125,0.873320996761322,
1330,0.8600907921791077,0.0103302001953125,0.8652558922767639,
1331,0.6919276118278503,0.01328277587890625,0.6985689997673035,
1332,1.1277577877044678,0.01081085205078125,1.1331632137298584,
1333,0.5610101819038391,0.00896453857421875,0.5654924511909485,
1334,0.48395174741744995,0.00951385498046875,0.4887086749076843,
1335,0.5859361290931702,0.01105499267578125,0.5914636254310608,
1336,0.47427767515182495,0.009368896484375,0.47896212339401245,
1337,0.2955188453197479,0.007061004638671875,0.29904934763908386,
1338,0.4532938301563263,0.00647735595703125,0.4565325081348419,
1339,0.4260081350803375,0.0076446533203125,0.4298304617404938,
1340,0.8609362244606018,0.01151275634765625,0.8666926026344299,
1341,0.6767166256904602,0.01071929931640625,0.6820762753486633,
1342,1.0203183889389038,0.01153564453125,1.0260862112045288,
1343,0.7567758560180664,0.01058197021484375,0.7620668411254883,
1344,0.6487512588500977,0.01044464111328125,0.6539735794067383,
1345,0.7023242115974426,0.012542724609375,0.7085955739021301,
1346,0.3011428713798523,0.005474090576171875,0.30387991666793823,
1347,0.6775431632995605,0.01025390625,0.6826701164245605,
1348,0.3614851236343384,0.007030487060546875,0.3650003671646118,
1349,0.7491846680641174,0.0108642578125,0.7546167969703674,
1350,0.6585054397583008,0.006221771240234375,0.661616325378418,
1351,0.7435399293899536,0.0110931396484375,0.7490864992141724,
1352,0.5514007806777954,0.00916290283203125,0.555982232093811,
1353,0.8684129118919373,0.01325225830078125,0.8750390410423279,
1354,0.3692728579044342,0.006282806396484375,0.3724142611026764,
1355,0.6792559027671814,0.00966644287109375,0.6840891242027283,
1356,0.5288674235343933,0.008880615234375,0.5333077311515808,
1357,0.6107054352760315,0.009490966796875,0.615450918674469,
1358,0.9356124997138977,0.01299285888671875,0.9421089291572571,
1359,0.6194241046905518,0.00942230224609375,0.6241352558135986,
1360,0.6951282024383545,0.01059722900390625,0.7004268169403076,
1361,0.5592120885848999,0.01198577880859375,0.5652049779891968,
1362,0.6587835550308228,0.01001739501953125,0.6637922525405884,
1363,0.7405403852462769,0.00868988037109375,0.7448853254318237,
1364,0.7200378179550171,0.0123443603515625,0.7262099981307983,
1365,0.6537264585494995,0.0111236572265625,0.6592882871627808,
1366,0.5277958512306213,0.00772857666015625,0.5316601395606995,
1367,0.40209171175956726,0.0087738037109375,0.406478613615036,
1368,0.442339152097702,0.00676727294921875,0.4457227885723114,
1369,0.5318533182144165,0.00748443603515625,0.5355955362319946,
1370,0.7529438734054565,0.010162353515625,0.758025050163269,
1371,0.558846652507782,0.00974273681640625,0.5637180209159851,
1372,1.1738836765289307,0.0126800537109375,1.1802237033843994,
1373,0.7275586724281311,0.0103759765625,0.7327466607093811,
1374,0.5921682119369507,0.008880615234375,0.5966085195541382,
1375,0.5504698753356934,0.00882720947265625,0.5548834800720215,
1376,0.7696858048439026,0.0096435546875,0.7745075821876526,
1377,0.47804805636405945,0.00905609130859375,0.4825761020183563,
1378,0.4912455379962921,0.007724761962890625,0.4951079189777374,
1379,0.5229932069778442,0.00681304931640625,0.5263997316360474,
1380,0.6215468049049377,0.00992584228515625,0.6265097260475159,
1381,0.48713281750679016,0.00885772705078125,0.4915616810321808,
1382,1.0717737674713135,0.0119781494140625,1.0777628421783447,
1383,0.6105846166610718,0.00592041015625,0.6135448217391968,
1384,0.3485223650932312,0.006103515625,0.3515741229057312,
1385,0.9231806993484497,0.01194000244140625,0.9291507005691528,
1386,0.816790759563446,0.0121612548828125,0.8228713870048523,
1387,0.8901421427726746,0.01222991943359375,0.8962571024894714,
1388,0.5008872747421265,0.0110321044921875,0.5064033269882202,
1389,0.39674142003059387,0.00754547119140625,0.400514155626297,
1390,0.4903857409954071,0.007904052734375,0.4943377673625946,
1391,0.2524696886539459,0.00830841064453125,0.25662389397621155,
1392,0.34924498200416565,0.005947113037109375,0.35221853852272034,
1393,0.6317315697669983,0.01141357421875,0.6374383568763733,
1394,0.6270641684532166,0.00997161865234375,0.6320499777793884,
1395,0.6050307154655457,0.00925445556640625,0.6096579432487488,
1396,0.340780645608902,0.006221771240234375,0.34389153122901917,
1397,0.6056248545646667,0.0093536376953125,0.610301673412323,
1398,0.27447524666786194,0.0048370361328125,0.2768937647342682,
1399,0.9129354953765869,0.00986480712890625,0.91786789894104,
1400,0.67705899477005,0.00841522216796875,0.6812666058540344,
1401,1.209295392036438,0.0163421630859375,1.2174664735794067,
1402,0.7427881360054016,0.0115966796875,0.7485864758491516,
1403,0.36314740777015686,0.00843048095703125,0.3673626482486725,
1404,0.4583241939544678,0.01026153564453125,0.4634549617767334,
1405,0.3619987368583679,0.007198333740234375,0.3655979037284851,
1406,0.5555146336555481,0.00965118408203125,0.5603402256965637,
1407,0.8235275149345398,0.01279449462890625,0.8299247622489929,
1408,0.6713750958442688,0.00925445556640625,0.6760023236274719,
1409,0.44179263710975647,0.0099029541015625,0.4467441141605377,
1410,0.8812395930290222,0.00986480712890625,0.8861719965934753,
1411,0.3048554062843323,0.007274627685546875,0.3084927201271057,
1412,0.5917830467224121,0.0105743408203125,0.5970702171325684,
1413,0.5997485518455505,0.006908416748046875,0.603202760219574,
1414,0.9943164587020874,0.012939453125,1.0007861852645874,
1415,0.9177818298339844,0.012420654296875,0.9239921569824219,
1416,0.7306798100471497,0.01141357421875,0.7363865971565247,
1417,0.6972983479499817,0.00928497314453125,0.7019408345222473,
1418,0.521445631980896,0.01123809814453125,0.5270646810531616,
1419,0.9145257472991943,0.0122222900390625,0.9206368923187256,
1420,0.6656377911567688,0.009490966796875,0.6703832745552063,
1421,0.6661252379417419,0.00839996337890625,0.6703252196311951,
1422,0.6119109988212585,0.0151214599609375,0.6194717288017273,
1423,0.34338080883026123,0.00786590576171875,0.3473137617111206,
1424,0.84703129529953,0.01238250732421875,0.8532225489616394,
1425,0.7255297899246216,0.00904083251953125,0.7300502061843872,
1426,0.6549801230430603,0.00875091552734375,0.6593555808067322,
1427,0.5289480090141296,0.00872802734375,0.5333120226860046,
1428,0.43539610505104065,0.0097808837890625,0.4402865469455719,
1429,0.8387888669967651,0.00919342041015625,0.8433855772018433,
1430,0.45487889647483826,0.00836944580078125,0.4590636193752289,
1431,0.5700223445892334,0.009735107421875,0.5748898983001709,
1432,1.483262538909912,0.01451873779296875,1.4905219078063965,
1433,0.6632680892944336,0.0102081298828125,0.6683721542358398,
1434,0.5300178527832031,0.007762908935546875,0.5338993072509766,
1435,1.1819661855697632,0.01244354248046875,1.1881879568099976,
1436,0.7857638001441956,0.0089569091796875,0.7902422547340393,
1437,0.5783671140670776,0.008575439453125,0.5826548337936401,
1438,0.6452355980873108,0.00946044921875,0.6499658226966858,
1439,0.5382821559906006,0.00958251953125,0.5430734157562256,
1440,0.652519702911377,0.00853729248046875,0.6567883491516113,
1441,0.8996352553367615,0.0102386474609375,0.9047545790672302,
1442,0.3895094394683838,0.007061004638671875,0.3930399417877197,
1443,0.5584009289741516,0.01160430908203125,0.5642030835151672,
1444,0.4907943904399872,0.008026123046875,0.4948074519634247,
1445,0.7142466306686401,0.00995635986328125,0.7192248106002808,
1446,0.6206708550453186,0.00864410400390625,0.6249929070472717,
1447,0.8719394207000732,0.0101165771484375,0.876997709274292,
1448,0.3985397219657898,0.007678985595703125,0.40237921476364136,
1449,0.7484201192855835,0.01165771484375,0.7542489767074585,
1450,0.4691420793533325,0.007083892822265625,0.47268402576446533,
1451,1.0359363555908203,0.01163482666015625,1.0417537689208984,
1452,0.5051589608192444,0.00522613525390625,0.5077720284461975,
1453,0.7211171984672546,0.012176513671875,0.7272054553031921,
1454,0.4883446991443634,0.007297515869140625,0.4919934570789337,
1455,0.6546031832695007,0.0096282958984375,0.6594173312187195,
1456,0.8275530934333801,0.0120086669921875,0.8335574269294739,
1457,0.8140971064567566,0.01080322265625,0.8194987177848816,
1458,0.3317751884460449,0.004924774169921875,0.33423757553100586,
1459,1.141247034072876,0.01192474365234375,1.1472094058990479,
1460,0.6991889476776123,0.00887298583984375,0.7036254405975342,
1461,0.7969481348991394,0.006649017333984375,0.8002726435661316,
1462,0.6831837296485901,0.01013946533203125,0.6882534623146057,
1463,0.5059460997581482,0.006450653076171875,0.5091714262962341,
1464,0.41370806097984314,0.007472991943359375,0.4174445569515228,
1465,0.9940211772918701,0.01190185546875,0.9999721050262451,
1466,0.7853766083717346,0.0112457275390625,0.7909994721412659,
1467,0.3743863105773926,0.006076812744140625,0.3774247169494629,
1468,0.4153921902179718,0.007373809814453125,0.41907909512519836,
1469,0.7939529418945312,0.00989532470703125,0.7989006042480469,
1470,0.6640936732292175,0.0113067626953125,0.6697470545768738,
1471,0.4980080723762512,0.01070404052734375,0.5033600926399231,
1472,0.36112189292907715,0.007659912109375,0.36495184898376465,
1473,0.3611949384212494,0.00739288330078125,0.36489138007164,
1474,1.0776052474975586,0.011444091796875,1.083327293395996,
1475,0.8015457391738892,0.01157379150390625,0.8073326349258423,
1476,0.7109653353691101,0.0093231201171875,0.7156268954277039,
1477,0.5725551843643188,0.0103607177734375,0.5777355432510376,
1478,1.5361989736557007,0.01396942138671875,1.54318368434906,
1479,0.44646531343460083,0.0079345703125,0.45043259859085083,
1480,0.39468103647232056,0.0084228515625,0.39889246225357056,
1481,0.5542193651199341,0.01177978515625,0.5601092576980591,
1482,1.5523887872695923,0.0179901123046875,1.561383843421936,
1483,0.6306652426719666,0.0084228515625,0.6348766684532166,
1484,0.5732435584068298,0.0100250244140625,0.5782560706138611,
1485,0.30246031284332275,0.007015228271484375,0.30596792697906494,
1486,0.7012724876403809,0.0097808837890625,0.7061629295349121,
1487,0.5644567608833313,0.00963592529296875,0.5692747235298157,
1488,0.5595424771308899,0.006511688232421875,0.5627983212471008,
1489,0.6854115724563599,0.0072174072265625,0.6890202760696411,
1490,0.8731550574302673,0.0109100341796875,0.8786100745201111,
1491,0.8503255844116211,0.00841522216796875,0.8545331954956055,
1492,1.4653351306915283,0.0131378173828125,1.4719040393829346,
1493,0.8617280721664429,0.01268768310546875,0.8680719137191772,
1494,0.4221889078617096,0.007274627685546875,0.42582622170448303,
1495,0.3402727544307709,0.00728607177734375,0.34391579031944275,
1496,0.6981343030929565,0.007472991943359375,0.7018707990646362,
1497,0.4850349724292755,0.01239776611328125,0.49123385548591614,
1498,1.1962761878967285,0.0128631591796875,1.2027077674865723,
1499,0.465631902217865,0.006603240966796875,0.4689335227012634,
1500,1.077303409576416,0.01216888427734375,1.083387851715088,
1501,1.0832836627960205,0.01245880126953125,1.0895130634307861,
1502,0.7888548374176025,0.01026153564453125,0.7939856052398682,
1503,0.5432098507881165,0.00994873046875,0.5481842160224915,
1504,0.4186739921569824,0.006256103515625,0.4218020439147949,
1505,0.7600700855255127,0.01177215576171875,0.7659561634063721,
1506,0.5058048367500305,0.00914764404296875,0.5103786587715149,
1507,0.7629550099372864,0.01241302490234375,0.7691615223884583,
1508,0.7288131713867188,0.01026153564453125,0.7339439392089844,
1509,0.6058796644210815,0.00897979736328125,0.6103695631027222,
1510,1.033245325088501,0.00904083251953125,1.0377657413482666,
1511,0.37914538383483887,0.006656646728515625,0.3824737071990967,
1512,0.7792147397994995,0.0097503662109375,0.7840899229049683,
1513,0.7704316973686218,0.01065826416015625,0.7757608294487,
1514,0.364961713552475,0.00818634033203125,0.3690548837184906,
1515,0.9706021547317505,0.01110076904296875,0.9761525392532349,
1516,0.8328096270561218,0.00817108154296875,0.8368951678276062,
1517,0.6396822333335876,0.0105743408203125,0.6449694037437439,
1518,0.5785954594612122,0.007904052734375,0.5825474858283997,
1519,0.5203168392181396,0.0081787109375,0.5244061946868896,
1520,0.341257780790329,0.005268096923828125,0.34389182925224304,
1521,0.8914377093315125,0.01206207275390625,0.8974687457084656,
1522,0.7699187397956848,0.01258087158203125,0.7762091755867004,
1523,0.7307494282722473,0.011077880859375,0.7362883687019348,
1524,0.613102912902832,0.00986480712890625,0.6180353164672852,
1525,0.23688369989395142,0.005828857421875,0.23979812860488892,
1526,0.5251325964927673,0.00897979736328125,0.529622495174408,
1527,0.3395608067512512,0.006748199462890625,0.34293490648269653,
1528,0.618157148361206,0.01052093505859375,0.6234176158905029,
1529,0.8049255609512329,0.00785064697265625,0.808850884437561,
1530,0.6129247546195984,0.00946044921875,0.6176549792289734,
1531,0.8765349984169006,0.01019287109375,0.8816314339637756,
1532,0.9055556058883667,0.0081634521484375,0.9096373319625854,
1533,0.5811901688575745,0.00794219970703125,0.5851612687110901,
1534,0.5838829278945923,0.00786590576171875,0.5878158807754517,
1535,0.389106422662735,0.00623321533203125,0.3922230303287506,
1536,0.7462348341941833,0.01055908203125,0.7515143752098083,
1537,0.5017504096031189,0.007648468017578125,0.505574643611908,
1538,0.5471121668815613,0.009979248046875,0.5521017909049988,
1539,0.9046980142593384,0.01007080078125,0.9097334146499634,
1540,0.41810256242752075,0.006824493408203125,0.4215148091316223,
1541,0.5765407681465149,0.00870513916015625,0.580893337726593,
1542,0.6200821995735168,0.00820159912109375,0.6241829991340637,
1543,0.43844810128211975,0.00647735595703125,0.4416867792606354,
1544,0.47529351711273193,0.007656097412109375,0.4791215658187866,
1545,0.630783200263977,0.0082244873046875,0.6348954439163208,
1546,0.4295881986618042,0.00897979736328125,0.4340780973434448,
1547,0.5070452094078064,0.01024627685546875,0.5121683478355408,
1548,0.5144059658050537,0.008575439453125,0.5186936855316162,
1549,0.715756356716156,0.0099029541015625,0.7207078337669373,
1550,0.5913015604019165,0.0078277587890625,0.5952154397964478,
1551,0.8176930546760559,0.01189422607421875,0.8236401677131653,
1552,1.141709566116333,0.012359619140625,1.1478893756866455,
1553,0.876926600933075,0.01042938232421875,0.8821412920951843,
1554,0.32527488470077515,0.00518798828125,0.32786887884140015,
1555,0.6562120318412781,0.0081329345703125,0.6602784991264343,
1556,0.8081977367401123,0.007633209228515625,0.8120143413543701,
1557,0.6015370488166809,0.00820159912109375,0.6056378483772278,
1558,0.6038200855255127,0.0074615478515625,0.607550859451294,
1559,0.8414042592048645,0.00746917724609375,0.8451388478279114,
1560,0.8626840710639954,0.0116729736328125,0.8685205578804016,
1561,0.8215487003326416,0.00984954833984375,0.8264734745025635,
1562,0.9081194996833801,0.01009368896484375,0.913166344165802,
1563,0.5760504007339478,0.00989532470703125,0.5809980630874634,
1564,0.7336992025375366,0.00989532470703125,0.7386468648910522,
1565,1.181753158569336,0.0105743408203125,1.1870403289794922,
1566,0.4651728570461273,0.00749969482421875,0.4689227044582367,
1567,0.33828264474868774,0.004833221435546875,0.3406992554664612,
1568,0.5519903302192688,0.007640838623046875,0.5558107495307922,
1569,0.6537120342254639,0.009552001953125,0.6584880352020264,
1570,0.5570781826972961,0.00846099853515625,0.5613086819648743,
1571,0.6174520254135132,0.01036834716796875,0.6226361989974976,
1572,0.8748852014541626,0.01116943359375,0.8804699182510376,
1573,0.48468026518821716,0.010650634765625,0.49000558257102966,
1574,0.6225327253341675,0.00823211669921875,0.6266487836837769,
1575,0.5683279037475586,0.00925445556640625,0.5729551315307617,
1576,1.1924830675125122,0.01111602783203125,1.1980410814285278,
1577,0.5760871171951294,0.0082855224609375,0.5802298784255981,
1578,0.36874356865882874,0.00551605224609375,0.3715015947818756,
1579,0.8300285339355469,0.010345458984375,0.8352012634277344,
1580,0.678681492805481,0.007503509521484375,0.6824332475662231,
1581,0.7156243920326233,0.0091705322265625,0.7202096581459045,
1582,0.5141607522964478,0.00823974609375,0.5182806253433228,
1583,0.3577415347099304,0.006992340087890625,0.36123770475387573,
1584,0.7362666130065918,0.0101776123046875,0.7413554191589355,
1585,0.5655719637870789,0.006839752197265625,0.5689918398857117,
1586,0.4997992217540741,0.006839752197265625,0.5032191276550293,
1587,0.7152960300445557,0.00919342041015625,0.7198927402496338,
1588,0.6729355454444885,0.00916290283203125,0.6775169968605042,
1589,0.8146108984947205,0.01192474365234375,0.8205732703208923,
1590,0.563920259475708,0.006130218505859375,0.5669853687286377,
1591,0.31331467628479004,0.0065155029296875,0.3165724277496338,
1592,0.5011436939239502,0.0058746337890625,0.5040810108184814,
1593,1.1658738851547241,0.01313018798828125,1.1724389791488647,
1594,0.796373724937439,0.00873565673828125,0.8007415533065796,
1595,0.6176306009292603,0.00797271728515625,0.6216169595718384,
1596,0.8124769926071167,0.008636474609375,0.8167952299118042,
1597,0.5323970913887024,0.00870513916015625,0.5367496609687805,
1598,0.7600475549697876,0.0081787109375,0.7641369104385376,
1599,0.7019935250282288,0.00936126708984375,0.7066741585731506,
1600,0.4930211901664734,0.007061004638671875,0.4965516924858093,
1601,0.6633580923080444,0.0106201171875,0.6686681509017944,
1602,0.5415304899215698,0.007293701171875,0.5451773405075073,
1603,0.7005995512008667,0.01100921630859375,0.7061041593551636,
1604,0.6990119218826294,0.01277923583984375,0.7054015398025513,
1605,0.660926103591919,0.0109710693359375,0.6664116382598877,
1606,0.8733088374137878,0.01105499267578125,0.8788363337516785,
1607,0.7300552129745483,0.0113983154296875,0.7357543706893921,
1608,0.7385846376419067,0.00862884521484375,0.7428990602493286,
1609,0.668624758720398,0.008544921875,0.672897219657898,
1610,0.6217573285102844,0.00980377197265625,0.6266592144966125,
1611,0.8701993227005005,0.01116943359375,0.8757840394973755,
1612,0.5442366600036621,0.0089263916015625,0.5486998558044434,
1613,0.6829366683959961,0.0086212158203125,0.6872472763061523,
1614,0.979547381401062,0.0111541748046875,0.9851244688034058,
1615,0.8761519193649292,0.0128936767578125,0.8825987577438354,
1616,0.41972193121910095,0.006519317626953125,0.4229815900325775,
1617,0.7881284356117249,0.01001739501953125,0.7931371331214905,
1618,0.37226471304893494,0.005710601806640625,0.37512001395225525,
1619,0.8182037472724915,0.00905609130859375,0.8227317929267883,
1620,0.49380600452423096,0.005954742431640625,0.49678337574005127,
1621,0.4679052531719208,0.004512786865234375,0.47016164660453796,
1622,0.3529711663722992,0.005443572998046875,0.35569295287132263,
1623,0.7265677452087402,0.0095367431640625,0.7313361167907715,
1624,0.6911309957504272,0.0078125,0.6950372457504272,
1625,0.4295196831226349,0.0072174072265625,0.43312838673591614,
1626,0.5801784992218018,0.00835418701171875,0.5843555927276611,
1627,0.6640594601631165,0.00952911376953125,0.6688240170478821,
1628,0.7151480913162231,0.00768280029296875,0.7189894914627075,
1629,0.7561349868774414,0.00757598876953125,0.759922981262207,
1630,0.8426187038421631,0.01181793212890625,0.8485276699066162,
1631,0.9047938585281372,0.00972747802734375,0.9096575975418091,
1632,1.0441560745239258,0.01241302490234375,1.0503625869750977,
1633,0.7900682687759399,0.00975799560546875,0.7949472665786743,
1634,0.6191805005073547,0.00963592529296875,0.6239984631538391,
1635,0.6010509133338928,0.00670623779296875,0.6044040322303772,
1636,0.554660439491272,0.0080108642578125,0.5586658716201782,
1637,0.505102813243866,0.007354736328125,0.5087801814079285,
1638,0.641105055809021,0.00983428955078125,0.6460222005844116,
1639,0.7928380370140076,0.0090179443359375,0.7973470091819763,
1640,0.45407670736312866,0.00957489013671875,0.45886415243148804,
1641,0.834119975566864,0.0095367431640625,0.8388883471488953,
1642,0.7292847037315369,0.0084991455078125,0.7335342764854431,
1643,1.1753206253051758,0.01145172119140625,1.181046485900879,
1644,0.47369733452796936,0.00698089599609375,0.47718778252601624,
1645,0.8588464260101318,0.0137786865234375,0.8657357692718506,
1646,0.8757645487785339,0.0144805908203125,0.8830048441886902,
1647,0.7522885799407959,0.01128387451171875,0.7579305171966553,
1648,0.43080899119377136,0.01007843017578125,0.435848206281662,
1649,0.4043513238430023,0.01142120361328125,0.41006192564964294,
1650,0.8231858611106873,0.0135650634765625,0.8299683928489685,
1651,1.1389552354812622,0.0109100341796875,1.144410252571106,
1652,0.44544535875320435,0.0065460205078125,0.4487183690071106,
1653,0.35026776790618896,0.00705718994140625,0.3537963628768921,
1654,0.6399561762809753,0.008636474609375,0.6442744135856628,
1655,0.8829444050788879,0.011505126953125,0.8886969685554504,
1656,0.6964172720909119,0.007427215576171875,0.7001308798789978,
1657,0.7012548446655273,0.0115203857421875,0.7070150375366211,
1658,0.8051461577415466,0.00878143310546875,0.809536874294281,
1659,0.6971739530563354,0.0084991455078125,0.7014235258102417,
1660,0.4155837297439575,0.00728607177734375,0.4192267656326294,
1661,1.031991958618164,0.00958251953125,1.036783218383789,
1662,0.5779410600662231,0.008026123046875,0.5819541215896606,
1663,0.4670032858848572,0.00768280029296875,0.47084468603134155,
1664,0.6544246077537537,0.01197052001953125,0.6604098677635193,
1665,0.8514757752418518,0.0117034912109375,0.8573275208473206,
1666,0.6360957026481628,0.00823974609375,0.6402155756950378,
1667,1.007098913192749,0.011627197265625,1.0129125118255615,
1668,0.5265069603919983,0.0095367431640625,0.5312753319740295,
1669,0.5630418658256531,0.0088653564453125,0.5674745440483093,
1670,0.8542597889900208,0.00926971435546875,0.8588946461677551,
1671,0.5033388733863831,0.0087890625,0.5077334046363831,
1672,0.8801314830780029,0.010009765625,0.8851363658905029,
1673,0.4517616927623749,0.007732391357421875,0.4556278884410858,
1674,0.4156988263130188,0.00798797607421875,0.4196928143501282,
1675,0.6954309344291687,0.0089874267578125,0.699924647808075,
1676,0.5455223917961121,0.0066986083984375,0.5488716959953308,
1677,0.6719070672988892,0.0106201171875,0.6772171258926392,
1678,0.7637976408004761,0.0074920654296875,0.7675436735153198,
1679,0.5466269850730896,0.00777435302734375,0.5505141615867615,
1680,0.580062985420227,0.00787353515625,0.583999752998352,
1681,1.2531254291534424,0.012847900390625,1.2595493793487549,
1682,0.4351304769515991,0.006511688232421875,0.43838632106781006,
1683,0.48801732063293457,0.007442474365234375,0.49173855781555176,
1684,0.3139284551143646,0.006542205810546875,0.31719955801963806,
1685,0.8877276182174683,0.009368896484375,0.8924120664596558,
1686,0.5953469276428223,0.0082244873046875,0.599459171295166,
1687,0.2513349652290344,0.004787445068359375,0.2537286877632141,
1688,0.3819255828857422,0.00821685791015625,0.3860340118408203,
1689,0.48177266120910645,0.00841522216796875,0.4859802722930908,
1690,0.4459719657897949,0.0055389404296875,0.44874143600463867,
1691,0.4930639863014221,0.00849151611328125,0.49730974435806274,
1692,0.5561999082565308,0.0084991455078125,0.560449481010437,
1693,1.3059579133987427,0.01412200927734375,1.3130189180374146,
1694,0.7125849723815918,0.0112457275390625,0.718207836151123,
1695,0.9905595779418945,0.00836181640625,0.9947404861450195,
1696,0.77085280418396,0.0093994140625,0.77555251121521,
1697,0.8198307752609253,0.00876617431640625,0.8242138624191284,
1698,0.6659401655197144,0.0087127685546875,0.6702965497970581,
1699,0.4754891097545624,0.00846099853515625,0.4797196090221405,
1700,0.7099349498748779,0.008148193359375,0.7140090465545654,
1701,0.8082072138786316,0.00963592529296875,0.813025176525116,
1702,0.6561723947525024,0.0106201171875,0.6614824533462524,
1703,0.3431442379951477,0.005096435546875,0.3456924557685852,
1704,0.39314281940460205,0.00554656982421875,0.3959161043167114,
1705,0.48501357436180115,0.00669097900390625,0.4883590638637543,
1706,0.6623674631118774,0.011993408203125,0.6683641672134399,
1707,0.60939621925354,0.0077972412109375,0.6132948398590088,
1708,0.707821786403656,0.00974273681640625,0.7126931548118591,
1709,0.7853666543960571,0.01107025146484375,0.790901780128479,
1710,0.5266165137290955,0.00838470458984375,0.5308088660240173,
1711,0.2975641191005707,0.004169464111328125,0.29964885115623474,
1712,1.264335036277771,0.01270294189453125,1.2706865072250366,
1713,1.129172444343567,0.01206207275390625,1.13520348072052,
1714,1.0713603496551514,0.0106964111328125,1.0767085552215576,
1715,0.4909885823726654,0.010894775390625,0.4964359700679779,
1716,0.557235598564148,0.01163482666015625,0.5630530118942261,
1717,0.48468878865242004,0.00563812255859375,0.4875078499317169,
1718,0.7613313794136047,0.00807952880859375,0.7653711438179016,
1719,0.9618266224861145,0.01230621337890625,0.9679797291755676,
1720,0.49016204476356506,0.0065460205078125,0.4934350550174713,
1721,0.6004933714866638,0.008331298828125,0.6046590209007263,
1722,1.1613165140151978,0.0117340087890625,1.167183518409729,
1723,1.2489159107208252,0.011077880859375,1.2544548511505127,
1724,0.45352697372436523,0.007354736328125,0.45720434188842773,
1725,0.6998034715652466,0.011627197265625,0.7056170701980591,
1726,0.7529913187026978,0.010223388671875,0.7581030130386353,
1727,0.3692372739315033,0.006725311279296875,0.37259992957115173,
1728,0.6402670741081238,0.010009765625,0.6452719569206238,
1729,0.48908883333206177,0.00806427001953125,0.4931209683418274,
1730,0.7185471653938293,0.00794219970703125,0.722518265247345,
1731,0.6214725375175476,0.00949859619140625,0.6262218356132507,
1732,0.45436176657676697,0.006870269775390625,0.4577969014644623,
1733,0.6209908723831177,0.0106964111328125,0.6263390779495239,
1734,0.521437406539917,0.012359619140625,0.5276172161102295,
1735,0.5057499408721924,0.007389068603515625,0.5094444751739502,
1736,0.41239771246910095,0.006206512451171875,0.4155009686946869,
1737,0.9425290822982788,0.0107269287109375,0.9478925466537476,
1738,0.7322422862052917,0.007793426513671875,0.7361389994621277,
1739,0.9982267022132874,0.00839996337890625,1.0024266242980957,
1740,0.4212163984775543,0.007232666015625,0.4248327314853668,
1741,0.5907400250434875,0.00821685791015625,0.5948484539985657,
1742,0.9213956594467163,0.008209228515625,0.9255002737045288,
1743,0.9425622820854187,0.01039886474609375,0.9477617144584656,
1744,0.7184865474700928,0.00940704345703125,0.7231900691986084,
1745,0.5006381869316101,0.0066375732421875,0.5039569735527039,
1746,0.7173863053321838,0.0083160400390625,0.7215443253517151,
1747,0.3087719976902008,0.00502777099609375,0.3112858831882477,
1748,0.3518104553222656,0.00616455078125,0.3548927307128906,
1749,0.5901145339012146,0.00955963134765625,0.5948943495750427,
1750,1.4257514476776123,0.01222991943359375,1.4318664073944092,
1751,0.5668171644210815,0.00778961181640625,0.5707119703292847,
1752,0.9455777406692505,0.0103912353515625,0.9507733583450317,
1753,0.9038810133934021,0.01015472412109375,0.908958375453949,
1754,0.854268491268158,0.00904083251953125,0.8587889075279236,
1755,0.8033224940299988,0.01010894775390625,0.8083769679069519,
1756,0.2852132022380829,0.00833892822265625,0.289382666349411,
1757,0.6646291017532349,0.009033203125,0.6691457033157349,
1758,0.34519386291503906,0.00832366943359375,0.34935569763183594,
1759,0.6925657987594604,0.01152801513671875,0.6983298063278198,
1760,0.5464643239974976,0.00798797607421875,0.5504583120346069,
1761,0.47611504793167114,0.00672149658203125,0.47947579622268677,
1762,0.9063684344291687,0.009674072265625,0.9112054705619812,
1763,0.5225160121917725,0.0092315673828125,0.5271317958831787,
1764,0.38611143827438354,0.004436492919921875,0.3883296847343445,
1765,0.35660600662231445,0.0094757080078125,0.3613438606262207,
1766,0.6898252367973328,0.00873565673828125,0.6941930651664734,
1767,0.8477108478546143,0.00859832763671875,0.8520100116729736,
1768,0.811181902885437,0.009490966796875,0.8159273862838745,
1769,0.6080199480056763,0.01030731201171875,0.6131736040115356,
1770,0.7268297672271729,0.0084075927734375,0.7310335636138916,
1771,0.6893888711929321,0.01145172119140625,0.6951147317886353,
1772,0.7747755646705627,0.00669097900390625,0.7781210541725159,
1773,0.5869052410125732,0.0072784423828125,0.5905444622039795,
1774,1.1069568395614624,0.0111236572265625,1.1125186681747437,
1775,0.527079164981842,0.005870819091796875,0.5300145745277405,
1776,0.6946079134941101,0.01087188720703125,0.7000438570976257,
1777,0.7689752578735352,0.010498046875,0.7742242813110352,
1778,0.40785059332847595,0.0069122314453125,0.4113067090511322,
1779,0.6324566006660461,0.0093231201171875,0.6371181607246399,
1780,0.5268681645393372,0.0080413818359375,0.5308888554573059,
1781,0.559111475944519,0.00931549072265625,0.5637692213058472,
1782,1.2769627571105957,0.0118255615234375,1.2828755378723145,
1783,0.5997759699821472,0.007137298583984375,0.6033446192741394,
1784,0.7899830937385559,0.01177215576171875,0.7958691716194153,
1785,0.6952611207962036,0.008636474609375,0.6995793581008911,
1786,0.8931463956832886,0.0102386474609375,0.8982657194137573,
1787,0.562252402305603,0.007488250732421875,0.565996527671814,
1788,0.8159990310668945,0.00951385498046875,0.8207559585571289,
1789,0.6586739420890808,0.00769805908203125,0.6625229716300964,
1790,0.5431145429611206,0.00909423828125,0.5476616621017456,
1791,0.5717412233352661,0.006847381591796875,0.5751649141311646,
1792,0.6144757866859436,0.00934600830078125,0.6191487908363342,
1793,1.6126471757888794,0.0153045654296875,1.6202994585037231,
1794,0.3564818799495697,0.0088348388671875,0.36089929938316345,
1795,0.326209157705307,0.00760650634765625,0.33001241087913513,
1796,0.6342951655387878,0.0083465576171875,0.6384684443473816,
1797,0.5976603031158447,0.00966644287109375,0.6024935245513916,
1798,0.9207133650779724,0.0097503662109375,0.9255885481834412,
1799,0.44639846682548523,0.00975799560546875,0.4512774646282196,
1800,1.1657484769821167,0.0135498046875,1.1725233793258667,
1801,0.2601527273654938,0.005207061767578125,0.26275625824928284,
1802,0.7271426320075989,0.009796142578125,0.7320407032966614,
1803,0.559075117111206,0.0089111328125,0.563530683517456,
1804,0.5308524966239929,0.00852203369140625,0.535113513469696,
1805,0.3699231743812561,0.006916046142578125,0.37338119745254517,
1806,0.34669530391693115,0.005680084228515625,0.34953534603118896,
1807,0.8495568633079529,0.00865936279296875,0.8538865447044373,
1808,0.3035413324832916,0.00508880615234375,0.3060857355594635,
1809,0.7141423225402832,0.006336212158203125,0.7173104286193848,
1810,0.4324294626712799,0.0062713623046875,0.43556514382362366,
1811,1.2639371156692505,0.01110076904296875,1.2694875001907349,
1812,0.5592300891876221,0.008544921875,0.5635025501251221,
1813,0.4098346531391144,0.005809783935546875,0.4127395451068878,
1814,0.5543826222419739,0.008453369140625,0.5586093068122864,
1815,0.6324422955513,0.00843048095703125,0.6366575360298157,
1816,0.3753534257411957,0.007068634033203125,0.37888774275779724,
1817,0.6660659909248352,0.010986328125,0.6715591549873352,
1818,0.49642056226730347,0.0086669921875,0.5007540583610535,
1819,0.4317910075187683,0.007038116455078125,0.4353100657463074,
1820,0.6532914638519287,0.0107879638671875,0.6586854457855225,
1821,0.4839513599872589,0.0087890625,0.4883458912372589,
1822,0.4846283793449402,0.0088653564453125,0.48906105756759644,
1823,0.8307355642318726,0.0087738037109375,0.8351224660873413,
1824,1.0101393461227417,0.01160430908203125,1.0159415006637573,
1825,0.582991361618042,0.007904052734375,0.5869433879852295,
1826,0.8247110843658447,0.0101776123046875,0.8297998905181885,
1827,0.43869704008102417,0.00710296630859375,0.44224852323532104,
1828,0.6312842965126038,0.006130218505859375,0.6343494057655334,
1829,0.49373742938041687,0.0066680908203125,0.4970714747905731,
1830,1.0670067071914673,0.01113128662109375,1.0725723505020142,
1831,0.5070484280586243,0.005889892578125,0.5099933743476868,
1832,0.9296569228172302,0.00833892822265625,0.9338263869285583,
1833,0.29656484723091125,0.00464630126953125,0.2988879978656769,
1834,0.6466572284698486,0.0089569091796875,0.6511356830596924,
1835,0.5711036324501038,0.0097503662109375,0.5759788155555725,
1836,0.3679642975330353,0.005725860595703125,0.37082722783088684,
1837,0.9395283460617065,0.01053619384765625,0.9447964429855347,
1838,0.49909669160842896,0.0069427490234375,0.5025680661201477,
1839,0.3987743556499481,0.00598907470703125,0.40176889300346375,
1840,0.8428835272789001,0.0105438232421875,0.8481554388999939,
1841,0.5765290260314941,0.00856781005859375,0.580812931060791,
1842,1.05942964553833,0.01053619384765625,1.0646977424621582,
1843,0.657548189163208,0.007808685302734375,0.6614525318145752,
1844,0.6397941708564758,0.00775146484375,0.6436699032783508,
1845,1.3298083543777466,0.01184844970703125,1.3357325792312622,
1846,0.6099181175231934,0.007167816162109375,0.613502025604248,
1847,0.38333240151405334,0.006877899169921875,0.3867713510990143,
1848,0.7256182432174683,0.0087890625,0.7300127744674683,
1849,1.1911860704421997,0.01268768310546875,1.197529911994934,
1850,0.9880396723747253,0.00904083251953125,0.992560088634491,
1851,1.0938403606414795,0.01241302490234375,1.1000468730926514,
1852,0.7212779521942139,0.00839996337890625,0.725477933883667,
1853,0.37223270535469055,0.0069732666015625,0.3757193386554718,
1854,0.2967403531074524,0.00466156005859375,0.29907113313674927,
1855,0.9221738576889038,0.01016998291015625,0.9272588491439819,
1856,0.8033592700958252,0.011383056640625,0.8090507984161377,
1857,0.4669736921787262,0.006305694580078125,0.47012653946876526,
1858,0.36235421895980835,0.005828857421875,0.36526864767074585,
1859,0.6213228702545166,0.007293701171875,0.6249697208404541,
1860,0.6010046601295471,0.00803375244140625,0.6050215363502502,
1861,1.004269003868103,0.01270294189453125,1.0106204748153687,
1862,0.8340307474136353,0.01148223876953125,0.8397718667984009,
1863,0.7933705449104309,0.00937652587890625,0.798058807849884,
1864,1.08790922164917,0.0185394287109375,1.0971789360046387,
1865,0.5938707590103149,0.007717132568359375,0.5977293252944946,
1866,0.4928227365016937,0.0084381103515625,0.497041791677475,
1867,0.42591622471809387,0.006916046142578125,0.42937424778938293,
1868,0.6281512379646301,0.01126861572265625,0.6337855458259583,
1869,0.5251296758651733,0.008514404296875,0.5293868780136108,
1870,0.5645406246185303,0.00635528564453125,0.5677182674407959,
1871,0.4523294270038605,0.007965087890625,0.456311970949173,
1872,0.5071026086807251,0.006923675537109375,0.5105644464492798,
1873,0.6498234272003174,0.0082855224609375,0.6539661884307861,
1874,0.9382964968681335,0.00942230224609375,0.9430076479911804,
1875,0.562247633934021,0.0098724365234375,0.5671838521957397,
1876,1.0144546031951904,0.0085601806640625,1.0187346935272217,
1877,1.1495999097824097,0.0118865966796875,1.1555432081222534,
1878,0.33476710319519043,0.00646209716796875,0.3379981517791748,
1879,0.3137465715408325,0.006076812744140625,0.31678497791290283,
1880,0.45473721623420715,0.007732391357421875,0.4586034119129181,
1881,0.6472603678703308,0.0083160400390625,0.6514183878898621,
1882,0.7227935791015625,0.00875091552734375,0.7271690368652344,
1883,0.5033935904502869,0.0084075927734375,0.5075973868370056,
1884,0.4036821126937866,0.005950927734375,0.4066575765609741,
1885,0.3695774972438812,0.00545501708984375,0.3723050057888031,
1886,0.6489842534065247,0.007442474365234375,0.6527054905891418,
1887,0.9026957750320435,0.0086212158203125,0.9070063829421997,
1888,0.876812756061554,0.0149993896484375,0.8843124508857727,
1889,0.5882786512374878,0.007022857666015625,0.5917900800704956,
1890,0.3631986081600189,0.00742340087890625,0.36691030859947205,
1891,0.8773594498634338,0.00897216796875,0.8818455338478088,
1892,0.4928763210773468,0.007354736328125,0.4965536892414093,
1893,0.8336530327796936,0.0093994140625,0.8383527398109436,
1894,0.3746531009674072,0.005756378173828125,0.3775312900543213,
1895,0.5962881445884705,0.00861358642578125,0.6005949378013611,
1896,1.0012550354003906,0.0099639892578125,1.0062370300292969,
1897,0.7573546767234802,0.0084075927734375,0.761558473110199,
1898,1.1592442989349365,0.0095062255859375,1.1639974117279053,
1899,0.8471490740776062,0.0084228515625,0.8513604998588562,
1900,0.484245628118515,0.00902557373046875,0.4887584149837494,
1901,0.6264435052871704,0.00807952880859375,0.6304832696914673,
1902,0.8209775686264038,0.0088043212890625,0.8253797292709351,
1903,0.7026975154876709,0.0067291259765625,0.7060620784759521,
1904,0.6186959147453308,0.00861358642578125,0.6230027079582214,
1905,0.5533719062805176,0.0079193115234375,0.5573315620422363,
1906,0.33643200993537903,0.0055694580078125,0.3392167389392853,
1907,0.3985217213630676,0.00815582275390625,0.40259963274002075,
1908,0.6862931847572327,0.01238250732421875,0.692484438419342,
1909,0.8739832043647766,0.0118408203125,0.8799036145210266,
1910,0.6928972601890564,0.00823974609375,0.6970171332359314,
1911,0.344970166683197,0.005992889404296875,0.34796661138534546,
1912,0.8623785376548767,0.01110076904296875,0.8679289221763611,
1913,0.2445715367794037,0.004482269287109375,0.24681267142295837,
1914,0.6266237497329712,0.0093231201171875,0.6312853097915649,
1915,0.5341998934745789,0.005832672119140625,0.5371162295341492,
1916,0.6968355774879456,0.0088348388671875,0.7012529969215393,
1917,0.31298816204071045,0.0080108642578125,0.3169935941696167,
1918,0.9767473340034485,0.0100860595703125,0.9817903637886047,
1919,0.5859182476997375,0.00725555419921875,0.5895460247993469,
1920,0.631393551826477,0.0099639892578125,0.6363755464553833,
1921,0.7068942785263062,0.00937652587890625,0.7115825414657593,
1922,0.6778383255004883,0.00780487060546875,0.6817407608032227,
1923,0.6181887984275818,0.00804901123046875,0.6222133040428162,
1924,1.0541316270828247,0.010894775390625,1.0595790147781372,
1925,0.37617287039756775,0.00521087646484375,0.3787783086299896,
1926,0.47180643677711487,0.0080413818359375,0.4758271276950836,
1927,0.5598272085189819,0.008148193359375,0.5639013051986694,
1928,0.6567549705505371,0.007061004638671875,0.660285472869873,
1929,0.7724149823188782,0.01120758056640625,0.7780187726020813,
1930,0.4436892867088318,0.005702972412109375,0.4465407729148865,
1931,0.599101185798645,0.007488250732421875,0.602845311164856,
1932,0.7373396754264832,0.00777435302734375,0.741226851940155,
1933,0.6917370557785034,0.00774383544921875,0.6956089735031128,
1934,0.674978494644165,0.00969696044921875,0.6798269748687744,
1935,1.097330927848816,0.0114898681640625,1.1030758619308472,
1936,0.4357713460922241,0.00959014892578125,0.44056642055511475,
1937,0.8461697101593018,0.009735107421875,0.8510372638702393,
1938,0.6873772144317627,0.010589599609375,0.6926720142364502,
1939,0.5057764649391174,0.00909423828125,0.5103235840797424,
1940,0.4776093065738678,0.007663726806640625,0.4814411699771881,
1941,0.5206580758094788,0.0070037841796875,0.5241599678993225,
1942,0.355701208114624,0.005397796630859375,0.3584001064300537,
1943,0.7012931108474731,0.007762908935546875,0.7051745653152466,
1944,0.4979605972766876,0.0081787109375,0.5020499229431152,
1945,0.5310078263282776,0.00745391845703125,0.5347347855567932,
1946,1.4372429847717285,0.0114593505859375,1.4429726600646973,
1947,0.4718096852302551,0.01024627685546875,0.4769328236579895,
1948,0.7109985947608948,0.01113128662109375,0.7165642380714417,
1949,0.913830041885376,0.00833892822265625,0.9179995059967041,
1950,0.49306124448776245,0.006610870361328125,0.4963666796684265,
1951,0.9645960927009583,0.0110626220703125,0.9701274037361145,
1952,0.6916037797927856,0.00847625732421875,0.695841908454895,
1953,0.9495308995246887,0.01074981689453125,0.9549058079719543,
1954,0.6971664428710938,0.00714874267578125,0.7007408142089844,
1955,0.7388341426849365,0.00887298583984375,0.7432706356048584,
1956,0.6468297839164734,0.007549285888671875,0.6506044268608093,
1957,0.9330040216445923,0.0110931396484375,0.938550591468811,
1958,0.5422161817550659,0.00560760498046875,0.5450199842453003,
1959,0.4680873453617096,0.005687713623046875,0.47093120217323303,
1960,0.5529592037200928,0.008087158203125,0.5570027828216553,
1961,0.7502278685569763,0.0089569091796875,0.7547063231468201,
1962,0.41509488224983215,0.0067901611328125,0.4184899628162384,
1963,0.766131579875946,0.01139068603515625,0.7718269228935242,
1964,1.3650100231170654,0.01136016845703125,1.370690107345581,
1965,0.6929216384887695,0.00888824462890625,0.6973657608032227,
1966,0.2679422199726105,0.00690460205078125,0.2713945209980011,
1967,0.5412784218788147,0.006771087646484375,0.5446639657020569,
1968,0.49804261326789856,0.0087738037109375,0.5024294853210449,
1969,0.4658300578594208,0.007175445556640625,0.4694177806377411,
1970,0.9563164114952087,0.01305389404296875,0.9628433585166931,
1971,0.5231755375862122,0.0082855224609375,0.5273182988166809,
1972,0.9974203109741211,0.01073455810546875,1.0027875900268555,
1973,0.5151245594024658,0.0081329345703125,0.5191910266876221,
1974,0.5775204300880432,0.0081024169921875,0.581571638584137,
1975,1.0874367952346802,0.01016998291015625,1.0925217866897583,
1976,0.947946310043335,0.01210784912109375,0.9540002346038818,
1977,0.8517866730690002,0.013214111328125,0.8583937287330627,
1978,0.7386108636856079,0.00838470458984375,0.7428032159805298,
1979,0.8030402064323425,0.00897979736328125,0.8075301051139832,
1980,0.8958449363708496,0.009552001953125,0.9006209373474121,
1981,0.5630110502243042,0.009002685546875,0.5675123929977417,
1982,0.7496453523635864,0.0084381103515625,0.7538644075393677,
1983,0.6973819136619568,0.01007843017578125,0.7024211287498474,
1984,0.8481326103210449,0.01032257080078125,0.8532938957214355,
1985,0.880122721195221,0.00945281982421875,0.8848491311073303,
1986,0.6211506724357605,0.007251739501953125,0.6247765421867371,
1987,0.4226771295070648,0.005344390869140625,0.42534932494163513,
1988,1.0102133750915527,0.00887298583984375,1.0146498680114746,
1989,0.5293505191802979,0.005847930908203125,0.5322744846343994,
1990,0.6159180402755737,0.00815582275390625,0.6199959516525269,
1991,0.7218353748321533,0.00921630859375,0.7264435291290283,
1992,0.8612526655197144,0.0086212158203125,0.8655632734298706,
1993,1.3122855424880981,0.01097869873046875,1.3177748918533325,
1994,0.3194432258605957,0.004123687744140625,0.321505069732666,
1995,0.6501111388206482,0.0078887939453125,0.6540555357933044,
1996,0.9024660587310791,0.0088958740234375,0.9069139957427979,
1997,0.5636722445487976,0.007659912109375,0.5675022006034851,
1998,0.4662643373012543,0.0082244873046875,0.470376580953598,
1999,0.9543232917785645,0.01009368896484375,0.9593701362609863,
2000,0.5597976446151733,0.0091094970703125,0.5643523931503296,51.908396946564885
2001,0.8512483835220337,0.00855255126953125,0.8555246591567993,
2002,0.7381452322006226,0.00859832763671875,0.7424443960189819,
2003,0.3820236921310425,0.00649261474609375,0.38526999950408936,
2004,0.6436336636543274,0.0079345703125,0.6476009488105774,
2005,0.42375871539115906,0.0079193115234375,0.4277183711528778,
2006,0.5601286888122559,0.008331298828125,0.5642943382263184,
2007,1.019431710243225,0.0127716064453125,1.0258175134658813,
2008,0.665268063545227,0.0096282958984375,0.6700822114944458,
2009,0.48001888394355774,0.00701904296875,0.48352840542793274,
2010,0.5585912466049194,0.00951385498046875,0.5633481740951538,
2011,0.9725316166877747,0.012451171875,0.9787572026252747,
2012,0.640027642250061,0.00617218017578125,0.6431137323379517,
2013,0.8628780841827393,0.00974273681640625,0.8677494525909424,
2014,0.3160666823387146,0.007328033447265625,0.3197306990623474,
2015,0.9029316306114197,0.00872039794921875,0.907291829586029,
2016,0.5732858180999756,0.0068511962890625,0.5767114162445068,
2017,0.5021729469299316,0.00786590576171875,0.506105899810791,
2018,0.7276769876480103,0.0107269287109375,0.733040452003479,
2019,0.3896646797657013,0.0064697265625,0.3928995430469513,
2020,0.370219349861145,0.00522613525390625,0.37283241748809814,
2021,0.6238465905189514,0.00583648681640625,0.6267648339271545,
2022,0.8406698107719421,0.00902557373046875,0.8451825976371765,
2023,0.3181406557559967,0.005252838134765625,0.3207670748233795,
2024,0.8069143295288086,0.0089263916015625,0.8113775253295898,
2025,0.7035927176475525,0.00914764404296875,0.7081665396690369,
2026,0.5619837045669556,0.00653839111328125,0.5652529001235962,
2027,0.3740617036819458,0.00405120849609375,0.3760873079299927,
2028,0.4028041660785675,0.005825042724609375,0.4057166874408722,
2029,0.7426139116287231,0.0086822509765625,0.7469550371170044,
2030,0.4084089994430542,0.00909423828125,0.4129561185836792,
2031,0.9032631516456604,0.006755828857421875,0.9066410660743713,
2032,0.41739773750305176,0.006206512451171875,0.4205009937286377,
2033,0.6954643726348877,0.00727081298828125,0.6990997791290283,
2034,0.42414501309394836,0.00543975830078125,0.426864892244339,
2035,1.2608195543289185,0.0102081298828125,1.2659236192703247,
2036,0.5521687269210815,0.005535125732421875,0.5549362897872925,
2037,0.40979281067848206,0.005344390869140625,0.41246500611305237,
2038,0.6700254082679749,0.0096435546875,0.6748471856117249,
2039,0.3693433403968811,0.00954437255859375,0.374115526676178,
2040,0.31125128269195557,0.004482269287109375,0.31349241733551025,
2041,0.7579197883605957,0.0088958740234375,0.7623677253723145,
2042,0.5213573575019836,0.00574493408203125,0.5242298245429993,
2043,0.6568712592124939,0.0072784423828125,0.6605104804039001,
2044,0.7140188813209534,0.0084075927734375,0.7182226777076721,
2045,0.7790533900260925,0.009918212890625,0.784012496471405,
2046,0.5464873313903809,0.00658416748046875,0.5497794151306152,
2047,0.4775252044200897,0.008026123046875,0.4815382659435272,
2048,0.49852266907691956,0.007442474365234375,0.5022438764572144,
2049,0.3395063877105713,0.006366729736328125,0.34268975257873535,
2050,0.9258639812469482,0.010955810546875,0.9313418865203857,
2051,0.6660903692245483,0.00925445556640625,0.6707175970077515,
2052,0.5480393171310425,0.005802154541015625,0.5509403944015503,
2053,0.46717917919158936,0.005931854248046875,0.4701451063156128,
2054,0.6945379972457886,0.00925445556640625,0.6991652250289917,
2055,0.49906787276268005,0.0078887939453125,0.5030122995376587,
2056,0.4594442546367645,0.00691986083984375,0.4629041850566864,
2057,0.8678038120269775,0.01068878173828125,0.8731482028961182,
2058,1.018279790878296,0.0105133056640625,1.0235364437103271,
2059,0.6968295574188232,0.00780487060546875,0.7007319927215576,
2060,0.5580443739891052,0.0098724365234375,0.562980592250824,
2061,0.35504695773124695,0.0058746337890625,0.3579842746257782,
2062,0.48858046531677246,0.006946563720703125,0.492053747177124,
2063,0.8215273022651672,0.01076507568359375,0.8269098401069641,
2064,0.5537097454071045,0.01004791259765625,0.5587337017059326,
2065,0.4386409521102905,0.006031036376953125,0.4416564702987671,
2066,0.7566982507705688,0.00893402099609375,0.7611652612686157,
2067,0.5722090601921082,0.00890350341796875,0.5766608119010925,
2068,0.959633469581604,0.0091400146484375,0.9642034769058228,
2069,1.0744084119796753,0.00970458984375,1.0792607069015503,
2070,0.5217316746711731,0.00763702392578125,0.5255501866340637,
2071,0.42642903327941895,0.00662994384765625,0.42974400520324707,
2072,0.61031174659729,0.010162353515625,0.6153929233551025,
2073,0.9022859930992126,0.0103607177734375,0.9074663519859314,
2074,0.6976696252822876,0.006206512451171875,0.7007728815078735,
2075,0.830352783203125,0.00823974609375,0.83447265625,
2076,0.6689292192459106,0.0075225830078125,0.6726905107498169,
2077,0.633171558380127,0.008697509765625,0.6375203132629395,
2078,0.7036554217338562,0.00931549072265625,0.7083131670951843,
2079,0.703252911567688,0.0085906982421875,0.7075482606887817,
2080,0.6611365675926208,0.0107879638671875,0.6665305495262146,
2081,0.9291338920593262,0.011688232421875,0.9349780082702637,
2082,0.6023152470588684,0.0088958740234375,0.6067631840705872,
2083,0.4228728711605072,0.00591278076171875,0.4258292615413666,
2084,0.7656999826431274,0.010009765625,0.7707048654556274,
2085,0.5935182571411133,0.01099395751953125,0.5990152359008789,
2086,0.8585655689239502,0.01145172119140625,0.8642914295196533,
2087,0.763879120349884,0.0098419189453125,0.7688000798225403,
2088,0.48757699131965637,0.006809234619140625,0.4909816086292267,
2089,0.45982587337493896,0.008270263671875,0.46396100521087646,
2090,1.0840505361557007,0.00914764404296875,1.088624358177185,
2091,0.5950886607170105,0.00771331787109375,0.5989453196525574,
2092,0.6553428769111633,0.00994110107421875,0.6603134274482727,
2093,0.6092768907546997,0.00817108154296875,0.6133624315261841,
2094,0.48581206798553467,0.00658416748046875,0.48910415172576904,
2095,0.4121773838996887,0.006374359130859375,0.4153645634651184,
2096,0.9948076605796814,0.008819580078125,0.9992174506187439,
2097,0.48009735345840454,0.0067138671875,0.48345428705215454,
2098,1.306721806526184,0.00946044921875,1.311452031135559,
2099,0.45276719331741333,0.00588226318359375,0.4557083249092102,
2100,0.7582534551620483,0.00820159912109375,0.7623542547225952,
2101,0.719560444355011,0.0083465576171875,0.7237337231636047,
2102,0.40333449840545654,0.005218505859375,0.40594375133514404,
2103,0.9169313311576843,0.0103302001953125,0.9220964312553406,
2104,0.7161824107170105,0.00995635986328125,0.7211605906486511,
2105,0.47140994668006897,0.0078887939453125,0.4753543436527252,
2106,0.4502837061882019,0.006153106689453125,0.45336025953292847,
2107,0.4434417486190796,0.006427764892578125,0.44665563106536865,
2108,0.7189214825630188,0.00588226318359375,0.7218626141548157,
2109,0.534948468208313,0.007663726806640625,0.5387803316116333,
2110,0.6040496826171875,0.008392333984375,0.608245849609375,
2111,0.49069854617118835,0.00725555419921875,0.49432632327079773,
2112,1.0253132581710815,0.0107574462890625,1.0306919813156128,
2113,0.966179370880127,0.0084991455078125,0.9704289436340332,
2114,0.3840793967247009,0.0058135986328125,0.3869861960411072,
2115,0.4567702114582062,0.006198883056640625,0.4598696529865265,
2116,0.49183928966522217,0.006744384765625,0.49521148204803467,
2117,1.1289831399917603,0.00922393798828125,1.1335951089859009,
2118,0.7046689391136169,0.00775909423828125,0.7085484862327576,
2119,0.5631839632987976,0.008514404296875,0.5674411654472351,
2120,0.48969265818595886,0.00562286376953125,0.4925040900707245,
2121,0.5241163372993469,0.00580596923828125,0.5270193219184875,
2122,0.37464258074760437,0.005741119384765625,0.3775131404399872,
2123,0.520710289478302,0.00811767578125,0.524769127368927,
2124,0.6135832071304321,0.0090484619140625,0.6181074380874634,
2125,0.8274953961372375,0.0085906982421875,0.8317907452583313,
2126,0.43319255113601685,0.007160186767578125,0.4367726445198059,
2127,0.3699931800365448,0.006610870361328125,0.37329861521720886,
2128,0.4525982737541199,0.007755279541015625,0.4564759135246277,
2129,0.49912920594215393,0.00693511962890625,0.5025967359542847,
2130,0.7959216237068176,0.008453369140625,0.8001483082771301,
2131,0.5843786001205444,0.00868988037109375,0.5887235403060913,
2132,0.7886320948600769,0.0081787109375,0.7927214503288269,
2133,0.7827355265617371,0.010040283203125,0.7877556681632996,
2134,0.4794771075248718,0.00653839111328125,0.48274630308151245,
2135,0.4497096836566925,0.00787353515625,0.4536464512348175,
2136,1.186084508895874,0.0088653564453125,1.1905171871185303,
2137,0.7597816586494446,0.00817108154296875,0.763867199420929,
2138,0.7077314853668213,0.007740020751953125,0.7116014957427979,
2139,0.3780517876148224,0.00595855712890625,0.3810310661792755,
2140,0.5430325865745544,0.007659912109375,0.5468625426292419,
2141,0.6963494420051575,0.0086212158203125,0.7006600499153137,
2142,0.32547712326049805,0.00560760498046875,0.3282809257507324,
2143,0.5077313184738159,0.005496978759765625,0.5104798078536987,
2144,0.6604377031326294,0.00792694091796875,0.6644011735916138,
2145,0.5514832735061646,0.0067596435546875,0.5548630952835083,
2146,0.4618935286998749,0.0054473876953125,0.46461722254753113,
2147,0.44929832220077515,0.00539398193359375,0.451995313167572,
2148,0.4281545877456665,0.005313873291015625,0.4308115243911743,
2149,0.8214443922042847,0.0096282958984375,0.8262585401535034,
2150,0.6651241183280945,0.008880615234375,0.669564425945282,
2151,0.4569987952709198,0.00543212890625,0.4597148597240448,
2152,0.5317313075065613,0.00543975830078125,0.5344511866569519,
2153,0.8866733312606812,0.0108642578125,0.8921054601669312,
2154,0.591809093952179,0.0103912353515625,0.5970047116279602,
2155,0.629241943359375,0.0091400146484375,0.6338119506835938,
2156,0.9197993278503418,0.0084381103515625,0.924018383026123,
2157,0.4342379570007324,0.00691986083984375,0.4376978874206543,
2158,0.6890485286712646,0.0085296630859375,0.6933133602142334,
2159,0.3729901909828186,0.006175994873046875,0.37607818841934204,
2160,0.7627319693565369,0.00969696044921875,0.7675804495811462,
2161,0.8445152640342712,0.01009368896484375,0.8495621085166931,
2162,0.540284276008606,0.00794219970703125,0.5442553758621216,
2163,0.6415080428123474,0.0086212158203125,0.6458186507225037,
2164,0.5843916535377502,0.008056640625,0.5884199738502502,
2165,0.8664901256561279,0.006999969482421875,0.8699901103973389,
2166,0.6692928671836853,0.006256103515625,0.6724209189414978,
2167,0.41289904713630676,0.00803375244140625,0.4169159233570099,
2168,0.5888549089431763,0.0072479248046875,0.59247887134552,
2169,0.48096489906311035,0.005950927734375,0.48394036293029785,
2170,0.6402094960212708,0.007480621337890625,0.6439498066902161,
2171,0.3686353862285614,0.005458831787109375,0.3713648021221161,
2172,0.4187943637371063,0.00539398193359375,0.4214913547039032,
2173,0.691412091255188,0.006465911865234375,0.6946450471878052,
2174,0.6169946193695068,0.0085296630859375,0.6212594509124756,
2175,1.2463454008102417,0.01148223876953125,1.2520865201950073,
2176,1.1900625228881836,0.01161956787109375,1.1958723068237305,
2177,0.41978394985198975,0.00698089599609375,0.4232743978500366,
2178,0.8562095165252686,0.00836944580078125,0.8603942394256592,
2179,0.5649181604385376,0.007678985595703125,0.5687576532363892,
2180,0.36682647466659546,0.00627899169921875,0.36996597051620483,
2181,0.905596911907196,0.00838470458984375,0.9097892642021179,
2182,0.7496577501296997,0.007556915283203125,0.7534362077713013,
2183,0.4581274092197418,0.00475311279296875,0.4605039656162262,
2184,0.5603786706924438,0.00710296630859375,0.5639301538467407,
2185,0.8244830965995789,0.006671905517578125,0.8278190493583679,
2186,0.5111117959022522,0.00731658935546875,0.5147700905799866,
2187,0.6722763776779175,0.009857177734375,0.677204966545105,
2188,0.47209635376930237,0.004955291748046875,0.4745739996433258,
2189,0.6672477126121521,0.01025390625,0.6723746657371521,
2190,0.5663246512413025,0.00962066650390625,0.5711349844932556,
2191,0.47645604610443115,0.005290985107421875,0.4791015386581421,
2192,0.3294646143913269,0.0038356781005859375,0.3313824534416199,
2193,0.33244752883911133,0.004924774169921875,0.33490991592407227,
2194,0.744179904460907,0.00799560546875,0.748177707195282,
2195,0.4350615441799164,0.006153106689453125,0.43813809752464294,
2196,0.3136213719844818,0.004459381103515625,0.3158510625362396,
2197,0.5529203414916992,0.00830078125,0.5570707321166992,
2198,0.6750312447547913,0.00743865966796875,0.6787505745887756,
2199,0.7968648076057434,0.00848388671875,0.8011067509651184,
2200,0.832781970500946,0.00954437255859375,0.8375541567802429,
2201,0.635141134262085,0.006626129150390625,0.6384541988372803,
2202,0.4993346035480499,0.007793426513671875,0.5032312870025635,
2203,0.5732843279838562,0.00736236572265625,0.5769655108451843,
2204,0.7582035660743713,0.007129669189453125,0.7617684006690979,
2205,0.5929976105690002,0.00833892822265625,0.5971670746803284,
2206,0.4072638154029846,0.00550079345703125,0.41001421213150024,
2207,0.5873305201530457,0.0096282958984375,0.5921446681022644,
2208,0.8395056128501892,0.0080108642578125,0.8435110449790955,
2209,0.669445812702179,0.0106353759765625,0.6747635006904602,
2210,0.6541005373001099,0.007686614990234375,0.657943844795227,
2211,0.5507015585899353,0.006046295166015625,0.5537247061729431,
2212,0.6808497905731201,0.012237548828125,0.6869685649871826,
2213,0.29468682408332825,0.005329132080078125,0.2973513901233673,
2214,0.7478102445602417,0.0109710693359375,0.7532957792282104,
2215,0.693787157535553,0.00778961181640625,0.6976819634437561,
2216,0.4442636966705322,0.007732391357421875,0.44812989234924316,
2217,0.4409715533256531,0.007678985595703125,0.44481104612350464,
2218,0.8795070052146912,0.0082855224609375,0.8836497664451599,
2219,0.7960042953491211,0.01047515869140625,0.8012418746948242,
2220,0.9940103888511658,0.00823974609375,0.9981302618980408,
2221,0.4096852242946625,0.009735107421875,0.4145527780056,
2222,0.35886654257774353,0.007640838623046875,0.36268696188926697,
2223,1.0049103498458862,0.011688232421875,1.0107544660568237,
2224,0.4632806181907654,0.007602691650390625,0.4670819640159607,
2225,0.5699461698532104,0.0095367431640625,0.5747145414352417,
2226,0.5540338754653931,0.006099700927734375,0.5570837259292603,
2227,0.5415299534797668,0.006839752197265625,0.5449498295783997,
2228,0.9469955563545227,0.01016998291015625,0.9520805478096008,
2229,1.0301145315170288,0.007617950439453125,1.0339235067367554,
2230,0.622111439704895,0.00740814208984375,0.6258155107498169,
2231,0.518405556678772,0.00603485107421875,0.5214229822158813,
2232,0.7587082982063293,0.006908416748046875,0.7621625065803528,
2233,0.8021666407585144,0.00983428955078125,0.807083785533905,
2234,0.5842716693878174,0.00890350341796875,0.5887234210968018,
2235,0.6009366512298584,0.00850677490234375,0.6051900386810303,
2236,0.4352585971355438,0.00634002685546875,0.4384286105632782,
2237,1.0499582290649414,0.00960540771484375,1.0547609329223633,
2238,0.49326851963996887,0.00644683837890625,0.496491938829422,
2239,0.838020384311676,0.008026123046875,0.8420334458351135,
2240,1.088669776916504,0.00994110107421875,1.0936403274536133,
2241,0.960475742816925,0.00852203369140625,0.9647367596626282,
2242,0.5700966715812683,0.007305145263671875,0.5737492442131042,
2243,0.7182278037071228,0.0085601806640625,0.722507894039154,
2244,0.9770505428314209,0.008392333984375,0.9812467098236084,
2245,0.5453612804412842,0.00881195068359375,0.549767255783081,
2246,1.0201305150985718,0.0095062255859375,1.0248836278915405,
2247,0.7017784118652344,0.00891876220703125,0.70623779296875,
2248,0.38159194588661194,0.006591796875,0.38488784432411194,
2249,0.9886794090270996,0.00774383544921875,0.992551326751709,
2250,1.337968111038208,0.01416015625,1.345048189163208,
2251,1.1713067293167114,0.01210784912109375,1.1773606538772583,
2252,0.47421517968177795,0.0059051513671875,0.4771677553653717,
2253,0.3994026780128479,0.006927490234375,0.4028664231300354,
2254,0.8965989351272583,0.01010894775390625,0.9016534090042114,
2255,0.570432186126709,0.006511688232421875,0.5736880302429199,
2256,0.41234034299850464,0.005401611328125,0.41504114866256714,
2257,0.2998976707458496,0.005157470703125,0.3024764060974121,
2258,0.7591583132743835,0.006561279296875,0.762438952922821,
2259,0.7958444356918335,0.0081024169921875,0.7998956441879272,
2260,0.7974604964256287,0.00926971435546875,0.802095353603363,
2261,0.5966150164604187,0.007648468017578125,0.6004392504692078,
2262,0.6378287076950073,0.0082244873046875,0.6419409513473511,
2263,0.5926527976989746,0.006069183349609375,0.5956873893737793,
2264,0.5376692414283752,0.006008148193359375,0.5406733155250549,
2265,0.364250510931015,0.0043182373046875,0.36640962958335876,
2266,0.8633588552474976,0.01031494140625,0.8685163259506226,
2267,0.35815975069999695,0.004566192626953125,0.3604428470134735,
2268,0.7195396423339844,0.0083770751953125,0.7237281799316406,
2269,0.4359000027179718,0.006801605224609375,0.4393008053302765,
2270,0.873542070388794,0.007656097412109375,0.8773701190948486,
2271,1.2627321481704712,0.00843048095703125,1.2669473886489868,
2272,0.9920488595962524,0.00917816162109375,0.9966379404067993,
2273,0.5892657041549683,0.006744384765625,0.5926378965377808,
2274,0.6458767056465149,0.00711822509765625,0.649435818195343,
2275,0.4670693874359131,0.00678253173828125,0.4704606533050537,
2276,0.5377944707870483,0.0082244873046875,0.5419067144393921,
2277,0.699539065361023,0.00815582275390625,0.7036169767379761,
2278,0.7166013121604919,0.00862884521484375,0.7209157347679138,
2279,0.36083555221557617,0.004302978515625,0.36298704147338867,
2280,0.6397147178649902,0.00806427001953125,0.6437468528747559,
2281,0.6742344498634338,0.00855255126953125,0.6785107254981995,
2282,0.5329833030700684,0.0066070556640625,0.5362868309020996,
2283,0.37968742847442627,0.0082855224609375,0.383830189704895,
2284,0.9316853284835815,0.00910186767578125,0.9362362623214722,
2285,0.9533682465553284,0.00969696044921875,0.9582167267799377,
2286,0.3637114465236664,0.005527496337890625,0.3664751946926117,
2287,0.8147591352462769,0.00949859619140625,0.81950843334198,
2288,0.612432062625885,0.006839752197265625,0.6158519387245178,
2289,0.381979763507843,0.005126953125,0.384543240070343,
2290,0.8607824444770813,0.010101318359375,0.8658331036567688,
2291,0.5406430959701538,0.0081939697265625,0.5447400808334351,
2292,0.5552499890327454,0.006290435791015625,0.5583952069282532,
2293,0.735923707485199,0.0085601806640625,0.7402037978172302,
2294,1.0848780870437622,0.00986480712890625,1.0898104906082153,
2295,0.29933613538742065,0.0047149658203125,0.3016936182975769,
2296,0.47119051218032837,0.006275177001953125,0.47432810068130493,
2297,0.8090770244598389,0.00801849365234375,0.8130862712860107,
2298,0.8031617403030396,0.00878143310546875,0.8075524568557739,
2299,0.8534736037254333,0.0101318359375,0.8585395216941833,
2300,0.6236705183982849,0.00710296630859375,0.6272220015525818,
2301,0.8430389165878296,0.008453369140625,0.8472656011581421,
2302,0.2796466648578644,0.00562286376953125,0.28245809674263,
2303,0.7002018690109253,0.005817413330078125,0.7031105756759644,
2304,0.827461302280426,0.0095977783203125,0.8322601914405823,
2305,0.7359522581100464,0.008331298828125,0.7401179075241089,
2306,0.7403133511543274,0.007160186767578125,0.7438934445381165,
2307,0.6091191172599792,0.006031036376953125,0.6121346354484558,
2308,0.8312763571739197,0.0084381103515625,0.8354954123497009,
2309,0.49116837978363037,0.005619049072265625,0.4939779043197632,
2310,0.7724140882492065,0.0086212158203125,0.7767246961593628,
2311,0.3543183505535126,0.005710601806640625,0.3571736514568329,
2312,0.33449575304985046,0.005825042724609375,0.33740827441215515,
2313,0.8220321536064148,0.00702667236328125,0.8255454897880554,
2314,1.0958219766616821,0.0102386474609375,1.1009413003921509,
2315,0.8281564712524414,0.00983428955078125,0.833073616027832,
2316,0.4206436276435852,0.0081939697265625,0.42474061250686646,
2317,0.5530480742454529,0.0080413818359375,0.5570687651634216,
2318,0.7404212355613708,0.007350921630859375,0.7440966963768005,
2319,0.5318482518196106,0.00789642333984375,0.5357964634895325,
2320,0.9437158703804016,0.00843048095703125,0.9479311108589172,
2321,0.6713639497756958,0.00693511962890625,0.6748315095901489,
2322,1.126165509223938,0.00881195068359375,1.1305714845657349,
2323,0.6040990352630615,0.007602691650390625,0.6079003810882568,
2324,1.1230008602142334,0.0098876953125,1.1279447078704834,
2325,0.49051734805107117,0.00778961181640625,0.4944121539592743,
2326,0.5799137949943542,0.00772857666015625,0.5837780833244324,
2327,1.002905249595642,0.01038360595703125,1.0080970525741577,
2328,0.35636526346206665,0.00516510009765625,0.3589478135108948,
2329,0.6354458332061768,0.0109100341796875,0.6409008502960205,
2330,0.5591703057289124,0.007503509521484375,0.5629220604896545,
2331,0.5089134573936462,0.00679779052734375,0.5123123526573181,
2332,0.868910551071167,0.0085296630859375,0.8731753826141357,
2333,0.5840145349502563,0.00701141357421875,0.5875202417373657,
2334,0.605980396270752,0.00655364990234375,0.6092572212219238,
2335,0.7609098553657532,0.00870513916015625,0.7652624249458313,
2336,1.221952199935913,0.00928497314453125,1.2265946865081787,
2337,0.4263518154621124,0.007213592529296875,0.42995861172676086,
2338,0.48721885681152344,0.007015228271484375,0.4907264709472656,
2339,0.7535061836242676,0.01157379150390625,0.7592930793762207,
2340,0.5428008437156677,0.00653839111328125,0.5460700392723083,
2341,0.3850226402282715,0.00481414794921875,0.38742971420288086,
2342,0.7522125244140625,0.006618499755859375,0.7555217742919922,
2343,0.5066275596618652,0.006336212158203125,0.5097956657409668,
2344,0.4976649284362793,0.006771087646484375,0.5010504722595215,
2345,0.4199126660823822,0.005558013916015625,0.42269167304039,
2346,0.6608946323394775,0.0075531005859375,0.6646711826324463,
2347,1.1783368587493896,0.00814056396484375,1.1824071407318115,
2348,1.4914093017578125,0.01241302490234375,1.4976158142089844,
2349,0.95367032289505,0.00937652587890625,0.9583585858345032,
2350,0.6491316556930542,0.00902557373046875,0.6536444425582886,
2351,0.8218734264373779,0.007465362548828125,0.825606107711792,
2352,0.37047460675239563,0.00518798828125,0.37306860089302063,
2353,0.44279739260673523,0.005489349365234375,0.4455420672893524,
2354,0.43641170859336853,0.006084442138671875,0.43945392966270447,
2355,0.628702700138092,0.00791168212890625,0.6326585412025452,
2356,0.3873215317726135,0.005374908447265625,0.39000898599624634,
2357,0.547818660736084,0.007144927978515625,0.5513911247253418,
2358,0.386577308177948,0.005359649658203125,0.38925713300704956,
2359,0.5237907767295837,0.005908966064453125,0.5267452597618103,
2360,0.4984499514102936,0.006053924560546875,0.5014768838882446,
2361,0.33383414149284363,0.005199432373046875,0.33643385767936707,
2362,0.6948619484901428,0.00824737548828125,0.6989856362342834,
2363,0.9349786639213562,0.01117706298828125,0.9405671954154968,
2364,1.2326427698135376,0.011688232421875,1.238486886024475,
2365,0.8706005215644836,0.0083160400390625,0.8747585415840149,
2366,0.7009106278419495,0.00801849365234375,0.7049198746681213,
2367,0.5139867663383484,0.005878448486328125,0.5169259905815125,
2368,0.6816810965538025,0.006969451904296875,0.6851658225059509,
2369,0.41758376359939575,0.006855010986328125,0.4210112690925598,
2370,0.8880597949028015,0.008880615234375,0.892500102519989,
2371,0.7287190556526184,0.0083160400390625,0.7328770756721497,
2372,0.6118676662445068,0.0082244873046875,0.6159799098968506,
2373,1.0051201581954956,0.0089569091796875,1.0095986127853394,
2374,1.026344656944275,0.00775146484375,1.03022038936615,
2375,0.6479062438011169,0.007659912109375,0.6517361998558044,
2376,0.6905637383460999,0.00902557373046875,0.6950765252113342,
2377,0.5570412278175354,0.00720977783203125,0.560646116733551,
2378,0.6074331998825073,0.00740814208984375,0.6111372709274292,
2379,1.0082391500473022,0.0101165771484375,1.013297438621521,
2380,0.7535284161567688,0.008026123046875,0.7575414776802063,
2381,0.7915368676185608,0.00763702392578125,0.7953553795814514,
2382,0.43387386202812195,0.006439208984375,0.43709346652030945,
2383,0.5898697972297668,0.0057830810546875,0.5927613377571106,
2384,0.7176531553268433,0.0084991455078125,0.7219027280807495,
2385,0.9011712670326233,0.01068115234375,0.9065118432044983,
2386,0.7547655701637268,0.007396697998046875,0.7584639191627502,
2387,0.4036749601364136,0.0080718994140625,0.4077109098434448,
2388,0.4152868390083313,0.0058135986328125,0.41819363832473755,
2389,0.29370543360710144,0.0037899017333984375,0.29560038447380066,
2390,0.4212775230407715,0.00574493408203125,0.4241499900817871,
2391,0.45615869760513306,0.00701141357421875,0.45966440439224243,
2392,0.9512629508972168,0.00939178466796875,0.9559588432312012,
2393,0.7362948060035706,0.007419586181640625,0.7400045990943909,
2394,0.6047698855400085,0.006839752197265625,0.6081897616386414,
2395,0.5088376402854919,0.00577545166015625,0.5117253661155701,
2396,0.6165419220924377,0.006824493408203125,0.6199541687965393,
2397,0.4498130977153778,0.00439453125,0.4520103633403778,
2398,1.1710368394851685,0.0093231201171875,1.1756983995437622,
2399,0.8723338842391968,0.00748443603515625,0.8760761022567749,
2400,0.3313630223274231,0.004154205322265625,0.3334401249885559,
2401,0.46557334065437317,0.00792694091796875,0.46953681111335754,
2402,0.8829420804977417,0.0105133056640625,0.888198733329773,
2403,0.5568839311599731,0.0108489990234375,0.5623084306716919,
2404,0.5726546049118042,0.006443023681640625,0.5758761167526245,
2405,0.6268190145492554,0.00637054443359375,0.6300042867660522,
2406,0.6097509264945984,0.0072479248046875,0.6133748888969421,
2407,0.6125612854957581,0.005794525146484375,0.6154585480690002,
2408,0.82489013671875,0.006641387939453125,0.8282108306884766,
2409,1.2350364923477173,0.00958251953125,1.2398277521133423,
2410,0.4310748279094696,0.005786895751953125,0.43396827578544617,
2411,0.8097628355026245,0.00957489013671875,0.8145502805709839,
2412,0.3903826177120209,0.007568359375,0.3941667973995209,
2413,0.7739446759223938,0.00827789306640625,0.7780836224555969,
2414,0.8501530289649963,0.00896453857421875,0.8546352982521057,
2415,0.4312523603439331,0.0068511962890625,0.43467795848846436,
2416,0.6002647876739502,0.0064849853515625,0.6035072803497314,
2417,1.0723763704299927,0.010009765625,1.0773812532424927,
2418,0.639018177986145,0.007335662841796875,0.6426860094070435,
2419,0.3447129428386688,0.005764007568359375,0.3475949466228485,
2420,0.6018989086151123,0.00861358642578125,0.6062057018280029,
2421,0.42035990953445435,0.007656097412109375,0.42418795824050903,
2422,1.2401094436645508,0.008880615234375,1.2445497512817383,
2423,0.6339913010597229,0.007114410400390625,0.6375485062599182,
2424,0.5466657876968384,0.007476806640625,0.5504041910171509,
2425,0.5578302145004272,0.00653839111328125,0.5610994100570679,
2426,0.5720218420028687,0.00684356689453125,0.5754436254501343,
2427,0.3890739977359772,0.005596160888671875,0.3918720781803131,
2428,0.5767325162887573,0.00661468505859375,0.5800398588180542,
2429,0.7568509578704834,0.00733184814453125,0.760516881942749,
2430,0.33707571029663086,0.00615692138671875,0.34015417098999023,
2431,0.7063412070274353,0.006771087646484375,0.7097267508506775,
2432,0.6079379320144653,0.00620269775390625,0.6110392808914185,
2433,0.5309967994689941,0.00655364990234375,0.534273624420166,
2434,0.7176195383071899,0.00792694091796875,0.7215830087661743,
2435,0.847227156162262,0.0091094970703125,0.8517819046974182,
2436,0.6915097832679749,0.0085296630859375,0.6957746148109436,
2437,1.1837000846862793,0.00878143310546875,1.1880908012390137,
2438,0.8158431053161621,0.00782012939453125,0.8197531700134277,
2439,0.6705453395843506,0.007442474365234375,0.6742665767669678,
2440,0.7762346863746643,0.0086669921875,0.7805681824684143,
2441,0.42229345440864563,0.006011962890625,0.42529943585395813,
2442,0.6628254652023315,0.007785797119140625,0.6667183637619019,
2443,0.8488516211509705,0.008392333984375,0.853047788143158,
2444,0.7726312875747681,0.00765228271484375,0.7764574289321899,
2445,0.7827460765838623,0.007904052734375,0.7866981029510498,
2446,0.7596220970153809,0.00740814208984375,0.7633261680603027,
2447,0.6412798166275024,0.00982666015625,0.6461931467056274,
2448,0.838499903678894,0.0075225830078125,0.8422611951828003,
2449,0.45443961024284363,0.005527496337890625,0.45720335841178894,
2450,0.669609785079956,0.00795745849609375,0.6735885143280029,
2451,0.9888245463371277,0.01103973388671875,0.9943444132804871,
2452,0.8927589058876038,0.0092010498046875,0.8973594307899475,
2453,0.9997578263282776,0.01169586181640625,1.005605697631836,
2454,0.584865152835846,0.00914764404296875,0.5894389748573303,
2455,0.44360047578811646,0.005855560302734375,0.44652825593948364,
2456,0.9226211905479431,0.01029205322265625,0.9277672171592712,
2457,0.555304229259491,0.0074005126953125,0.5590044856071472,
2458,0.6791038513183594,0.01029205322265625,0.6842498779296875,
2459,0.9780744314193726,0.00997161865234375,0.9830602407455444,
2460,0.7579206228256226,0.0089569091796875,0.7623990774154663,
2461,1.1193844079971313,0.01084136962890625,1.1248050928115845,
2462,0.676488995552063,0.00766754150390625,0.6803227663040161,
2463,0.42913907766342163,0.007106781005859375,0.4326924681663513,
2464,0.3304379880428314,0.005222320556640625,0.33304914832115173,
2465,0.8504130244255066,0.00847625732421875,0.854651153087616,
2466,0.6754489541053772,0.00875091552734375,0.6798244118690491,
2467,0.4175889790058136,0.00528717041015625,0.4202325642108917,
2468,0.46769627928733826,0.00608062744140625,0.4707365930080414,
2469,0.6119789481163025,0.00806427001953125,0.6160110831260681,
2470,0.7569006085395813,0.00868988037109375,0.7612455487251282,
2471,0.651773989200592,0.007511138916015625,0.6555295586585999,
2472,0.6204301118850708,0.00704193115234375,0.6239510774612427,
2473,0.6680352091789246,0.0067138671875,0.6713921427726746,
2474,0.3513844907283783,0.0070953369140625,0.35493215918540955,
2475,0.7545629143714905,0.006092071533203125,0.757608950138092,
2476,0.8351624011993408,0.01319122314453125,0.8417580127716064,
2477,1.1364576816558838,0.0102691650390625,1.141592264175415,
2478,0.3220531940460205,0.00545501708984375,0.3247807025909424,
2479,0.8867138624191284,0.0084991455078125,0.8909634351730347,
2480,0.800129234790802,0.00841522216796875,0.8043368458747864,
2481,0.5771323442459106,0.00791168212890625,0.5810881853103638,
2482,0.6245969533920288,0.007305145263671875,0.6282495260238647,
2483,0.515825092792511,0.005649566650390625,0.5186498761177063,
2484,0.3027471601963043,0.004398345947265625,0.30494633316993713,
2485,0.8250813484191895,0.007747650146484375,0.8289551734924316,
2486,0.8319917917251587,0.0083465576171875,0.8361650705337524,
2487,0.549174964427948,0.00688934326171875,0.5526196360588074,
2488,0.5923197269439697,0.006145477294921875,0.5953924655914307,
2489,0.3334693908691406,0.003429412841796875,0.33518409729003906,
2490,0.7722760438919067,0.00846099853515625,0.7765065431594849,
2491,0.5339809060096741,0.0055084228515625,0.5367351174354553,
2492,0.7233641147613525,0.007587432861328125,0.7271578311920166,
2493,0.5474458932876587,0.007343292236328125,0.5511175394058228,
2494,0.5349572896957397,0.006317138671875,0.5381158590316772,
2495,0.5780273675918579,0.007114410400390625,0.5815845727920532,
2496,0.39860862493515015,0.004840850830078125,0.4010290503501892,
2497,0.8649717569351196,0.00791168212890625,0.8689275979995728,
2498,0.4968283772468567,0.007781982421875,0.5007193684577942,
2499,0.380592405796051,0.006488800048828125,0.3838368058204651,
2500,0.3604206442832947,0.004611968994140625,0.362726628780365,
2501,0.5096780061721802,0.00650787353515625,0.5129319429397583,
2502,0.3330860137939453,0.004192352294921875,0.33518218994140625,
2503,0.6181491613388062,0.0062103271484375,0.6212543249130249,
2504,1.1707122325897217,0.01035308837890625,1.1758887767791748,
2505,0.7421704530715942,0.00870513916015625,0.7465230226516724,
2506,0.7989329695701599,0.007251739501953125,0.8025588393211365,
2507,0.6068142056465149,0.006710052490234375,0.6101692318916321,
2508,0.5293498039245605,0.00531005859375,0.5320048332214355,
2509,0.7824438214302063,0.0067138671875,0.7858007550239563,
2510,0.4102835953235626,0.005992889404296875,0.41328004002571106,
2511,0.5769362449645996,0.007747650146484375,0.5808100700378418,
2512,1.0888625383377075,0.00949859619140625,1.0936118364334106,
2513,0.8024919629096985,0.010406494140625,0.807695209980011,
2514,0.8054428696632385,0.0100250244140625,0.8104553818702698,
2515,1.15927255153656,0.011474609375,1.16500985622406,
2516,0.3061285614967346,0.0041961669921875,0.30822664499282837,
2517,0.5214760899543762,0.006824493408203125,0.5248883366584778,
2518,0.7318575382232666,0.0089111328125,0.7363131046295166,
2519,0.8170641660690308,0.0091705322265625,0.821649432182312,
2520,0.5613950490951538,0.00823211669921875,0.5655111074447632,
2521,0.7996442317962646,0.0087738037109375,0.8040311336517334,
2522,0.6851056814193726,0.00856781005859375,0.6893895864486694,
2523,0.6798116564750671,0.00682830810546875,0.6832258105278015,
2524,0.6137105226516724,0.006927490234375,0.6171742677688599,
2525,0.8089953064918518,0.00856781005859375,0.8132792115211487,
2526,0.6442484259605408,0.006374359130859375,0.6474356055259705,
2527,0.7620231509208679,0.006343841552734375,0.7651950716972351,
2528,0.42517024278640747,0.00539398193359375,0.42786723375320435,
2529,0.7973074913024902,0.00838470458984375,0.8014998435974121,
2530,0.8303436636924744,0.00682830810546875,0.8337578177452087,
2531,0.7131609320640564,0.007770538330078125,0.7170462012290955,
2532,0.7981560230255127,0.00775909423828125,0.8020355701446533,
2533,0.4715195298194885,0.005405426025390625,0.47422224283218384,
2534,0.40700122714042664,0.005519866943359375,0.4097611606121063,
2535,0.29687821865081787,0.0035266876220703125,0.298641562461853,
2536,0.476879358291626,0.006206512451171875,0.4799826145172119,
2537,0.6203029751777649,0.006908416748046875,0.6237571835517883,
2538,0.6905737519264221,0.0061187744140625,0.6936331391334534,
2539,0.3069267272949219,0.005535125732421875,0.3096942901611328,
2540,0.3553652763366699,0.004383087158203125,0.3575568199157715,
2541,0.7156409621238708,0.006603240966796875,0.7189425826072693,
2542,0.4964657127857208,0.005046844482421875,0.49898913502693176,
2543,0.9687354564666748,0.00830078125,0.9728858470916748,
2544,0.6357550024986267,0.005329132080078125,0.6384195685386658,
2545,0.6089038252830505,0.005023956298828125,0.6114158034324646,
2546,0.7642173767089844,0.00798797607421875,0.7682113647460938,
2547,0.4257465898990631,0.005039215087890625,0.4282661974430084,
2548,0.4911898672580719,0.006954193115234375,0.4946669638156891,
2549,0.6987107396125793,0.00897216796875,0.7031968235969543,
2550,0.5274304747581482,0.00693511962890625,0.5308980345726013,
2551,0.48888054490089417,0.005413055419921875,0.4915870726108551,
2552,0.7109325528144836,0.00949859619140625,0.7156818509101868,
2553,0.7203258275985718,0.00936126708984375,0.7250064611434937,
2554,0.5457229614257812,0.00661468505859375,0.5490303039550781,
2555,1.1011614799499512,0.0085906982421875,1.105456829071045,
2556,0.6116470694541931,0.007205963134765625,0.6152500510215759,
2557,0.5053369998931885,0.006587982177734375,0.5086309909820557,
2558,0.8050011396408081,0.0071563720703125,0.8085793256759644,
2559,0.8258346319198608,0.007366180419921875,0.8295177221298218,
2560,0.7974706888198853,0.0106658935546875,0.802803635597229,
2561,0.7748554348945618,0.00799560546875,0.7788532376289368,
2562,0.5596187710762024,0.00677490234375,0.5630062222480774,
2563,0.8677874207496643,0.007396697998046875,0.8714857697486877,
2564,0.3250788748264313,0.00630950927734375,0.32823362946510315,
2565,0.8814959526062012,0.008575439453125,0.8857836723327637,
2566,0.7693023681640625,0.00820159912109375,0.7734031677246094,
2567,0.6632691621780396,0.00684356689453125,0.6666909456253052,
2568,0.8407716155052185,0.00795745849609375,0.8447503447532654,
2569,0.837334930896759,0.0102386474609375,0.8424542546272278,
2570,0.5306055545806885,0.00638580322265625,0.5337984561920166,
2571,0.8148961067199707,0.00653076171875,0.8181614875793457,
2572,0.940078616142273,0.0083160400390625,0.9442366361618042,
2573,0.7825962901115417,0.0081787109375,0.7866856455802917,
2574,1.2247028350830078,0.009033203125,1.2292194366455078,
2575,0.46439027786254883,0.00727081298828125,0.46802568435668945,
2576,0.3956761062145233,0.005764007568359375,0.398558109998703,
2577,0.5443041324615479,0.005828857421875,0.5472185611724854,
2578,0.7777218222618103,0.00728607177734375,0.7813648581504822,
2579,0.35266783833503723,0.0070648193359375,0.356200248003006,
2580,0.46244028210639954,0.0058746337890625,0.4653775990009308,
2581,0.6006302833557129,0.00786590576171875,0.6045632362365723,
2582,0.4616032540798187,0.00975799560546875,0.4664822518825531,
2583,0.6117647886276245,0.00727081298828125,0.6154001951217651,
2584,0.41184356808662415,0.005321502685546875,0.4145043194293976,
2585,0.605031430721283,0.006481170654296875,0.6082720160484314,
2586,0.721259355545044,0.0077362060546875,0.7251274585723877,
2587,0.848595917224884,0.009979248046875,0.8535855412483215,
2588,1.035783290863037,0.00923919677734375,1.040402889251709,
2589,0.4709216058254242,0.005405426025390625,0.4736243188381195,
2590,0.5439246296882629,0.00824737548828125,0.5480483174324036,
2591,1.3393096923828125,0.009735107421875,1.34417724609375,
2592,0.6352874636650085,0.0066070556640625,0.6385909914970398,
2593,0.6714402437210083,0.00775909423828125,0.6753197908401489,
2594,0.43205729126930237,0.004215240478515625,0.4341649115085602,
2595,0.8378278017044067,0.0084686279296875,0.8420621156692505,
2596,0.44332370162010193,0.0079803466796875,0.4473138749599457,
2597,0.7690343856811523,0.007495880126953125,0.7727823257446289,
2598,0.3160078823566437,0.004940032958984375,0.31847789883613586,
2599,0.7304361462593079,0.006496429443359375,0.7336843609809875,
2600,1.314740538597107,0.01137542724609375,1.3204282522201538,
2601,0.5137088894844055,0.007579803466796875,0.517498791217804,
2602,0.512534499168396,0.00736236572265625,0.5162156820297241,
2603,0.940055787563324,0.00960540771484375,0.9448584914207458,
2604,0.6571763157844543,0.00876617431640625,0.6615594029426575,
2605,0.5177879333496094,0.006198883056640625,0.5208873748779297,
2606,0.5625677108764648,0.007030487060546875,0.5660829544067383,
2607,0.45410051941871643,0.006496429443359375,0.4573487341403961,
2608,0.7515652179718018,0.00913238525390625,0.7561314105987549,
2609,0.29272428154945374,0.004497528076171875,0.2949730455875397,
2610,0.42083248496055603,0.00569915771484375,0.4236820638179779,
2611,0.9274771809577942,0.00850677490234375,0.9317305684089661,
2612,1.1847130060195923,0.01087188720703125,1.190148949623108,
2613,0.5475677251815796,0.00531768798828125,0.5502265691757202,
2614,0.4903322756290436,0.00592041015625,0.4932924807071686,
2615,0.6771634817123413,0.008453369140625,0.6813901662826538,
2616,0.6062763333320618,0.00807952880859375,0.6103160977363586,
2617,0.512241542339325,0.006740570068359375,0.5156118273735046,
2618,1.1145411729812622,0.007381439208984375,1.1182318925857544,
2619,0.6055237650871277,0.005832672119140625,0.608440101146698,
2620,0.7956722378730774,0.00858306884765625,0.7999637722969055,
2621,0.7183308601379395,0.00679779052734375,0.7217297554016113,
2622,0.5195270776748657,0.005218505859375,0.5221363306045532,
2623,0.7528573870658875,0.0090484619140625,0.7573816180229187,
2624,0.4886830747127533,0.005664825439453125,0.49151548743247986,
2625,0.6341831088066101,0.0083160400390625,0.6383411288261414,
2626,0.5896026492118835,0.00811004638671875,0.5936576724052429,
2627,0.5853886604309082,0.005702972412109375,0.5882401466369629,
2628,0.913822591304779,0.00836181640625,0.918003499507904,
2629,0.5641943216323853,0.00864410400390625,0.5685163736343384,
2630,0.3781570792198181,0.00557708740234375,0.38094562292099,
2631,0.9294124841690063,0.011077880859375,0.9349514245986938,
2632,0.4156566858291626,0.005985260009765625,0.4186493158340454,
2633,0.9536496996879578,0.007114410400390625,0.9572069048881531,
2634,0.4386511445045471,0.0063629150390625,0.44183260202407837,
2635,0.9791253209114075,0.00838470458984375,0.9833176732063293,
2636,0.9593551754951477,0.00893402099609375,0.9638221859931946,
2637,0.5634618997573853,0.0072479248046875,0.567085862159729,
2638,1.082482099533081,0.01009368896484375,1.087528944015503,
2639,0.4386821985244751,0.0094757080078125,0.44342005252838135,
2640,0.42460355162620544,0.0047149658203125,0.4269610345363617,
2641,0.4618115723133087,0.006496429443359375,0.4650597870349884,
2642,0.5605480074882507,0.0056610107421875,0.5633785128593445,
2643,0.5909250974655151,0.00824737548828125,0.5950487852096558,
2644,0.6926941871643066,0.006763458251953125,0.6960759162902832,
2645,0.7578442096710205,0.0095672607421875,0.7626278400421143,
2646,0.4516201913356781,0.00506591796875,0.4541531503200531,
2647,0.6220874190330505,0.00685882568359375,0.6255168318748474,
2648,0.5171657204627991,0.006832122802734375,0.5205817818641663,
2649,0.873104989528656,0.00803375244140625,0.8771218657493591,
2650,0.7988884449005127,0.00823211669921875,0.8030045032501221,
2651,0.6358147263526917,0.006801605224609375,0.6392155289649963,
2652,0.6309478878974915,0.006351470947265625,0.6341236233711243,
2653,0.9663405418395996,0.010040283203125,0.9713606834411621,
2654,0.5414122939109802,0.00681304931640625,0.5448188185691833,
2655,0.6013513207435608,0.0080718994140625,0.605387270450592,
2656,0.8104463815689087,0.0087738037109375,0.8148332834243774,
2657,0.6133475303649902,0.006755828857421875,0.6167254447937012,
2658,0.5222744345664978,0.006378173828125,0.5254635214805603,
2659,0.6052709817886353,0.0083465576171875,0.609444260597229,
2660,0.6185142993927002,0.00785064697265625,0.6224396228790283,
2661,0.7039790153503418,0.0080718994140625,0.708014965057373,
2662,0.5054905414581299,0.00562286376953125,0.5083019733428955,
2663,0.4035593569278717,0.0041656494140625,0.40564218163490295,
2664,0.454669713973999,0.005855560302734375,0.4575974941253662,
2665,0.4119309186935425,0.005046844482421875,0.4144543409347534,
2666,0.7850892543792725,0.00838470458984375,0.7892816066741943,
2667,0.48790448904037476,0.007312774658203125,0.4915608763694763,
2668,0.7366859912872314,0.006744384765625,0.740058183670044,
2669,0.7012397050857544,0.006977081298828125,0.7047282457351685,
2670,0.558573842048645,0.0070343017578125,0.5620909929275513,
2671,1.0077935457229614,0.011688232421875,1.013637661933899,
2672,1.0817705392837524,0.01154327392578125,1.087542176246643,
2673,0.3239431083202362,0.004421234130859375,0.3261537253856659,
2674,0.4071614742279053,0.006591796875,0.4104573726654053,
2675,0.5977849364280701,0.006031036376953125,0.6008004546165466,
2676,0.9696048498153687,0.00928497314453125,0.9742473363876343,
2677,0.5429404377937317,0.007080078125,0.5464804768562317,
2678,0.6748801469802856,0.007781982421875,0.6787711381912231,
2679,0.34238436818122864,0.00623321533203125,0.34550097584724426,
2680,0.5773226618766785,0.00655364990234375,0.5805994868278503,
2681,1.6158603429794312,0.01092529296875,1.6213229894638062,
2682,0.4839648902416229,0.006771087646484375,0.4873504340648651,
2683,0.6148096919059753,0.00849151611328125,0.619055449962616,
2684,0.38614073395729065,0.0047760009765625,0.3885287344455719,
2685,0.9603992104530334,0.00817108154296875,0.9644847512245178,
2686,0.3909676671028137,0.006011962890625,0.3939736485481262,
2687,0.46531766653060913,0.00677490234375,0.46870511770248413,
2688,0.586500883102417,0.00691986083984375,0.5899608135223389,
2689,0.38788071274757385,0.006031036376953125,0.3908962309360504,
2690,0.3417389392852783,0.004833221435546875,0.34415555000305176,
2691,1.004314661026001,0.007457733154296875,1.0080435276031494,
2692,0.6871007084846497,0.006542205810546875,0.6903718113899231,
2693,0.3731268048286438,0.006038665771484375,0.376146137714386,
2694,1.3547642230987549,0.01219940185546875,1.3608639240264893,
2695,0.9421315789222717,0.00873565673828125,0.9464994072914124,
2696,0.45968472957611084,0.00641632080078125,0.46289288997650146,
2697,0.6645417213439941,0.0076904296875,0.6683869361877441,
2698,0.8280110955238342,0.00969696044921875,0.8328595757484436,
2699,0.36339130997657776,0.00431060791015625,0.3655466139316559,
2700,0.6470425724983215,0.00807952880859375,0.6510823369026184,
2701,1.0394220352172852,0.0108184814453125,1.0448312759399414,
2702,1.063432216644287,0.0080413818359375,1.0674529075622559,
2703,0.9803748726844788,0.007305145263671875,0.9840274453163147,
2704,0.35939985513687134,0.004932403564453125,0.3618660569190979,
2705,0.4606477618217468,0.006317138671875,0.4638063311576843,
2706,0.73758864402771,0.00777435302734375,0.7414758205413818,
2707,0.444726824760437,0.00553131103515625,0.44749248027801514,
2708,0.6289790272712708,0.007305145263671875,0.6326315999031067,
2709,0.916677713394165,0.0087738037109375,0.9210646152496338,
2710,0.6227092146873474,0.00904083251953125,0.627229630947113,
2711,0.80356365442276,0.00875091552734375,0.8079391121864319,
2712,0.7884493470191956,0.0079803466796875,0.7924395203590393,
2713,0.3745896816253662,0.0041961669921875,0.37668776512145996,
2714,0.49514108896255493,0.008575439453125,0.49942880868911743,
2715,0.43124154210090637,0.006061553955078125,0.43427231907844543,
2716,0.46035316586494446,0.006153106689453125,0.463429719209671,
2717,0.7374284863471985,0.0087890625,0.7418230175971985,
2718,0.518366277217865,0.00559234619140625,0.5211624503135681,
2719,1.2914868593215942,0.010040283203125,1.2965070009231567,
2720,0.3715726435184479,0.0051422119140625,0.3741437494754791,
2721,0.4946867823600769,0.00673675537109375,0.4980551600456238,
2722,0.5044974684715271,0.00463104248046875,0.5068129897117615,
2723,0.6646605134010315,0.00946807861328125,0.6693945527076721,
2724,1.047450304031372,0.0084381103515625,1.0516693592071533,
2725,0.4730655252933502,0.005901336669921875,0.47601619362831116,
2726,0.7015025019645691,0.007305145263671875,0.705155074596405,
2727,0.9310939311981201,0.0087432861328125,0.9354655742645264,
2728,1.123818278312683,0.01052093505859375,1.12907874584198,
2729,0.7265819311141968,0.007427215576171875,0.7302955389022827,
2730,0.5752066373825073,0.006404876708984375,0.5784090757369995,
2731,0.4473511874675751,0.00666046142578125,0.4506814181804657,
2732,0.850976288318634,0.01256561279296875,0.8572590947151184,
2733,0.7742317914962769,0.007266998291015625,0.7778652906417847,
2734,0.6399164199829102,0.00756072998046875,0.6436967849731445,
2735,0.6630889773368835,0.00846099853515625,0.6673194766044617,
2736,0.5241115093231201,0.007457733154296875,0.5278403759002686,
2737,0.4686722457408905,0.00687408447265625,0.47210928797721863,
2738,0.9342777132987976,0.01055908203125,0.9395572543144226,
2739,0.47622695565223694,0.0059356689453125,0.4791947901248932,
2740,1.23320472240448,0.01039886474609375,1.2384041547775269,
2741,0.6297457218170166,0.00751495361328125,0.6335031986236572,
2742,0.8987103700637817,0.0081329345703125,0.902776837348938,
2743,0.8415723443031311,0.00792694091796875,0.8455358147621155,
2744,0.8972548246383667,0.00875091552734375,0.9016302824020386,
2745,0.7364058494567871,0.00917816162109375,0.740994930267334,
2746,0.5914960503578186,0.00792694091796875,0.595459520816803,
2747,0.5386810302734375,0.00620269775390625,0.5417823791503906,
2748,0.7053526043891907,0.006923675537109375,0.7088144421577454,
2749,0.9400926232337952,0.00988006591796875,0.9450326561927795,
2750,0.7358139157295227,0.00846099853515625,0.7400444149971008,
2751,0.36212393641471863,0.006275177001953125,0.3652615249156952,
2752,0.9317356944084167,0.01076507568359375,0.9371182322502136,
2753,0.5636422038078308,0.007061004638671875,0.5671727061271667,
2754,0.5756340622901917,0.00608062744140625,0.5786743760108948,
2755,0.4004649817943573,0.005527496337890625,0.4032287299633026,
2756,0.443648099899292,0.005992889404296875,0.44664454460144043,
2757,0.4803737998008728,0.00641632080078125,0.4835819602012634,
2758,0.7298047542572021,0.00868988037109375,0.734149694442749,
2759,0.4727209210395813,0.005401611328125,0.4754217267036438,
2760,0.22490958869457245,0.0034961700439453125,0.2266576737165451,
2761,0.6217629313468933,0.0055694580078125,0.6245476603507996,
2762,0.33092668652534485,0.00377655029296875,0.3328149616718292,
2763,0.5657361745834351,0.0092620849609375,0.5703672170639038,
2764,0.814053475856781,0.00807952880859375,0.8180932402610779,
2765,0.7586023211479187,0.005695343017578125,0.7614499926567078,
2766,0.6717334389686584,0.00856781005859375,0.6760173439979553,
2767,0.8839530944824219,0.010345458984375,0.8891258239746094,
2768,0.6656889915466309,0.007415771484375,0.6693968772888184,
2769,0.6805456280708313,0.007411956787109375,0.684251606464386,
2770,0.44739392399787903,0.00542449951171875,0.4501061737537384,
2771,0.941497802734375,0.00815582275390625,0.9455757141113281,
2772,1.4999526739120483,0.01361083984375,1.5067580938339233,
2773,0.6774309873580933,0.007656097412109375,0.681259036064148,
2774,0.5575834512710571,0.006168365478515625,0.5606676340103149,
2775,0.3380848169326782,0.004047393798828125,0.3401085138320923,
2776,0.885934591293335,0.00795745849609375,0.8899133205413818,
2777,0.5484696626663208,0.00678253173828125,0.5518609285354614,
2778,0.6388973593711853,0.0080413818359375,0.642918050289154,
2779,0.9370139837265015,0.00933074951171875,0.9416793584823608,
2780,1.0930149555206299,0.00910186767578125,1.0975658893585205,
2781,0.5353531837463379,0.006229400634765625,0.5384678840637207,
2782,0.9096093773841858,0.00986480712890625,0.9145417809486389,
2783,1.0332884788513184,0.0097808837890625,1.0381789207458496,
2784,0.6569746732711792,0.00620269775390625,0.6600760221481323,
2785,0.6072582006454468,0.0063934326171875,0.6104549169540405,
2786,0.8732748627662659,0.0102386474609375,0.8783941864967346,
2787,0.7372362613677979,0.00803375244140625,0.741253137588501,
2788,0.5580140948295593,0.007183074951171875,0.5616056323051453,
2789,0.5369777083396912,0.005340576171875,0.5396479964256287,
2790,0.4458916187286377,0.0085296630859375,0.45015645027160645,
2791,0.6011622548103333,0.007282257080078125,0.6048033833503723,
2792,1.3455253839492798,0.011627197265625,1.3513389825820923,
2793,0.9950098395347595,0.00823211669921875,0.9991258978843689,
2794,0.3754357695579529,0.007534027099609375,0.37920278310775757,
2795,0.599308431148529,0.007843017578125,0.6032299399375916,
2796,0.3978421688079834,0.005950927734375,0.4008176326751709,
2797,0.717151939868927,0.0095977783203125,0.7219508290290833,
2798,0.8011977672576904,0.01088714599609375,0.8066413402557373,
2799,0.8064464926719666,0.006900787353515625,0.8098968863487244,
2800,0.3441034257411957,0.003490447998046875,0.3458486497402191,
2801,1.1211824417114258,0.008880615234375,1.1256227493286133,
2802,0.6520681381225586,0.0069427490234375,0.6555395126342773,
2803,0.7760913372039795,0.01241302490234375,0.7822978496551514,
2804,0.4302014112472534,0.00519561767578125,0.43279922008514404,
2805,0.7014132142066956,0.008575439453125,0.7057009339332581,
2806,0.7992775440216064,0.00714111328125,0.8028481006622314,
2807,0.37512096762657166,0.006641387939453125,0.3784416615962982,
2808,0.634803295135498,0.00658416748046875,0.6380953788757324,
2809,0.728987991809845,0.00809478759765625,0.7330353856086731,
2810,0.6935641765594482,0.007663726806640625,0.6973960399627686,
2811,0.815618097782135,0.00794219970703125,0.8195891976356506,
2812,0.43890464305877686,0.003971099853515625,0.44089019298553467,
2813,0.37986212968826294,0.004009246826171875,0.3818667531013489,
2814,1.1288141012191772,0.0090179443359375,1.133323073387146,
2815,0.3139173686504364,0.004932403564453125,0.31638357043266296,
2816,0.9796308279037476,0.0078582763671875,0.9835599660873413,
2817,0.9165494441986084,0.0084991455078125,0.9207990169525146,
2818,0.760013997554779,0.00927734375,0.764652669429779,
2819,0.7593813538551331,0.007328033447265625,0.7630453705787659,
2820,0.4914538264274597,0.00527191162109375,0.4940897822380066,
2821,0.4712475836277008,0.006290435791015625,0.4743928015232086,
2822,0.5481852889060974,0.008453369140625,0.5524119734764099,
2823,0.6426113247871399,0.007671356201171875,0.6464470028877258,
2824,0.7310981750488281,0.007175445556640625,0.7346858978271484,
2825,0.9347314834594727,0.008331298828125,0.9388971328735352,
2826,1.0191351175308228,0.008636474609375,1.0234533548355103,
2827,0.8887450695037842,0.0106201171875,0.8940551280975342,
2828,0.9049326181411743,0.0104522705078125,0.9101587533950806,
2829,0.9269174933433533,0.007495880126953125,0.9306654334068298,
2830,0.6035089492797852,0.007110595703125,0.6070642471313477,
2831,0.36998772621154785,0.0052642822265625,0.3726198673248291,
2832,0.8740330338478088,0.00926971435546875,0.8786678910255432,
2833,0.4011312425136566,0.005031585693359375,0.4036470353603363,
2834,0.59901362657547,0.00879669189453125,0.6034119725227356,
2835,0.653311014175415,0.00769805908203125,0.6571600437164307,
2836,0.5023812651634216,0.006084442138671875,0.5054234862327576,
2837,0.4428335428237915,0.0044097900390625,0.44503843784332275,
2838,0.9063423871994019,0.00872802734375,0.9107064008712769,
2839,0.535599410533905,0.0072021484375,0.539200484752655,
2840,0.4383004605770111,0.00638580322265625,0.44149336218833923,
2841,0.8497012853622437,0.00670623779296875,0.853054404258728,
2842,0.7254319190979004,0.01088714599609375,0.7308754920959473,
2843,0.5315199494361877,0.0071563720703125,0.535098135471344,
2844,0.5116974115371704,0.006702423095703125,0.515048623085022,
2845,0.602577269077301,0.005451202392578125,0.6053028702735901,
2846,0.8217847347259521,0.0086669921875,0.8261182308197021,
2847,0.7185817956924438,0.00689697265625,0.7220302820205688,
2848,0.6201400756835938,0.00893402099609375,0.6246070861816406,
2849,0.7440220713615417,0.0061798095703125,0.747111976146698,
2850,0.5263084769248962,0.00597381591796875,0.5292953848838806,
2851,0.3289627134799957,0.004367828369140625,0.33114662766456604,
2852,0.8314109444618225,0.007106781005859375,0.8349643349647522,
2853,0.5594746470451355,0.0065460205078125,0.5627476572990417,
2854,0.41848257184028625,0.005218505859375,0.42109182476997375,
2855,0.47268837690353394,0.004764556884765625,0.47507065534591675,
2856,0.8847893476486206,0.00957489013671875,0.88957679271698,
2857,0.6613630056381226,0.006328582763671875,0.6645272970199585,
2858,0.35523438453674316,0.0041961669921875,0.3573324680328369,
2859,0.762016236782074,0.0068206787109375,0.7654265761375427,
2860,0.6996789574623108,0.007633209228515625,0.7034955620765686,
2861,0.7164710164070129,0.00830078125,0.7206214070320129,
2862,0.3517040014266968,0.00469970703125,0.3540538549423218,
2863,0.5068213939666748,0.004909515380859375,0.5092761516571045,
2864,0.6361817717552185,0.00711822509765625,0.6397408843040466,
2865,0.27537333965301514,0.003498077392578125,0.2771223783493042,
2866,0.592490017414093,0.00750732421875,0.596243679523468,
2867,0.7451087832450867,0.007183074951171875,0.7487003207206726,
2868,0.5418583750724792,0.005466461181640625,0.5445916056632996,
2869,0.9880406856536865,0.01004791259765625,0.9930646419525146,
2870,0.618829607963562,0.007659912109375,0.6226595640182495,
2871,0.7239319682121277,0.008453369140625,0.7281586527824402,
2872,0.9544191956520081,0.00835418701171875,0.9585962891578674,
2873,0.6453734040260315,0.00698089599609375,0.6488638520240784,
2874,0.4224925637245178,0.006076812744140625,0.42553097009658813,
2875,0.42366859316825867,0.004680633544921875,0.4260089099407196,
2876,0.6018507480621338,0.0086822509765625,0.606191873550415,
2877,0.3060867190361023,0.0062408447265625,0.30920714139938354,
2878,0.4201197028160095,0.005035400390625,0.422637403011322,
2879,0.35157352685928345,0.004642486572265625,0.35389477014541626,
2880,0.9259828925132751,0.0098114013671875,0.9308885931968689,
2881,0.5058911442756653,0.006809234619140625,0.5092957615852356,
2882,0.9299787282943726,0.0077056884765625,0.9338315725326538,
2883,1.0222877264022827,0.00980377197265625,1.0271896123886108,
2884,0.4238893985748291,0.004695892333984375,0.4262373447418213,
2885,0.7963771224021912,0.00739288330078125,0.8000735640525818,
2886,0.6024764776229858,0.005680084228515625,0.6053165197372437,
2887,0.29475137591362,0.004825592041015625,0.2971641719341278,
2888,0.5015296339988708,0.00701904296875,0.5050391554832458,
2889,0.7709693312644958,0.007625579833984375,0.774782121181488,
2890,0.6416833996772766,0.00580596923828125,0.6445863842964172,
2891,0.5197314023971558,0.00518035888671875,0.5223215818405151,
2892,0.5745471715927124,0.00882720947265625,0.5789607763290405,
2893,0.7413695454597473,0.006229400634765625,0.7444842457771301,
2894,0.5440583229064941,0.00681304931640625,0.5474648475646973,
2895,0.3848065435886383,0.00504302978515625,0.38732805848121643,
2896,0.4115616977214813,0.004405975341796875,0.41376468539237976,
2897,0.5756063461303711,0.00595855712890625,0.5785856246948242,
2898,0.5131403803825378,0.006343841552734375,0.516312301158905,
2899,0.4785197973251343,0.006435394287109375,0.48173749446868896,
2900,0.4949243664741516,0.005764007568359375,0.4978063702583313,
2901,0.765096127986908,0.006061553955078125,0.768126904964447,
2902,0.367732435464859,0.00688934326171875,0.3711771070957184,
2903,1.2228281497955322,0.01364898681640625,1.2296526432037354,
2904,0.6361490488052368,0.0089263916015625,0.6406122446060181,
2905,0.6514025926589966,0.006862640380859375,0.6548339128494263,
2906,0.7977455258369446,0.00902557373046875,0.802258312702179,
2907,0.8280153870582581,0.00659942626953125,0.8313151001930237,
2908,0.43927261233329773,0.00473785400390625,0.44164153933525085,
2909,0.5216591358184814,0.007694244384765625,0.5255062580108643,
2910,1.2025967836380005,0.0084686279296875,1.2068310976028442,
2911,0.4994893968105316,0.006084442138671875,0.5025316476821899,
2912,0.8492619395256042,0.00841522216796875,0.8534695506095886,
2913,0.6586543321609497,0.006561279296875,0.6619349718093872,
2914,0.9553238153457642,0.01003265380859375,0.960340142250061,
2915,0.6916469931602478,0.00946044921875,0.6963772177696228,
2916,0.2839881479740143,0.004039764404296875,0.2860080301761627,
2917,0.393999844789505,0.006259918212890625,0.3971298038959503,
2918,0.46359893679618835,0.0045013427734375,0.4658496081829071,
2919,0.5950329303741455,0.00672149658203125,0.5983936786651611,
2920,0.7990818619728088,0.007030487060546875,0.8025971055030823,
2921,0.3728777766227722,0.00479888916015625,0.37527722120285034,
2922,1.0707545280456543,0.008056640625,1.0747828483581543,
2923,0.5567625164985657,0.006633758544921875,0.5600793957710266,
2924,0.8828827142715454,0.006969451904296875,0.8863674402236938,
2925,0.9381309151649475,0.0089874267578125,0.9426246285438538,
2926,0.624641478061676,0.007236480712890625,0.6282597184181213,
2927,0.9550806879997253,0.006839752197265625,0.9585005640983582,
2928,0.47748130559921265,0.006378173828125,0.48067039251327515,
2929,0.8222691416740417,0.0077667236328125,0.826152503490448,
2930,0.4500288665294647,0.004726409912109375,0.4523920714855194,
2931,0.9479687809944153,0.00841522216796875,0.9521763920783997,
2932,0.7477366328239441,0.00922393798828125,0.7523486018180847,
2933,0.7298000454902649,0.00835418701171875,0.7339771389961243,
2934,0.6182529330253601,0.01019287109375,0.6233493685722351,
2935,0.45129236578941345,0.00601959228515625,0.4543021619319916,
2936,0.4179820120334625,0.0051422119140625,0.4205531179904938,
2937,0.7104121446609497,0.006694793701171875,0.7137595415115356,
2938,0.34883415699005127,0.006137847900390625,0.3519030809402466,
2939,0.5661172270774841,0.00689697265625,0.5695657134056091,
2940,0.44869348406791687,0.00479888916015625,0.451092928647995,
2941,0.4427263140678406,0.00469207763671875,0.44507235288619995,
2942,0.7797619104385376,0.0076751708984375,0.7835994958877563,
2943,0.9087687730789185,0.007259368896484375,0.9123984575271606,
2944,0.4208637475967407,0.004764556884765625,0.42324602603912354,
2945,0.35176190733909607,0.004467010498046875,0.3539954125881195,
2946,0.4632683992385864,0.00760650634765625,0.46707165241241455,
2947,0.5067185759544373,0.005290985107421875,0.5093640685081482,
2948,1.1398327350616455,0.0086669921875,1.1441662311553955,
2949,0.8273044228553772,0.01068115234375,0.8326449990272522,
2950,0.8009560704231262,0.006870269775390625,0.8043912053108215,
2951,0.7915431261062622,0.007610321044921875,0.7953482866287231,
2952,1.3136104345321655,0.00934600830078125,1.3182834386825562,
2953,0.4445670247077942,0.004299163818359375,0.4467166066169739,
2954,0.7751873731613159,0.00782012939453125,0.7790974378585815,
2955,0.48822110891342163,0.005413055419921875,0.49092763662338257,
2956,1.076159119606018,0.01015472412109375,1.081236481666565,
2957,1.2012333869934082,0.00902557373046875,1.2057461738586426,
2958,0.9593905210494995,0.00878143310546875,0.9637812376022339,
2959,0.5584178566932678,0.00782012939453125,0.5623279213905334,
2960,0.5431244373321533,0.006519317626953125,0.5463840961456299,
2961,0.638711154460907,0.00649261474609375,0.6419574618339539,
2962,0.6563276052474976,0.00836944580078125,0.6605123281478882,
2963,0.5245588421821594,0.00763702392578125,0.52837735414505,
2964,0.9325026273727417,0.007770538330078125,0.9363878965377808,
2965,0.7118346095085144,0.00858306884765625,0.7161261439323425,
2966,0.9807744026184082,0.00811004638671875,0.9848294258117676,
2967,1.297760248184204,0.0088348388671875,1.3021776676177979,
2968,0.8918368816375732,0.007442474365234375,0.8955581188201904,
2969,1.1381009817123413,0.00986480712890625,1.1430333852767944,
2970,0.6905316114425659,0.007266998291015625,0.6941651105880737,
2971,0.2844301462173462,0.00582122802734375,0.28734076023101807,
2972,0.7001830339431763,0.00908660888671875,0.7047263383865356,
2973,0.3959713280200958,0.00453948974609375,0.3982410728931427,
2974,0.5006920695304871,0.007183074951171875,0.504283607006073,
2975,0.44206884503364563,0.006336212158203125,0.4452369511127472,
2976,0.8314168453216553,0.008880615234375,0.8358571529388428,
2977,0.9172652959823608,0.0107269287109375,0.9226287603378296,
2978,0.7482483386993408,0.0104217529296875,0.7534592151641846,
2979,0.6759832501411438,0.0080413818359375,0.6800039410591125,
2980,0.7961409687995911,0.006526947021484375,0.7994044423103333,
2981,0.6125627756118774,0.00943756103515625,0.6172815561294556,
2982,0.9126338362693787,0.0082550048828125,0.9167613387107849,
2983,0.4309602677822113,0.005008697509765625,0.4334646165370941,
2984,0.6291544437408447,0.00563812255859375,0.6319735050201416,
2985,0.9295231699943542,0.01131439208984375,0.9351803660392761,
2986,0.6928707361221313,0.005512237548828125,0.6956268548965454,
2987,0.6362116932868958,0.006927490234375,0.6396754384040833,
2988,0.37321168184280396,0.006862640380859375,0.37664300203323364,
2989,0.3872174322605133,0.00510406494140625,0.38976946473121643,
2990,0.7440521717071533,0.00934600830078125,0.748725175857544,
2991,0.6259603500366211,0.0062713623046875,0.6290960311889648,
2992,0.7119872570037842,0.007114410400390625,0.7155444622039795,
2993,0.3807716369628906,0.005283355712890625,0.38341331481933594,
2994,0.5473873615264893,0.006885528564453125,0.5508301258087158,
2995,0.7761473655700684,0.006877899169921875,0.7795863151550293,
2996,0.7981889843940735,0.006214141845703125,0.801296055316925,
2997,0.6969286799430847,0.006565093994140625,0.700211226940155,
2998,0.6720540523529053,0.00641632080078125,0.6752622127532959,
2999,0.4787041246891022,0.006160736083984375,0.48178449273109436,
3000,0.5270525217056274,0.006343841552734375,0.5302244424819946,51.908396946564885
3001,0.8040348887443542,0.00884246826171875,0.8084561228752136,
3002,0.5061299204826355,0.006351470947265625,0.5093056559562683,
3003,0.7497783899307251,0.00763702392578125,0.7535969018936157,
3004,0.6055189371109009,0.006313323974609375,0.6086755990982056,
3005,0.581731379032135,0.004550933837890625,0.5840068459510803,
3006,0.6045928001403809,0.00665283203125,0.6079192161560059,
3007,1.020546317100525,0.00717926025390625,1.024135947227478,
3008,0.668487548828125,0.005153656005859375,0.6710643768310547,
3009,0.5205987691879272,0.0072174072265625,0.5242074728012085,
3010,0.8126782178878784,0.007656097412109375,0.8165062665939331,
3011,0.8514294028282166,0.01004791259765625,0.8564533591270447,
3012,0.6836988925933838,0.006927490234375,0.6871626377105713,
3013,0.5646487474441528,0.00594329833984375,0.5676203966140747,
3014,0.7628839015960693,0.00728607177734375,0.7665269374847412,
3015,0.5154560208320618,0.007537841796875,0.5192249417304993,
3016,0.3752375543117523,0.0066070556640625,0.37854108214378357,
3017,0.2942782938480377,0.00350189208984375,0.2960292398929596,
3018,1.000685453414917,0.0093841552734375,1.0053775310516357,
3019,0.45300573110580444,0.00704193115234375,0.4565266966819763,
3020,0.6275343894958496,0.0069427490234375,0.6310057640075684,
3021,0.5946325659751892,0.006465911865234375,0.5978655219078064,
3022,0.2836359143257141,0.004329681396484375,0.2858007550239563,
3023,0.8321489691734314,0.00652313232421875,0.8354105353355408,
3024,0.6050922274589539,0.00592041015625,0.6080524325370789,
3025,0.9583122730255127,0.0081329345703125,0.962378740310669,
3026,0.714764416217804,0.00629425048828125,0.7179115414619446,
3027,0.40112563967704773,0.005603790283203125,0.4039275348186493,
3028,0.616571843624115,0.005947113037109375,0.6195454001426697,
3029,0.7985718846321106,0.006656646728515625,0.8019002079963684,
3030,0.6055796146392822,0.00698089599609375,0.6090700626373291,
3031,0.8800185918807983,0.007709503173828125,0.8838733434677124,
3032,1.020645022392273,0.01043701171875,1.025863528251648,
3033,0.39016488194465637,0.00586700439453125,0.393098384141922,
3034,0.5675419569015503,0.0067596435546875,0.570921778678894,
3035,0.4674986004829407,0.004497528076171875,0.4697473645210266,
3036,0.3643217980861664,0.00399017333984375,0.36631688475608826,
3037,0.6172341108322144,0.00598907470703125,0.62022864818573,
3038,0.7302324175834656,0.006275177001953125,0.7333700060844421,
3039,0.7488347887992859,0.007099151611328125,0.75238436460495,
3040,0.5858066082000732,0.006549835205078125,0.5890815258026123,
3041,0.6643815636634827,0.00655364990234375,0.6676583886146545,
3042,0.5745691061019897,0.006084442138671875,0.5776113271713257,
3043,0.7938131093978882,0.006000518798828125,0.7968133687973022,
3044,0.757392168045044,0.005565643310546875,0.7601749897003174,
3045,0.4569375216960907,0.00400543212890625,0.4589402377605438,
3046,0.8062976598739624,0.0069122314453125,0.8097537755966187,
3047,0.5987277626991272,0.006816864013671875,0.6021361947059631,
3048,0.5349966883659363,0.00559234619140625,0.5377928614616394,
3049,0.35074105858802795,0.00382232666015625,0.3526522219181061,
3050,0.4827459156513214,0.005157470703125,0.4853246510028839,
3051,0.5912278890609741,0.006175994873046875,0.5943158864974976,
3052,0.7680952548980713,0.006191253662109375,0.771190881729126,
3053,1.0389256477355957,0.0085296630859375,1.0431904792785645,
3054,0.28121984004974365,0.003696441650390625,0.28306806087493896,
3055,0.5451472401618958,0.00630950927734375,0.5483019948005676,
3056,0.6830750107765198,0.005672454833984375,0.685911238193512,
3057,0.584621787071228,0.005741119384765625,0.5874923467636108,
3058,0.7096555829048157,0.008331298828125,0.7138212323188782,
3059,1.0718847513198853,0.00818634033203125,1.0759779214859009,
3060,0.531341016292572,0.00460052490234375,0.5336412787437439,
3061,0.45002639293670654,0.004825592041015625,0.45243918895721436,
3062,0.7011187672615051,0.00597381591796875,0.7041056752204895,
3063,0.4565482437610626,0.00485992431640625,0.45897820591926575,
3064,1.2536073923110962,0.0094146728515625,1.2583147287368774,
3065,0.4970282018184662,0.005649566650390625,0.4998529851436615,
3066,0.5391638875007629,0.006183624267578125,0.542255699634552,
3067,0.5599105954170227,0.00745391845703125,0.5636375546455383,
3068,0.6255063414573669,0.00565338134765625,0.6283330321311951,
3069,0.4875643849372864,0.00527191162109375,0.49020034074783325,
3070,0.4143994152545929,0.004184722900390625,0.4164917767047882,
3071,0.6112976670265198,0.00592041015625,0.6142578721046448,
3072,0.8744239211082458,0.00765228271484375,0.8782500624656677,
3073,0.6682267189025879,0.005664825439453125,0.6710591316223145,
3074,0.7211230397224426,0.006198883056640625,0.7242224812507629,
3075,0.46390455961227417,0.006786346435546875,0.4672977328300476,
3076,0.4521462619304657,0.003978729248046875,0.45413562655448914,
3077,1.0058743953704834,0.00606536865234375,1.0089070796966553,
3078,0.5523543953895569,0.004329681396484375,0.5545192360877991,
3079,0.5282697081565857,0.00530242919921875,0.5309209227561951,
3080,0.4625864326953888,0.004486083984375,0.4648294746875763,
3081,0.6415687799453735,0.006374359130859375,0.6447559595108032,
3082,0.7909002304077148,0.00782012939453125,0.7948102951049805,
3083,0.5416768193244934,0.00521087646484375,0.5442822575569153,
3084,0.973480224609375,0.01033782958984375,0.9786491394042969,
3085,0.48378556966781616,0.004718780517578125,0.4861449599266052,
3086,0.5157905220985413,0.005649566650390625,0.5186153054237366,
3087,0.9968519806861877,0.00679779052734375,1.0002508163452148,
3088,0.38266533613204956,0.0038967132568359375,0.38461369276046753,
3089,0.6407612562179565,0.00872802734375,0.6451252698898315,
3090,0.3758307099342346,0.005054473876953125,0.3783579468727112,
3091,1.390950322151184,0.011871337890625,1.3968859910964966,
3092,0.49510613083839417,0.006671905517578125,0.4984420835971832,
3093,0.3352155387401581,0.004993438720703125,0.33771225810050964,
3094,0.9535276889801025,0.00881195068359375,0.9579336643218994,
3095,0.41794541478157043,0.005077362060546875,0.42048409581184387,
3096,0.4747396409511566,0.00676727294921875,0.478123277425766,
3097,0.8646003007888794,0.008514404296875,0.8688575029373169,
3098,0.4695899486541748,0.00556182861328125,0.47237086296081543,
3099,0.4190727472305298,0.006664276123046875,0.4224048852920532,
3100,0.7634888887405396,0.006717681884765625,0.7668477296829224,
3101,1.3272966146469116,0.01194000244140625,1.3332666158676147,
3102,1.088902235031128,0.0074462890625,1.092625379562378,
3103,0.4862270653247833,0.005855560302734375,0.4891548454761505,
3104,0.43867599964141846,0.007556915283203125,0.44245445728302,
3105,0.5214900374412537,0.006649017333984375,0.5248145461082458,
3106,0.7054122686386108,0.0069122314453125,0.7088683843612671,
3107,0.7261939644813538,0.00839996337890625,0.7303939461708069,
3108,0.2748807966709137,0.0034637451171875,0.27661266922950745,
3109,0.32454875111579895,0.004238128662109375,0.32666781544685364,
3110,0.583845853805542,0.00655364990234375,0.5871226787567139,
3111,0.46638718247413635,0.004604339599609375,0.46868935227394104,
3112,0.6226447224617004,0.006664276123046875,0.6259768605232239,
3113,1.093036413192749,0.0087738037109375,1.0974233150482178,
3114,0.29344460368156433,0.005222320556640625,0.29605576395988464,
3115,0.9595387578010559,0.00742340087890625,0.963250458240509,
3116,0.7244536280632019,0.0058746337890625,0.7273909449577332,
3117,0.43944838643074036,0.00452423095703125,0.441710501909256,
3118,0.7121652364730835,0.00641632080078125,0.7153733968734741,
3119,0.7012531161308289,0.00687408447265625,0.704690158367157,
3120,0.7552439570426941,0.006763458251953125,0.7586256861686707,
3121,0.51744544506073,0.007381439208984375,0.5211361646652222,
3122,0.5717183351516724,0.006839752197265625,0.5751382112503052,
3123,1.3692896366119385,0.0087738037109375,1.3736765384674072,
3124,0.7088091373443604,0.0068511962890625,0.7122347354888916,
3125,0.5146227478981018,0.00847625732421875,0.5188608765602112,
3126,0.5885292887687683,0.0067291259765625,0.5918938517570496,
3127,0.5756303071975708,0.007160186767578125,0.5792104005813599,
3128,0.3550550937652588,0.004718780517578125,0.35741448402404785,
3129,0.7861965298652649,0.00632476806640625,0.789358913898468,
3130,0.5863539576530457,0.0061492919921875,0.5894286036491394,
3131,0.6609801054000854,0.01177978515625,0.6668699979782104,
3132,0.4454714357852936,0.006351470947265625,0.4486471712589264,
3133,0.40594586730003357,0.005825042724609375,0.40885838866233826,
3134,0.5112146139144897,0.008209228515625,0.5153192281723022,
3135,0.5756041407585144,0.0081329345703125,0.5796706080436707,
3136,0.5629346370697021,0.006069183349609375,0.5659692287445068,
3137,0.8801595568656921,0.01001739501953125,0.8851682543754578,
3138,0.6087399125099182,0.007228851318359375,0.6123543381690979,
3139,0.9299723505973816,0.00835418701171875,0.934149444103241,
3140,0.816841721534729,0.0079345703125,0.820809006690979,
3141,0.5054448246955872,0.0093536376953125,0.5101216435432434,
3142,0.7152929306030273,0.00662994384765625,0.7186079025268555,
3143,0.3890288770198822,0.004528045654296875,0.39129289984703064,
3144,0.6487085223197937,0.006076812744140625,0.651746928691864,
3145,0.749780535697937,0.00865936279296875,0.7541102170944214,
3146,0.6416847705841064,0.009063720703125,0.646216630935669,
3147,0.36296582221984863,0.0038909912109375,0.3649113178253174,
3148,0.47896280884742737,0.005542755126953125,0.48173418641090393,
3149,0.604364275932312,0.00762176513671875,0.6081751585006714,
3150,0.3525238633155823,0.0046234130859375,0.354835569858551,
3151,0.7993010878562927,0.00726318359375,0.8029326796531677,
3152,0.3940662741661072,0.00563812255859375,0.39688533544540405,
3153,0.6162765026092529,0.00749969482421875,0.6200263500213623,
3154,0.6844885945320129,0.0092315673828125,0.6891043782234192,
3155,0.5580049753189087,0.005954742431640625,0.560982346534729,
3156,1.0564570426940918,0.010009765625,1.0614619255065918,
3157,0.4748614728450775,0.00689697265625,0.4783099591732025,
3158,0.31752920150756836,0.004566192626953125,0.3198122978210449,
3159,0.7691019177436829,0.006374359130859375,0.7722890973091125,
3160,0.646033763885498,0.0069732666015625,0.6495203971862793,
3161,0.6233981251716614,0.006938934326171875,0.6268675923347473,
3162,0.6584348678588867,0.00556182861328125,0.6612157821655273,
3163,0.43440893292427063,0.00611114501953125,0.43746450543403625,
3164,0.6455827951431274,0.0085906982421875,0.6498781442642212,
3165,0.35661420226097107,0.0038890838623046875,0.3585587441921234,
3166,0.48111337423324585,0.00562286376953125,0.4839248061180115,
3167,0.49931421875953674,0.0052490234375,0.5019387006759644,
3168,0.5189894437789917,0.00582122802734375,0.5219000577926636,
3169,0.44148409366607666,0.005985260009765625,0.4444767236709595,
3170,0.4541185796260834,0.004779815673828125,0.45650848746299744,
3171,0.8449961543083191,0.0074920654296875,0.8487421870231628,
3172,0.39212480187416077,0.006458282470703125,0.39535394310951233,
3173,0.633815586566925,0.005764007568359375,0.6366975903511047,
3174,0.4757388234138489,0.006122589111328125,0.47880011796951294,
3175,0.849735677242279,0.007686614990234375,0.8535789847373962,
3176,0.9339978694915771,0.008544921875,0.9382703304290771,
3177,0.3940896689891815,0.006122589111328125,0.3971509635448456,
3178,0.539169430732727,0.00689697265625,0.542617917060852,
3179,0.7217622399330139,0.006977081298828125,0.725250780582428,
3180,0.7719659805297852,0.006862640380859375,0.7753973007202148,
3181,0.36480599641799927,0.006359100341796875,0.3679855465888977,
3182,0.35139182209968567,0.005542755126953125,0.35416319966316223,
3183,0.639563798904419,0.0056610107421875,0.6423943042755127,
3184,0.32500967383384705,0.00455474853515625,0.32728704810142517,
3185,0.4829884469509125,0.00560760498046875,0.48579224944114685,
3186,0.8809323906898499,0.0078582763671875,0.8848615288734436,
3187,0.7939215898513794,0.00848388671875,0.7981635332107544,
3188,0.3416905999183655,0.005214691162109375,0.34429794549942017,
3189,0.6235182881355286,0.005870819091796875,0.626453697681427,
3190,0.6653648018836975,0.0067596435546875,0.6687446236610413,
3191,0.7538902759552002,0.00576019287109375,0.7567703723907471,
3192,0.37964195013046265,0.003704071044921875,0.3814939856529236,
3193,1.0322540998458862,0.0091094970703125,1.0368088483810425,
3194,0.8018898367881775,0.0108184814453125,0.8072990775108337,
3195,1.289955735206604,0.0085296630859375,1.2942205667495728,
3196,1.0595144033432007,0.0109710693359375,1.0649999380111694,
3197,0.562920093536377,0.00982666015625,0.567833423614502,
3198,0.9084573984146118,0.0084228515625,0.9126688241958618,
3199,0.6696061491966248,0.007472991943359375,0.6733426451683044,
3200,0.4808429181575775,0.005626678466796875,0.48365625739097595,
3201,0.5243985652923584,0.0064239501953125,0.5276105403900146,
3202,0.6877293586730957,0.00782012939453125,0.6916394233703613,
3203,0.769839346408844,0.01023101806640625,0.7749548554420471,
3204,0.7163705825805664,0.0067138671875,0.7197275161743164,
3205,0.5032126307487488,0.00780487060546875,0.5071150660514832,
3206,0.8067924976348877,0.008056640625,0.8108208179473877,
3207,0.9044157266616821,0.005847930908203125,0.9073396921157837,
3208,0.8223761320114136,0.0074920654296875,0.8261221647262573,
3209,0.3792784512042999,0.005832672119140625,0.38219478726387024,
3210,0.7333312630653381,0.007843017578125,0.7372527718544006,
3211,0.6029571890830994,0.0072174072265625,0.6065658926963806,
3212,0.5524306297302246,0.007415771484375,0.5561385154724121,
3213,1.0266698598861694,0.0096588134765625,1.0314992666244507,
3214,0.6126427054405212,0.007778167724609375,0.6165317893028259,
3215,0.668950080871582,0.00704193115234375,0.6724710464477539,
3216,0.27977055311203003,0.004596710205078125,0.2820689082145691,
3217,0.854706883430481,0.007541656494140625,0.8584777116775513,
3218,0.2966902256011963,0.00402069091796875,0.29870057106018066,
3219,0.26873329281806946,0.0043182373046875,0.2708924114704132,
3220,0.925375759601593,0.0069580078125,0.928854763507843,
3221,0.594575822353363,0.007717132568359375,0.5984343886375427,
3222,0.7182005047798157,0.00634002685546875,0.72137051820755,
3223,0.5822576284408569,0.00691986083984375,0.5857175588607788,
3224,0.8351578116416931,0.00794219970703125,0.8391289114952087,
3225,0.560326099395752,0.007617950439453125,0.5641350746154785,
3226,0.38530439138412476,0.005733489990234375,0.38817113637924194,
3227,0.7638214230537415,0.0069122314453125,0.7672775387763977,
3228,0.23083417117595673,0.004730224609375,0.23319928348064423,
3229,0.7759184837341309,0.00791168212890625,0.779874324798584,
3230,0.46972209215164185,0.0056610107421875,0.4725525975227356,
3231,0.8835871815681458,0.00870513916015625,0.8879397511482239,
3232,0.4244704842567444,0.005504608154296875,0.4272227883338928,
3233,0.6113280057907104,0.006103515625,0.6143797636032104,
3234,0.46097105741500854,0.00647735595703125,0.46420973539352417,
3235,0.3986382484436035,0.00595855712890625,0.40161752700805664,
3236,0.8167730569839478,0.00600433349609375,0.8197752237319946,
3237,0.4026266038417816,0.00391387939453125,0.40458354353904724,
3238,0.4845750033855438,0.00632476806640625,0.48773738741874695,
3239,0.6215375661849976,0.006137847900390625,0.6246064901351929,
3240,0.42469483613967896,0.00576019287109375,0.42757493257522583,
3241,0.9472543597221375,0.007305145263671875,0.9509069323539734,
3242,0.553945779800415,0.008392333984375,0.5581419467926025,
3243,0.9112685322761536,0.00791168212890625,0.9152243733406067,
3244,0.636877179145813,0.0062255859375,0.639989972114563,
3245,0.7343518733978271,0.00621795654296875,0.7374608516693115,
3246,0.5137365460395813,0.005748748779296875,0.5166109204292297,
3247,0.6156090497970581,0.0067138671875,0.6189659833908081,
3248,0.6637061834335327,0.009185791015625,0.6682990789413452,
3249,0.6008201837539673,0.00600433349609375,0.6038223505020142,
3250,0.591539740562439,0.007427215576171875,0.5952533483505249,
3251,0.771578848361969,0.007434844970703125,0.7752962708473206,
3252,0.5853983759880066,0.007320404052734375,0.5890585780143738,
3253,0.4066796600818634,0.00841522216796875,0.4108872711658478,
3254,0.47202616930007935,0.006290435791015625,0.47517138719558716,
3255,0.744911253452301,0.0073089599609375,0.7485657334327698,
3256,0.344211220741272,0.00380706787109375,0.34611475467681885,
3257,0.8002171516418457,0.00788116455078125,0.8041577339172363,
3258,0.4153709411621094,0.005924224853515625,0.4183330535888672,
3259,1.1226059198379517,0.00862884521484375,1.1269203424453735,
3260,0.6366986632347107,0.006683349609375,0.6400403380393982,
3261,0.9417051076889038,0.00991058349609375,0.9466603994369507,
3262,1.0273396968841553,0.006122589111328125,1.0304009914398193,
3263,0.6570329070091248,0.00612640380859375,0.6600961089134216,
3264,0.5398600101470947,0.00774383544921875,0.5437319278717041,
3265,0.8770514726638794,0.008544921875,0.8813239336013794,
3266,0.5155555605888367,0.006687164306640625,0.518899142742157,
3267,0.9640434384346008,0.007701873779296875,0.9678943753242493,
3268,0.5613234043121338,0.006092071533203125,0.5643694400787354,
3269,0.6152191758155823,0.005710601806640625,0.6180744767189026,
3270,0.5021229386329651,0.00551605224609375,0.504880964756012,
3271,0.5505086183547974,0.005023956298828125,0.5530205965042114,
3272,0.7660490870475769,0.007175445556640625,0.7696368098258972,
3273,0.452462762594223,0.00478363037109375,0.4548545777797699,
3274,0.8379882574081421,0.006969451904296875,0.8414729833602905,
3275,0.6668297648429871,0.00606536865234375,0.6698624491691589,
3276,0.4557666480541229,0.00472259521484375,0.4581279456615448,
3277,0.4174105226993561,0.004413604736328125,0.41961732506752014,
3278,0.4964672923088074,0.0081634521484375,0.5005490183830261,
3279,0.7184571623802185,0.0065155029296875,0.7217149138450623,
3280,0.6873672008514404,0.00530242919921875,0.6900184154510498,
3281,0.8361349701881409,0.007595062255859375,0.8399325013160706,
3282,0.5746148824691772,0.0067596435546875,0.577994704246521,
3283,0.8923632502555847,0.007404327392578125,0.8960654139518738,
3284,0.5424203872680664,0.006679534912109375,0.5457601547241211,
3285,0.7485211491584778,0.007152557373046875,0.7520974278450012,
3286,0.9457962512969971,0.00798797607421875,0.9497902393341064,
3287,0.49826931953430176,0.006923675537109375,0.5017311573028564,
3288,1.17000150680542,0.0085906982421875,1.1742968559265137,
3289,0.7368189692497253,0.00820159912109375,0.7409197688102722,
3290,0.7517507672309875,0.007396697998046875,0.755449116230011,
3291,1.0712435245513916,0.0088958740234375,1.0756914615631104,
3292,1.2635188102722168,0.0085296630859375,1.2677836418151855,
3293,0.4073921740055084,0.00414276123046875,0.4094635546207428,
3294,0.8724208474159241,0.0090789794921875,0.8769603371620178,
3295,0.5754507184028625,0.00634002685546875,0.5786207318305969,
3296,0.2845369577407837,0.004062652587890625,0.286568284034729,
3297,0.6136743426322937,0.00588226318359375,0.6166154742240906,
3298,0.5526749491691589,0.00662994384765625,0.5559899210929871,
3299,0.9205864667892456,0.01168060302734375,0.9264267683029175,
3300,0.915374755859375,0.00782012939453125,0.9192848205566406,
3301,0.39557337760925293,0.00537109375,0.39825892448425293,
3302,0.5384582877159119,0.00567626953125,0.5412964224815369,
3303,0.6973657608032227,0.007617950439453125,0.7011747360229492,
3304,1.1273772716522217,0.0078582763671875,1.1313064098358154,
3305,0.3598370850086212,0.007965087890625,0.3638196289539337,
3306,0.5306451320648193,0.007904052734375,0.5345971584320068,
3307,0.5926026701927185,0.006504058837890625,0.5958546996116638,
3308,0.8254743218421936,0.00801849365234375,0.8294835686683655,
3309,0.40263813734054565,0.005870819091796875,0.4055735468864441,
3310,0.731513261795044,0.00782012939453125,0.7354233264923096,
3311,0.9083739519119263,0.00910186767578125,0.9129248857498169,
3312,0.45612603425979614,0.00614166259765625,0.45919686555862427,
3313,0.401292622089386,0.005924224853515625,0.4042547345161438,
3314,0.5052133798599243,0.0073089599609375,0.5088678598403931,
3315,0.4727481007575989,0.005100250244140625,0.4752982258796692,
3316,0.4979073703289032,0.004947662353515625,0.5003812313079834,
3317,0.5469667911529541,0.00850677490234375,0.551220178604126,
3318,0.4531210958957672,0.00455474853515625,0.45539847016334534,
3319,0.7421876192092896,0.00760650634765625,0.7459908723831177,
3320,0.8707676529884338,0.007160186767578125,0.8743477463722229,
3321,0.7937189340591431,0.007259368896484375,0.7973486185073853,
3322,0.8966640830039978,0.00878143310546875,0.9010547995567322,
3323,0.8526303172111511,0.006916046142578125,0.8560883402824402,
3324,0.9581969380378723,0.007434844970703125,0.9619143605232239,
3325,0.6304131746292114,0.005435943603515625,0.6331311464309692,
3326,0.5832788944244385,0.005680084228515625,0.5861189365386963,
3327,0.5048203468322754,0.005992889404296875,0.5078167915344238,
3328,0.741141140460968,0.0055389404296875,0.7439106106758118,
3329,0.7123960256576538,0.006221771240234375,0.715506911277771,
3330,0.7817449569702148,0.00772857666015625,0.785609245300293,
3331,0.6057025790214539,0.006061553955078125,0.6087333559989929,
3332,0.6057723760604858,0.005035400390625,0.6082900762557983,
3333,0.5888452529907227,0.00514984130859375,0.5914201736450195,
3334,0.9068589210510254,0.00958251953125,0.9116501808166504,
3335,0.4197998642921448,0.0047454833984375,0.4221726059913635,
3336,0.5385299921035767,0.005268096923828125,0.5411640405654907,
3337,0.5758870244026184,0.00604248046875,0.5789082646369934,
3338,0.6625229120254517,0.0061187744140625,0.6655822992324829,
3339,0.7454405426979065,0.005558013916015625,0.7482195496559143,
3340,0.6690320372581482,0.00539398193359375,0.6717290282249451,
3341,0.5360244512557983,0.00542449951171875,0.5387367010116577,
3342,0.626254677772522,0.007114410400390625,0.6298118829727173,
3343,0.4514448344707489,0.006511688232421875,0.45470067858695984,
3344,0.642829954624176,0.0076751708984375,0.6466675400733948,
3345,0.6865339875221252,0.005130767822265625,0.6890993714332581,
3346,0.4272501468658447,0.00592041015625,0.4302103519439697,
3347,0.5002958178520203,0.0040740966796875,0.502332866191864,
3348,0.6306347250938416,0.00658416748046875,0.6339268088340759,
3349,0.7792595028877258,0.00708770751953125,0.7828033566474915,
3350,0.5766009092330933,0.007343292236328125,0.5802725553512573,
3351,0.6964161992073059,0.00725555419921875,0.7000439763069153,
3352,0.816565752029419,0.00957489013671875,0.8213531970977783,
3353,0.8260267972946167,0.0080108642578125,0.830032229423523,
3354,0.5315268635749817,0.00662994384765625,0.5348418354988098,
3355,0.6562626957893372,0.0068359375,0.6596806645393372,
3356,0.3490492105484009,0.005176544189453125,0.35163748264312744,
3357,0.43005505204200745,0.005481719970703125,0.432795912027359,
3358,0.7650502324104309,0.007076263427734375,0.7685883641242981,
3359,0.40490958094596863,0.006023406982421875,0.40792128443717957,
3360,0.8730019330978394,0.006256103515625,0.8761299848556519,
3361,0.7764142751693726,0.0058746337890625,0.7793515920639038,
3362,0.6144751310348511,0.007572174072265625,0.6182612180709839,
3363,0.9713180661201477,0.009521484375,0.9760788083076477,
3364,0.29000648856163025,0.00597381591796875,0.2929933965206146,
3365,0.6628087162971497,0.0082550048828125,0.6669362187385559,
3366,0.6717790961265564,0.006988525390625,0.6752733588218689,
3367,0.5069576501846313,0.00608062744140625,0.5099979639053345,
3368,0.6939327716827393,0.00835418701171875,0.6981098651885986,
3369,0.9028896689414978,0.0073699951171875,0.9065746665000916,
3370,0.716022789478302,0.007537841796875,0.7197917103767395,
3371,0.4055691659450531,0.005390167236328125,0.40826424956321716,
3372,0.7723000049591064,0.008209228515625,0.776404619216919,
3373,1.1040315628051758,0.00888824462890625,1.108475685119629,
3374,0.6989981532096863,0.007328033447265625,0.7026621699333191,
3375,0.4826863706111908,0.00669097900390625,0.4860318601131439,
3376,0.3223668932914734,0.0048065185546875,0.32477015256881714,
3377,0.5019865036010742,0.006626129150390625,0.5052995681762695,
3378,0.5529012084007263,0.006343841552734375,0.5560731291770935,
3379,0.9818117022514343,0.0084991455078125,0.9860612750053406,
3380,0.47558555006980896,0.0047454833984375,0.4779582917690277,
3381,0.38827550411224365,0.005645751953125,0.39109838008880615,
3382,0.6072522401809692,0.005916595458984375,0.6102105379104614,
3383,0.5377781391143799,0.006103515625,0.5408298969268799,
3384,0.6658134460449219,0.00737762451171875,0.6695022583007812,
3385,0.6915956735610962,0.007282257080078125,0.6952368021011353,
3386,0.8276335000991821,0.00634002685546875,0.8308035135269165,
3387,1.0732260942459106,0.0078125,1.0771323442459106,
3388,0.6737160086631775,0.006267547607421875,0.6768497824668884,
3389,0.6568200588226318,0.007781982421875,0.6607110500335693,
3390,0.7783346772193909,0.006622314453125,0.7816458344459534,
3391,0.6910133361816406,0.00628662109375,0.6941566467285156,
3392,0.45986446738243103,0.006008148193359375,0.4628685414791107,
3393,0.7739702463150024,0.006778717041015625,0.7773596048355103,
3394,0.49436163902282715,0.005489349365234375,0.49710631370544434,
3395,1.2633347511291504,0.007228851318359375,1.26694917678833,
3396,1.3082573413848877,0.00738525390625,1.3119499683380127,
3397,0.840663492679596,0.005584716796875,0.8434558510780334,
3398,0.5502209067344666,0.005542755126953125,0.5529922842979431,
3399,0.4533209502696991,0.004894256591796875,0.45576807856559753,
3400,0.5279995203018188,0.007404327392578125,0.5317016839981079,
3401,0.5752805471420288,0.006305694580078125,0.5784333944320679,
3402,0.49482467770576477,0.005580902099609375,0.49761512875556946,
3403,0.3205703794956207,0.0032749176025390625,0.32220783829689026,
3404,0.45482969284057617,0.005764007568359375,0.45771169662475586,
3405,0.5742441415786743,0.00738525390625,0.5779367685317993,
3406,0.5761181116104126,0.0071868896484375,0.5797115564346313,
3407,0.5621829032897949,0.00931549072265625,0.566840648651123,
3408,0.7648071050643921,0.007160186767578125,0.7683871984481812,
3409,0.42180633544921875,0.0050201416015625,0.42431640625,
3410,0.6275691390037537,0.007183074951171875,0.6311606764793396,
3411,0.4596010446548462,0.00626373291015625,0.4627329111099243,
3412,0.6353031992912292,0.008026123046875,0.6393162608146667,
3413,0.2931022047996521,0.0036525726318359375,0.29492849111557007,
3414,1.092972993850708,0.010009765625,1.097977876663208,
3415,0.6299126744270325,0.005992889404296875,0.6329091191291809,
3416,0.44854244589805603,0.0037670135498046875,0.4504259526729584,
3417,0.6356668472290039,0.00665283203125,0.6389932632446289,
3418,0.8555676937103271,0.00936126708984375,0.860248327255249,
3419,0.8428234457969666,0.007904052734375,0.846775472164154,
3420,0.4514107406139374,0.005428314208984375,0.45412489771842957,
3421,0.7775431275367737,0.006534576416015625,0.7808104157447815,
3422,0.6477347612380981,0.00688934326171875,0.6511794328689575,
3423,0.68033367395401,0.00531005859375,0.682988703250885,
3424,0.48575931787490845,0.005786895751953125,0.488652765750885,
3425,0.41166257858276367,0.005207061767578125,0.41426610946655273,
3426,0.9705876111984253,0.005603790283203125,0.9733895063400269,
3427,0.5917980670928955,0.005817413330078125,0.5947067737579346,
3428,0.7235101461410522,0.007305145263671875,0.7271627187728882,
3429,0.7412459254264832,0.0065460205078125,0.7445189356803894,
3430,0.827957272529602,0.00675201416015625,0.8313332796096802,
3431,0.737536609172821,0.008544921875,0.741809070110321,
3432,0.480730801820755,0.0051422119140625,0.48330190777778625,
3433,0.6914376020431519,0.007434844970703125,0.6951550245285034,
3434,0.956744909286499,0.0075531005859375,0.9605214595794678,
3435,0.8653650879859924,0.00641632080078125,0.8685732483863831,
3436,0.5117978453636169,0.00553131103515625,0.5145635008811951,
3437,0.6360102295875549,0.006855010986328125,0.639437735080719,
3438,0.7364214062690735,0.006397247314453125,0.7396200299263,
3439,0.3683406114578247,0.00441741943359375,0.3705493211746216,
3440,0.9848722815513611,0.00865936279296875,0.9892019629478455,
3441,0.7245276570320129,0.0081939697265625,0.7286246418952942,
3442,0.6892423033714294,0.005908966064453125,0.692196786403656,
3443,0.4844267666339874,0.005092620849609375,0.4869730770587921,
3444,0.8266974091529846,0.00847625732421875,0.830935537815094,
3445,0.4573056399822235,0.005062103271484375,0.4598366916179657,
3446,0.6435038447380066,0.00699615478515625,0.6470019221305847,
3447,0.6093706488609314,0.006866455078125,0.6128038763999939,
3448,0.6296473741531372,0.006587982177734375,0.6329413652420044,
3449,0.5682167410850525,0.005870819091796875,0.5711521506309509,
3450,0.8083660006523132,0.006427764892578125,0.8115798830986023,
3451,0.8926631808280945,0.00885009765625,0.8970882296562195,
3452,0.6149558424949646,0.005832672119140625,0.6178721785545349,
3453,0.7224745750427246,0.00554656982421875,0.725247859954834,
3454,0.8435346484184265,0.010498046875,0.8487836718559265,
3455,0.43727436661720276,0.006031036376953125,0.4402898848056793,
3456,0.6653876900672913,0.00653839111328125,0.6686568856239319,
3457,0.6329094171524048,0.006710052490234375,0.636264443397522,
3458,0.47213423252105713,0.004657745361328125,0.4744631052017212,
3459,0.6138468980789185,0.006256103515625,0.616974949836731,
3460,0.7452092170715332,0.007160186767578125,0.7487893104553223,
3461,0.32986533641815186,0.00475311279296875,0.33224189281463623,
3462,0.6351553797721863,0.00823211669921875,0.6392714381217957,
3463,0.35981956124305725,0.004322052001953125,0.3619805872440338,
3464,1.110361933708191,0.009796142578125,1.1152600049972534,
3465,0.7955918908119202,0.00872039794921875,0.7999520897865295,
3466,0.46929532289505005,0.00626373291015625,0.4724271893501282,
3467,0.7900215983390808,0.007541656494140625,0.7937924265861511,
3468,0.7771928906440735,0.007511138916015625,0.7809484601020813,
3469,0.7562864422798157,0.0078125,0.7601926922798157,
3470,0.6407791376113892,0.007015228271484375,0.6442867517471313,
3471,0.6699433326721191,0.007289886474609375,0.6735882759094238,
3472,0.9529794454574585,0.00826263427734375,0.9571107625961304,
3473,0.4359671473503113,0.0051422119140625,0.43853825330734253,
3474,0.5113133192062378,0.006710052490234375,0.514668345451355,
3475,0.3332081139087677,0.004726409912109375,0.3355713188648224,
3476,0.6535966992378235,0.00452423095703125,0.6558588147163391,
3477,1.357831597328186,0.00978851318359375,1.362725853919983,
3478,0.7086398005485535,0.005702972412109375,0.7114912867546082,
3479,0.4945118725299835,0.006229400634765625,0.49762657284736633,
3480,0.424843966960907,0.005588531494140625,0.4276382327079773,
3481,0.5777304172515869,0.006587982177734375,0.5810244083404541,
3482,0.9041447043418884,0.00643157958984375,0.9073604941368103,
3483,0.663428544998169,0.007457733154296875,0.6671574115753174,
3484,0.5405840277671814,0.006732940673828125,0.5439504981040955,
3485,0.6377127766609192,0.005954742431640625,0.6406901478767395,
3486,0.5431320071220398,0.0063323974609375,0.5462982058525085,
3487,0.4282776415348053,0.00479888916015625,0.4306770861148834,
3488,0.7105488181114197,0.005886077880859375,0.7134918570518494,
3489,0.6457593441009521,0.004917144775390625,0.6482179164886475,
3490,0.8633678555488586,0.0078125,0.8672741055488586,
3491,0.44877514243125916,0.006206512451171875,0.4518783986568451,
3492,0.9604770541191101,0.00974273681640625,0.9653484225273132,
3493,0.7243677973747253,0.00597381591796875,0.7273547053337097,
3494,0.42720383405685425,0.005771636962890625,0.43008965253829956,
3495,0.6087388396263123,0.007205963134765625,0.6123418211936951,
3496,0.7495567798614502,0.006771087646484375,0.7529423236846924,
3497,0.7572015523910522,0.005619049072265625,0.7600110769271851,
3498,0.6517059803009033,0.005191802978515625,0.6543018817901611,
3499,0.5785452127456665,0.00560760498046875,0.5813490152359009,
3500,0.3688393831253052,0.00453948974609375,0.37110912799835205,
3501,0.6972180604934692,0.0085601806640625,0.7014981508255005,
3502,0.45827099680900574,0.00804901123046875,0.4622955024242401,
3503,0.955703854560852,0.00806427001953125,0.9597359895706177,
3504,0.3294658958911896,0.004375457763671875,0.3316536247730255,
3505,1.0391052961349487,0.0088653564453125,1.043537974357605,
3506,0.8039093613624573,0.00720977783203125,0.8075142502784729,
3507,0.6267162561416626,0.006744384765625,0.6300884485244751,
3508,0.6214292049407959,0.005687713623046875,0.6242730617523193,
3509,0.5098555088043213,0.006931304931640625,0.5133211612701416,
3510,0.5444871187210083,0.005771636962890625,0.5473729372024536,
3511,0.2741979956626892,0.00362396240234375,0.2760099768638611,
3512,0.3048783540725708,0.00437164306640625,0.3070641756057739,
3513,0.35286882519721985,0.003536224365234375,0.35463693737983704,
3514,0.6390013694763184,0.00736236572265625,0.6426825523376465,
3515,0.8136509656906128,0.006046295166015625,0.8166741132736206,
3516,0.6909748911857605,0.0064239501953125,0.6941868662834167,
3517,0.5897456407546997,0.006366729736328125,0.5929290056228638,
3518,0.47680389881134033,0.005107879638671875,0.47935783863067627,
3519,0.5835759043693542,0.0048675537109375,0.586009681224823,
3520,0.5983884334564209,0.0056610107421875,0.6012189388275146,
3521,0.7323349118232727,0.0082550048828125,0.736462414264679,
3522,0.7034751176834106,0.00623321533203125,0.7065917253494263,
3523,0.6238330602645874,0.006732940673828125,0.6271995306015015,
3524,0.41397130489349365,0.0051422119140625,0.4165424108505249,
3525,0.905144214630127,0.00615692138671875,0.9082226753234863,
3526,0.9910172820091248,0.00749969482421875,0.9947671294212341,
3527,0.5700072646141052,0.00566864013671875,0.5728415846824646,
3528,0.6118817925453186,0.006526947021484375,0.6151452660560608,
3529,0.647948682308197,0.00640106201171875,0.6511492133140564,
3530,0.8017338514328003,0.00626373291015625,0.8048657178878784,
3531,0.6418130993843079,0.0064544677734375,0.6450403332710266,
3532,0.6165457367897034,0.005260467529296875,0.6191759705543518,
3533,0.587941586971283,0.007350921630859375,0.5916170477867126,
3534,0.5276212692260742,0.006038665771484375,0.5306406021118164,
3535,0.4608013927936554,0.006481170654296875,0.46404197812080383,
3536,0.48072847723960876,0.005268096923828125,0.4833625257015228,
3537,0.8793993592262268,0.006320953369140625,0.8825598359107971,
3538,0.5853249430656433,0.006641387939453125,0.5886456370353699,
3539,1.0700528621673584,0.00788116455078125,1.073993444442749,
3540,1.0255331993103027,0.006900787353515625,1.0289835929870605,
3541,0.8915442824363708,0.007904052734375,0.8954963088035583,
3542,0.4143785238265991,0.00501251220703125,0.41688477993011475,
3543,0.5864899754524231,0.00592041015625,0.5894501805305481,
3544,0.8638527393341064,0.00722503662109375,0.8674652576446533,
3545,0.688084602355957,0.00653076171875,0.691349983215332,
3546,0.7151079773902893,0.0074615478515625,0.7188387513160706,
3547,0.809937596321106,0.006778717041015625,0.8133269548416138,
3548,0.5180584192276001,0.00643157958984375,0.521274209022522,
3549,0.8884770274162292,0.00860595703125,0.8927800059318542,
3550,0.39436671137809753,0.0061187744140625,0.3974260985851288,
3551,0.49895215034484863,0.004978179931640625,0.501441240310669,
3552,0.6587051153182983,0.005859375,0.6616348028182983,
3553,0.3811350166797638,0.005931854248046875,0.38410094380378723,
3554,0.7873913049697876,0.006099700927734375,0.7904411554336548,
3555,0.7018779516220093,0.00510406494140625,0.7044299840927124,
3556,0.778278112411499,0.005542755126953125,0.7810494899749756,
3557,0.366089403629303,0.0048370361328125,0.36850792169570923,
3558,0.5131562352180481,0.004840850830078125,0.5155766606330872,
3559,0.6884820461273193,0.0066375732421875,0.6918008327484131,
3560,0.8628118634223938,0.00792694091796875,0.8667753338813782,
3561,0.480335533618927,0.004974365234375,0.4828227162361145,
3562,0.4392317533493042,0.005039215087890625,0.4417513608932495,
3563,0.8804854154586792,0.00838470458984375,0.8846777677536011,
3564,0.28300827741622925,0.003276824951171875,0.2846466898918152,
3565,0.4334559440612793,0.006122589111328125,0.43651723861694336,
3566,0.6929501295089722,0.005474090576171875,0.6956871747970581,
3567,0.4151718318462372,0.00487518310546875,0.41760942339897156,
3568,0.5576303005218506,0.004970550537109375,0.5601155757904053,
3569,0.7510389089584351,0.007183074951171875,0.754630446434021,
3570,0.6632657647132874,0.006191253662109375,0.666361391544342,
3571,0.5845400094985962,0.00785064697265625,0.5884653329849243,
3572,0.7709437012672424,0.00782012939453125,0.7748537659645081,
3573,0.5002580285072327,0.0048675537109375,0.5026918053627014,
3574,0.48961111903190613,0.00550079345703125,0.49236151576042175,
3575,0.7991173267364502,0.0088043212890625,0.8035194873809814,
3576,0.7029022574424744,0.006359100341796875,0.7060818076133728,
3577,0.4569545388221741,0.006011962890625,0.4599605202674866,
3578,0.9108781814575195,0.007724761962890625,0.9147405624389648,
3579,0.5019945502281189,0.005161285400390625,0.5045751929283142,
3580,0.6798632740974426,0.005584716796875,0.6826556324958801,
3581,0.7471835613250732,0.0076751708984375,0.751021146774292,
3582,0.35221588611602783,0.00528717041015625,0.35485947132110596,
3583,0.44412094354629517,0.004421234130859375,0.44633156061172485,
3584,0.8749020099639893,0.006580352783203125,0.8781921863555908,
3585,0.61333829164505,0.005908966064453125,0.6162927746772766,
3586,0.9826610684394836,0.00786590576171875,0.986594021320343,
3587,0.5549899935722351,0.0064697265625,0.5582248568534851,
3588,0.7627741694450378,0.008392333984375,0.7669703364372253,
3589,0.5300551056861877,0.00618743896484375,0.5331488251686096,
3590,0.6071332693099976,0.00608062744140625,0.6101735830307007,
3591,0.9885716438293457,0.00879669189453125,0.9929699897766113,
3592,0.8296298384666443,0.007472991943359375,0.833366334438324,
3593,0.5222117304801941,0.00778961181640625,0.5261065363883972,
3594,0.4063279926776886,0.00484466552734375,0.4087503254413605,
3595,0.9345411062240601,0.006805419921875,0.9379438161849976,
3596,0.5044665336608887,0.0050506591796875,0.5069918632507324,
3597,0.2948850095272064,0.00380706787109375,0.2967885434627533,
3598,0.3012316823005676,0.004520416259765625,0.30349189043045044,
3599,0.34409379959106445,0.003978729248046875,0.3460831642150879,
3600,0.36702725291252136,0.00537872314453125,0.369716614484787,
3601,0.5104511976242065,0.006443023681640625,0.5136727094650269,
3602,0.7572417259216309,0.0090179443359375,0.7617506980895996,
3603,0.5400334596633911,0.005031585693359375,0.5425492525100708,
3604,0.8027225136756897,0.00670623779296875,0.8060756325721741,
3605,0.5512951016426086,0.005313873291015625,0.5539520382881165,
3606,0.5385725498199463,0.004978179931640625,0.5410616397857666,
3607,0.45947256684303284,0.00542449951171875,0.4621848165988922,
3608,0.4615848660469055,0.005542755126953125,0.4643562436103821,
3609,0.4555321931838989,0.00507354736328125,0.45806896686553955,
3610,0.3459059000015259,0.00449371337890625,0.348152756690979,
3611,0.6193749904632568,0.005084991455078125,0.6219174861907959,
3612,0.6799508333206177,0.00745391845703125,0.6836777925491333,
3613,0.8688442707061768,0.00720977783203125,0.8724491596221924,
3614,0.7130016088485718,0.00620269775390625,0.7161029577255249,
3615,0.43596091866493225,0.0051116943359375,0.438516765832901,
3616,0.42930203676223755,0.0033721923828125,0.4309881329536438,
3617,0.27693164348602295,0.004070281982421875,0.2789667844772339,
3618,0.5663964152336121,0.005153656005859375,0.5689732432365417,
3619,0.6323474049568176,0.007171630859375,0.6359332203865051,
3620,0.49371689558029175,0.006282806396484375,0.49685829877853394,
3621,0.9222264289855957,0.00792694091796875,0.9261898994445801,
3622,0.7512632608413696,0.0070343017578125,0.7547804117202759,
3623,0.714745044708252,0.00603485107421875,0.7177624702453613,
3624,0.46997934579849243,0.004215240478515625,0.47208696603775024,
3625,0.7655617594718933,0.006053924560546875,0.7685887217521667,
3626,0.8443542718887329,0.00710296630859375,0.8479057550430298,
3627,0.8060765266418457,0.007293701171875,0.8097233772277832,
3628,0.8698480725288391,0.008270263671875,0.8739832043647766,
3629,0.9834153652191162,0.0066375732421875,0.98673415184021,
3630,0.6524631381034851,0.00725555419921875,0.6560909152030945,
3631,0.7487053871154785,0.006786346435546875,0.752098560333252,
3632,0.5191143155097961,0.00592041015625,0.5220745205879211,
3633,0.502444863319397,0.005214691162109375,0.5050522089004517,
3634,0.5807449817657471,0.0063018798828125,0.5838959217071533,
3635,0.41056013107299805,0.005481719970703125,0.4133009910583496,
3636,0.44914156198501587,0.00516510009765625,0.451724112033844,
3637,0.9143651127815247,0.00789642333984375,0.9183133244514465,
3638,0.7517175078392029,0.00803375244140625,0.755734384059906,
3639,0.4806228578090668,0.005382537841796875,0.4833141267299652,
3640,0.4069981575012207,0.00518798828125,0.4095921516418457,
3641,0.36053383350372314,0.00521087646484375,0.363139271736145,
3642,0.8554608821868896,0.009796142578125,0.8603589534759521,
3643,0.29591265320777893,0.0046539306640625,0.2982396185398102,
3644,0.42215606570243835,0.00516510009765625,0.4247386157512665,
3645,0.6431324481964111,0.008026123046875,0.6471455097198486,
3646,0.7536445260047913,0.006633758544921875,0.7569614052772522,
3647,0.43155980110168457,0.00424957275390625,0.4336845874786377,
3648,0.3377009928226471,0.00412750244140625,0.3397647440433502,
3649,0.7404378652572632,0.006565093994140625,0.7437204122543335,
3650,0.6328632235527039,0.007556915283203125,0.6366416811943054,
3651,0.5680556297302246,0.00624847412109375,0.5711798667907715,
3652,0.4735735058784485,0.00673675537109375,0.47694188356399536,
3653,0.792839765548706,0.0064849853515625,0.7960822582244873,
3654,0.4603285491466522,0.004180908203125,0.4624190032482147,
3655,0.6548852920532227,0.00679779052734375,0.6582841873168945,
3656,0.5736519694328308,0.006801605224609375,0.5770527720451355,
3657,0.36400240659713745,0.0056610107421875,0.3668329119682312,
3658,0.4993891716003418,0.00690460205078125,0.5028414726257324,
3659,1.0233864784240723,0.00829315185546875,1.0275330543518066,
3660,0.49504828453063965,0.005542755126953125,0.4978196620941162,
3661,0.5208054780960083,0.006084442138671875,0.5238476991653442,
3662,0.5238539576530457,0.00511932373046875,0.52641361951828,
3663,0.7866012454032898,0.0110015869140625,0.792102038860321,
3664,0.634999692440033,0.00803375244140625,0.6390165686607361,
3665,0.44700372219085693,0.0048675537109375,0.4494374990463257,
3666,0.8913604617118835,0.00891876220703125,0.8958198428153992,
3667,0.489579439163208,0.005847930908203125,0.49250340461730957,
3668,0.39582833647727966,0.004734039306640625,0.3981953561306,
3669,0.5144360661506653,0.007099151611328125,0.5179856419563293,
3670,0.7183034420013428,0.00659942626953125,0.7216031551361084,
3671,0.4931827485561371,0.00508880615234375,0.49572715163230896,
3672,0.6146387457847595,0.00902557373046875,0.6191515326499939,
3673,1.0470468997955322,0.00760650634765625,1.0508501529693604,
3674,0.41154175996780396,0.004787445068359375,0.41393548250198364,
3675,0.38785892724990845,0.00560760498046875,0.3906627297401428,
3676,0.35993024706840515,0.006374359130859375,0.36311742663383484,
3677,0.4762870967388153,0.007595062255859375,0.480084627866745,
3678,0.5431313514709473,0.0080718994140625,0.5471673011779785,
3679,0.4202941358089447,0.0060882568359375,0.42333826422691345,
3680,1.036335825920105,0.00811004638671875,1.0403908491134644,
3681,0.3338944613933563,0.0071868896484375,0.3374879062175751,
3682,0.3259216845035553,0.0047760009765625,0.32830968499183655,
3683,0.663367748260498,0.006328582763671875,0.666532039642334,
3684,0.7758170366287231,0.00736236572265625,0.7794982194900513,
3685,0.31123754382133484,0.0036525726318359375,0.3130638301372528,
3686,0.44576120376586914,0.006778717041015625,0.44915056228637695,
3687,0.3072590231895447,0.0038394927978515625,0.30917876958847046,
3688,0.5345501899719238,0.005725860595703125,0.5374131202697754,
3689,0.8355557918548584,0.007404327392578125,0.8392579555511475,
3690,0.7396664023399353,0.0066986083984375,0.743015706539154,
3691,0.6351326704025269,0.006267547607421875,0.6382664442062378,
3692,0.26564010977745056,0.005115509033203125,0.2681978642940521,
3693,0.7732296586036682,0.005130767822265625,0.775795042514801,
3694,0.8320513367652893,0.00865936279296875,0.8363810181617737,
3695,0.49980393052101135,0.005756378173828125,0.502682089805603,
3696,0.6542547345161438,0.00872039794921875,0.6586149334907532,
3697,0.7835673093795776,0.00826263427734375,0.7876986265182495,
3698,0.5465818643569946,0.0079498291015625,0.5505567789077759,
3699,0.3546164333820343,0.00612640380859375,0.3576796352863312,
3700,0.3578360676765442,0.00440216064453125,0.3600371479988098,
3701,0.47946038842201233,0.005741119384765625,0.48233094811439514,
3702,0.5391643047332764,0.006450653076171875,0.5423896312713623,
3703,0.6078060269355774,0.00539398193359375,0.6105030179023743,
3704,0.5518979430198669,0.006900787353515625,0.5553483366966248,
3705,0.8225877285003662,0.00604248046875,0.8256089687347412,
3706,0.6165568232536316,0.005977630615234375,0.6195456385612488,
3707,1.0842031240463257,0.00920867919921875,1.088807463645935,
3708,0.8932611346244812,0.007740020751953125,0.8971311450004578,
3709,0.38490384817123413,0.00392913818359375,0.386868417263031,
3710,1.10626220703125,0.00931549072265625,1.1109199523925781,
3711,0.40796777606010437,0.00518798828125,0.41056177020072937,
3712,0.7928640246391296,0.00656890869140625,0.7961484789848328,
3713,1.0970995426177979,0.00948333740234375,1.1018412113189697,
3714,0.6068606972694397,0.00555419921875,0.6096377968788147,
3715,0.7528529167175293,0.00604248046875,0.7558741569519043,
3716,0.7859665155410767,0.007198333740234375,0.7895656824111938,
3717,0.5261884331703186,0.005138397216796875,0.528757631778717,
3718,0.3181050419807434,0.003971099853515625,0.3200905919075012,
3719,0.41715672612190247,0.005016326904296875,0.4196648895740509,
3720,0.8135106563568115,0.007274627685546875,0.817147970199585,
3721,1.0689603090286255,0.01061248779296875,1.0742665529251099,
3722,0.4811948835849762,0.005474090576171875,0.48393192887306213,
3723,0.7380325198173523,0.007076263427734375,0.7415706515312195,
3724,0.48964881896972656,0.004302978515625,0.49180030822753906,
3725,0.5907430648803711,0.0054779052734375,0.5934820175170898,
3726,0.8381994366645813,0.00846099853515625,0.8424299359321594,
3727,0.4973834753036499,0.00586700439453125,0.5003169775009155,
3728,0.4368884861469269,0.0050811767578125,0.43942907452583313,
3729,0.39254292845726013,0.00441741943359375,0.394751638174057,
3730,0.7184642553329468,0.005954742431640625,0.7214416265487671,
3731,0.7340828776359558,0.0068511962890625,0.7375084757804871,
3732,0.6268119215965271,0.007061004638671875,0.630342423915863,
3733,0.6106055378913879,0.00881195068359375,0.6150115132331848,
3734,0.5246244072914124,0.00557708740234375,0.5274129509925842,
3735,0.7571884989738464,0.00550079345703125,0.7599388957023621,
3736,0.42069873213768005,0.00870513916015625,0.4250513017177582,
3737,0.8626814484596252,0.0110015869140625,0.8681822419166565,
3738,0.856261134147644,0.0087432861328125,0.8606327772140503,
3739,0.5659288763999939,0.004123687744140625,0.5679907202720642,
3740,0.34222695231437683,0.0037708282470703125,0.344112366437912,
3741,0.38671573996543884,0.004611968994140625,0.38902172446250916,
3742,0.6893377304077148,0.00614166259765625,0.692408561706543,
3743,0.793202817440033,0.00881195068359375,0.7976087927818298,
3744,0.3921215534210205,0.006931304931640625,0.3955872058868408,
3745,0.5996184349060059,0.004741668701171875,0.6019892692565918,
3746,0.3922753632068634,0.00597381591796875,0.3952622711658478,
3747,0.5261529088020325,0.004474639892578125,0.5283902287483215,
3748,0.8139094710350037,0.00726318359375,0.8175410628318787,
3749,1.048401117324829,0.00778961181640625,1.0522959232330322,
3750,0.4878045320510864,0.005367279052734375,0.4904881715774536,
3751,0.5989895462989807,0.00608062744140625,0.6020298600196838,
3752,0.6103070974349976,0.00567626953125,0.6131452322006226,
3753,1.260128378868103,0.0081787109375,1.264217734336853,
3754,0.6108648777008057,0.007293701171875,0.6145117282867432,
3755,0.6943409442901611,0.006885528564453125,0.6977837085723877,
3756,0.6112590432167053,0.00705718994140625,0.6147876381874084,
3757,0.5780112743377686,0.00626373291015625,0.5811431407928467,
3758,0.9011303186416626,0.007389068603515625,0.9048248529434204,
3759,0.9120255708694458,0.0069732666015625,0.915512204170227,
3760,0.3502476215362549,0.0054931640625,0.3529942035675049,
3761,0.9606741070747375,0.0094757080078125,0.9654119610786438,
3762,0.8514301180839539,0.006317138671875,0.8545886874198914,
3763,0.5088003873825073,0.004207611083984375,0.5109041929244995,
3764,0.8094724416732788,0.00780487060546875,0.8133748769760132,
3765,0.6069077849388123,0.00635528564453125,0.6100854277610779,
3766,0.5313358902931213,0.006000518798828125,0.5343361496925354,
3767,0.6173697113990784,0.00679779052734375,0.6207686066627502,
3768,0.8224247694015503,0.0071868896484375,0.826018214225769,
3769,0.7990236282348633,0.00658416748046875,0.8023157119750977,
3770,0.6545184850692749,0.006011962890625,0.6575244665145874,
3771,0.5083547234535217,0.004749298095703125,0.5107293725013733,
3772,0.5864419937133789,0.005062103271484375,0.5889730453491211,
3773,0.9562547206878662,0.00717926025390625,0.9598443508148193,
3774,0.4035775065422058,0.005863189697265625,0.4065091013908386,
3775,0.860672116279602,0.006427764892578125,0.8638859987258911,
3776,0.7072272300720215,0.00530242919921875,0.7098784446716309,
3777,0.8957809209823608,0.006145477294921875,0.8988536596298218,
3778,0.8073239922523499,0.00555419921875,0.8101010918617249,
3779,0.5853791832923889,0.006137847900390625,0.5884481072425842,
3780,0.5209771394729614,0.005809783935546875,0.5238820314407349,
3781,0.38879382610321045,0.00475311279296875,0.3911703824996948,
3782,0.8980922102928162,0.00917816162109375,0.902681291103363,
3783,0.5198973417282104,0.005558013916015625,0.5226763486862183,
3784,0.5617625117301941,0.0065765380859375,0.5650507807731628,
3785,1.066445231437683,0.007305145263671875,1.070097804069519,
3786,0.7229710221290588,0.00661468505859375,0.7262783646583557,
3787,0.6045039296150208,0.00921630859375,0.6091120839118958,
3788,0.7457804679870605,0.005855560302734375,0.7487082481384277,
3789,0.5794791579246521,0.0062103271484375,0.5825843214988708,
3790,0.31567251682281494,0.00572967529296875,0.3185373544692993,
3791,0.5042401552200317,0.005901336669921875,0.5071908235549927,
3792,0.5296670794487,0.005268096923828125,0.532301127910614,
3793,0.760576605796814,0.007160186767578125,0.764156699180603,
3794,0.8249624371528625,0.006015777587890625,0.8279703259468079,
3795,0.4142373204231262,0.00445556640625,0.4164651036262512,
3796,0.8041484951972961,0.00829315185546875,0.8082950711250305,
3797,0.8894463181495667,0.0098419189453125,0.8943672776222229,
3798,0.40952068567276,0.0035190582275390625,0.41128021478652954,
3799,0.5608319044113159,0.0061187744140625,0.5638912916183472,
3800,0.8655767440795898,0.007472991943359375,0.8693132400512695,
3801,0.40098342299461365,0.00528717041015625,0.4036270081996918,
3802,0.6346815228462219,0.006587982177734375,0.6379755139350891,
3803,0.5972144603729248,0.006381988525390625,0.6004054546356201,
3804,0.5797960758209229,0.00775909423828125,0.5836756229400635,
3805,0.6578069925308228,0.006160736083984375,0.6608873605728149,
3806,1.1372451782226562,0.006069183349609375,1.140279769897461,
3807,0.7731673121452332,0.007312774658203125,0.7768236994743347,
3808,1.086403250694275,0.0079498291015625,1.0903781652450562,
3809,0.5793709754943848,0.005092620849609375,0.5819172859191895,
3810,0.5832398533821106,0.005496978759765625,0.5859883427619934,
3811,1.149629831314087,0.00899505615234375,1.1541273593902588,
3812,0.8214421272277832,0.00792694091796875,0.8254055976867676,
3813,0.5656790733337402,0.004791259765625,0.5680747032165527,
3814,0.77199786901474,0.00804901123046875,0.7760223746299744,
3815,0.4979468882083893,0.00643157958984375,0.5011626482009888,
3816,1.0067874193191528,0.00774383544921875,1.0106593370437622,
3817,0.7501041293144226,0.00579833984375,0.7530032992362976,
3818,0.4485098421573639,0.006237030029296875,0.45162835717201233,
3819,0.6631726622581482,0.006603240966796875,0.6664742827415466,
3820,0.7554563283920288,0.00809478759765625,0.7595037221908569,
3821,0.5191055536270142,0.005527496337890625,0.5218693017959595,
3822,0.6975796222686768,0.0058746337890625,0.700516939163208,
3823,1.154435634613037,0.0074462890625,1.158158779144287,
3824,0.8902919888496399,0.01117706298828125,0.8958805203437805,
3825,1.0018553733825684,0.0078277587890625,1.0057692527770996,
3826,0.545674741268158,0.005046844482421875,0.5481981635093689,
3827,0.6692887544631958,0.00701904296875,0.6727982759475708,
3828,0.5100237131118774,0.005889892578125,0.5129686594009399,
3829,1.3300892114639282,0.007030487060546875,1.3336044549942017,
3830,0.5691264271736145,0.005634307861328125,0.5719435811042786,
3831,1.0687304735183716,0.00665283203125,1.0720568895339966,
3832,0.44450849294662476,0.00550079345703125,0.4472588896751404,
3833,0.5355727076530457,0.00727081298828125,0.5392081141471863,
3834,0.5064408183097839,0.00649261474609375,0.5096871256828308,
3835,0.7751460075378418,0.00615692138671875,0.7782244682312012,
3836,0.7397559285163879,0.00800323486328125,0.7437575459480286,
3837,0.5154651999473572,0.00600433349609375,0.518467366695404,
3838,0.5367292165756226,0.005046844482421875,0.5392526388168335,
3839,0.6840075254440308,0.006000518798828125,0.6870077848434448,
3840,0.5414391160011292,0.00591278076171875,0.5443955063819885,
3841,0.4513304531574249,0.003971099853515625,0.45331600308418274,
3842,0.9243026971817017,0.006893157958984375,0.9277492761611938,
3843,0.5236058235168457,0.005977630615234375,0.5265946388244629,
3844,0.9118061661720276,0.006702423095703125,0.9151573777198792,
3845,0.567170262336731,0.00617218017578125,0.5702563524246216,
3846,1.0931241512298584,0.006687164306640625,1.0964677333831787,
3847,0.9043995141983032,0.0066070556640625,0.9077030420303345,
3848,1.0044366121292114,0.00714111328125,1.0080071687698364,
3849,0.4787408113479614,0.006252288818359375,0.4818669557571411,
3850,0.3379015028476715,0.004024505615234375,0.3399137556552887,
3851,0.552251398563385,0.006099700927734375,0.5553012490272522,
3852,0.5464505553245544,0.006847381591796875,0.5498742461204529,
3853,0.6369746327400208,0.007511138916015625,0.6407302021980286,
3854,0.6387248635292053,0.006526947021484375,0.6419883370399475,
3855,0.6821337342262268,0.006359100341796875,0.6853132843971252,
3856,0.512932300567627,0.004520416259765625,0.5151925086975098,
3857,0.5891035795211792,0.00467681884765625,0.5914419889450073,
3858,0.60498046875,0.006206512451171875,0.6080837249755859,
3859,0.5581148862838745,0.006610870361328125,0.5614203214645386,
3860,0.6867303848266602,0.006214141845703125,0.6898374557495117,
3861,0.5987231731414795,0.00482940673828125,0.6011378765106201,
3862,0.8879871964454651,0.00708770751953125,0.8915310502052307,
3863,0.6595713496208191,0.0075531005859375,0.6633478999137878,
3864,0.5361361503601074,0.0038928985595703125,0.5380825996398926,
3865,0.8241229057312012,0.0067291259765625,0.8274874687194824,
3866,0.5087911486625671,0.005481719970703125,0.5115320086479187,
3867,0.32196342945098877,0.0043182373046875,0.3241225481033325,
3868,0.4382803738117218,0.005870819091796875,0.44121578335762024,
3869,0.5380003452301025,0.005115509033203125,0.5405580997467041,
3870,0.4762253761291504,0.00495147705078125,0.478701114654541,
3871,0.5822269916534424,0.005008697509765625,0.5847313404083252,
3872,0.4681416451931,0.00559234619140625,0.4709378182888031,
3873,1.0233393907546997,0.006595611572265625,1.0266371965408325,
3874,1.079591989517212,0.00968170166015625,1.08443284034729,
3875,0.5778091549873352,0.006175994873046875,0.5808971524238586,
3876,0.7639110684394836,0.007129669189453125,0.7674759030342102,
3877,0.7690606117248535,0.00551605224609375,0.7718186378479004,
3878,0.9794043302536011,0.00844573974609375,0.983627200126648,
3879,0.45708218216896057,0.004848480224609375,0.45950642228126526,
3880,0.47736749053001404,0.00522613525390625,0.47998055815696716,
3881,0.6849307417869568,0.006526947021484375,0.688194215297699,
3882,0.5486310720443726,0.007045745849609375,0.5521539449691772,
3883,0.9037796258926392,0.00946807861328125,0.9085136651992798,
3884,1.128598928451538,0.0113525390625,1.134275197982788,
3885,1.2719861268997192,0.007648468017578125,1.2758103609085083,
3886,1.1165529489517212,0.00826263427734375,1.120684266090393,
3887,0.7642134428024292,0.007350921630859375,0.7678889036178589,
3888,0.5587213635444641,0.00525665283203125,0.5613496899604797,
3889,0.2889268100261688,0.0044403076171875,0.2911469638347626,
3890,0.8033801913261414,0.007747650146484375,0.8072540163993835,
3891,0.5011141896247864,0.006122589111328125,0.5041754841804504,
3892,0.803823709487915,0.006870269775390625,0.8072588443756104,
3893,0.5023744106292725,0.006366729736328125,0.5055577754974365,
3894,0.8706701993942261,0.00846099853515625,0.8749006986618042,
3895,0.7621737122535706,0.008270263671875,0.7663088440895081,
3896,0.3711971044540405,0.006000518798828125,0.3741973638534546,
3897,0.8018734455108643,0.01023101806640625,0.8069889545440674,
3898,0.6443268060684204,0.005893707275390625,0.6472736597061157,
3899,1.1654541492462158,0.00812530517578125,1.1695168018341064,
3900,1.0313969850540161,0.00821685791015625,1.0355054140090942,
3901,0.656815767288208,0.006908416748046875,0.6602699756622314,
3902,0.894837498664856,0.00649261474609375,0.8980838060379028,
3903,0.5710031986236572,0.005870819091796875,0.5739386081695557,
3904,0.5970464944839478,0.00542449951171875,0.5997587442398071,
3905,0.30099329352378845,0.004199981689453125,0.303093284368515,
3906,0.3725247085094452,0.003208160400390625,0.3741287887096405,
3907,0.6105087399482727,0.00585174560546875,0.6134346127510071,
3908,0.6405549049377441,0.00774383544921875,0.6444268226623535,
3909,0.518333911895752,0.0044708251953125,0.5205693244934082,
3910,0.27394911646842957,0.004058837890625,0.27597853541374207,
3911,0.36794543266296387,0.004123687744140625,0.3700072765350342,
3912,0.8044135570526123,0.00823974609375,0.8085334300994873,
3913,0.5743567943572998,0.006000518798828125,0.5773570537567139,
3914,0.47058606147766113,0.005809783935546875,0.47349095344543457,
3915,0.6719135046005249,0.007213592529296875,0.6755203008651733,
3916,0.7086014151573181,0.00623321533203125,0.7117180228233337,
3917,0.6672026515007019,0.00646209716796875,0.6704337000846863,
3918,0.48288896679878235,0.005367279052734375,0.48557260632514954,
3919,0.3544757068157196,0.0041656494140625,0.35655853152275085,
3920,0.5075032711029053,0.007427215576171875,0.5112168788909912,
3921,0.4906734824180603,0.005626678466796875,0.49348682165145874,
3922,0.8748146295547485,0.00881195068359375,0.8792206048965454,
3923,0.3507220447063446,0.005550384521484375,0.3534972369670868,
3924,1.1149927377700806,0.00800323486328125,1.1189943552017212,
3925,0.42289018630981445,0.00469970703125,0.42524003982543945,
3926,0.7744638323783875,0.0088043212890625,0.7788659930229187,
3927,0.4817008674144745,0.00627899169921875,0.48484036326408386,
3928,0.6209251880645752,0.007587432861328125,0.6247189044952393,
3929,0.4286697506904602,0.005306243896484375,0.4313228726387024,
3930,0.41278076171875,0.00475311279296875,0.4151573181152344,
3931,1.0210014581680298,0.00675201416015625,1.024377465248108,
3932,0.40235522389411926,0.004604339599609375,0.40465739369392395,
3933,0.4232042729854584,0.0051727294921875,0.4257906377315521,
3934,0.677912175655365,0.007495880126953125,0.6816601157188416,
3935,1.0208911895751953,0.0084686279296875,1.025125503540039,
3936,0.6696435213088989,0.0052947998046875,0.6722909212112427,
3937,0.6433268785476685,0.00695037841796875,0.6468020677566528,
3938,0.9240910410881042,0.00666046142578125,0.9274212718009949,
3939,0.9981672167778015,0.007587432861328125,1.0019609928131104,
3940,1.538657546043396,0.010009765625,1.543662428855896,
3941,0.6650946736335754,0.007476806640625,0.6688330769538879,
3942,0.7100225687026978,0.007427215576171875,0.7137361764907837,
3943,0.6525670886039734,0.00701141357421875,0.6560727953910828,
3944,0.8837558627128601,0.00623321533203125,0.8868724703788757,
3945,0.3892839848995209,0.00556182861328125,0.3920648992061615,
3946,0.5802832245826721,0.005275726318359375,0.5829210877418518,
3947,0.8225131630897522,0.007381439208984375,0.8262038826942444,
3948,0.7757861614227295,0.00885009765625,0.7802112102508545,
3949,0.7926042079925537,0.00737762451171875,0.7962930202484131,
3950,0.5447930693626404,0.00638580322265625,0.5479859709739685,
3951,0.8242788314819336,0.00677490234375,0.8276662826538086,
3952,0.746316134929657,0.0065765380859375,0.7496044039726257,
3953,0.9806116223335266,0.008544921875,0.9848840832710266,
3954,0.4906333088874817,0.004566192626953125,0.49291640520095825,
3955,0.5030725598335266,0.006267547607421875,0.5062063336372375,
3956,0.4741843640804291,0.005146026611328125,0.47675737738609314,
3957,0.47531387209892273,0.005786895751953125,0.4782073199748993,
3958,0.7669720649719238,0.006988525390625,0.7704663276672363,
3959,0.5712666511535645,0.007205963134765625,0.5748696327209473,
3960,0.5720023512840271,0.005565643310546875,0.5747851729393005,
3961,0.6548942923545837,0.00693511962890625,0.6583618521690369,
3962,0.45672497153282166,0.0034923553466796875,0.4584711492061615,
3963,0.7181264758110046,0.005832672119140625,0.721042811870575,
3964,0.3367096483707428,0.00501251220703125,0.3392159044742584,
3965,0.5971705317497253,0.004772186279296875,0.5995566248893738,
3966,0.8322612047195435,0.00798797607421875,0.8362551927566528,
3967,0.8334596157073975,0.006641387939453125,0.836780309677124,
3968,0.42590996623039246,0.005413055419921875,0.4286164939403534,
3969,0.8369215726852417,0.007579803466796875,0.8407114744186401,
3970,0.2996653616428375,0.0034656524658203125,0.3013981878757477,
3971,0.8487032651901245,0.006866455078125,0.852136492729187,
3972,0.759334146976471,0.0078887939453125,0.7632785439491272,
3973,0.7620761394500732,0.00817108154296875,0.7661616802215576,
3974,0.38183239102363586,0.004138946533203125,0.3839018642902374,
3975,0.5156674385070801,0.004669189453125,0.5180020332336426,
3976,0.558307409286499,0.00624847412109375,0.5614316463470459,
3977,1.481792688369751,0.00864410400390625,1.486114740371704,
3978,0.6364312767982483,0.00640106201171875,0.6396318078041077,
3979,0.41068947315216064,0.006526947021484375,0.41395294666290283,
3980,1.1920876502990723,0.007602691650390625,1.1958889961242676,
3981,0.507533609867096,0.0056915283203125,0.5103793740272522,
3982,0.658232569694519,0.006130218505859375,0.6612976789474487,
3983,0.9477630853652954,0.008056640625,0.9517914056777954,
3984,0.4454681873321533,0.005603790283203125,0.4482700824737549,
3985,1.0927462577819824,0.00815582275390625,1.0968241691589355,
3986,0.84360271692276,0.005695343017578125,0.8464503884315491,
3987,0.35230499505996704,0.005817413330078125,0.3552137017250061,
3988,0.575846254825592,0.005542755126953125,0.5786176323890686,
3989,0.4188796877861023,0.004901885986328125,0.42133063077926636,
3990,0.5726000666618347,0.0054473876953125,0.575323760509491,
3991,1.0138710737228394,0.00786590576171875,1.0178040266036987,
3992,0.7136825919151306,0.00662994384765625,0.7169975638389587,
3993,0.7661811113357544,0.007110595703125,0.7697364091873169,
3994,0.40632927417755127,0.007755279541015625,0.4102069139480591,
3995,1.4263325929641724,0.0097198486328125,1.4311925172805786,
3996,0.575180172920227,0.00487518310546875,0.5776177644729614,
3997,0.6594630479812622,0.00525665283203125,0.6620913743972778,
3998,0.3590563237667084,0.0038738250732421875,0.36099323630332947,
3999,0.53281170129776,0.004695892333984375,0.5351596474647522,
4000,0.3799458146095276,0.004627227783203125,0.38225942850112915,52.67175572519084
