step,task_loss,bias_loss,total_loss,sps
0,23.49584197998047,0.1431884765625,23.52448272705078,
1,16.448673248291016,0.1324462890625,16.475162506103516,
2,20.77798843383789,0.15478515625,20.808948516845703,
3,15.608264923095703,0.1376953125,15.635807037353516,
4,13.440922737121582,0.135986328125,13.468113899230957,
5,11.622308731079102,0.138671875,11.650049209594727,
6,7.661892414093018,0.11883544921875,7.685665607452393,
7,5.45137357711792,0.140380859375,5.47944974899292,
8,3.06817626953125,0.1226806640625,3.09271240234375,
9,2.60872745513916,0.1217041015625,2.6330652236938477,
10,2.567711591720581,0.1395263671875,2.5956199169158936,
11,2.696385383605957,0.1337890625,2.723149299621582,
12,2.610125780105591,0.1334228515625,2.6368134021759033,
13,2.274104356765747,0.1422119140625,2.302546739578247,
14,2.1499125957489014,0.143310546875,2.1785686016082764,
15,2.256096363067627,0.1376953125,2.2836384773254395,
16,1.9207819700241089,0.1351318359375,1.9478052854537964,
17,2.1136441230773926,0.134765625,2.1405911445617676,
18,1.1801522970199585,0.132080078125,1.206565260887146,
19,1.8567225933074951,0.1365966796875,1.8840358257293701,
20,1.1881563663482666,0.1285400390625,1.213867425918579,
21,1.4629175662994385,0.1199951171875,1.486919641494751,
22,1.3481372594833374,0.1363525390625,1.375404715538025,
23,1.3995569944381714,0.1163330078125,1.4228266477584839,
24,1.498708724975586,0.125,1.523702621459961,
25,1.1584564447402954,0.128662109375,1.1841827630996704,
26,1.0789639949798584,0.11083984375,1.101135015487671,
27,1.367637038230896,0.11810302734375,1.391257643699646,
28,0.9355177283287048,0.11865234375,0.9592451453208923,
29,1.2680943012237549,0.12310791015625,1.2927219867706299,
30,1.4924352169036865,0.1319580078125,1.5188329219818115,
31,1.4181360006332397,0.12261962890625,1.4426568746566772,
32,1.1631250381469727,0.11962890625,1.1870508193969727,
33,1.1562594175338745,0.11328125,1.178918719291687,
34,1.0710700750350952,0.10870361328125,1.0928138494491577,
35,1.741967797279358,0.1182861328125,1.765618920326233,
36,0.597049355506897,0.1033935546875,0.6177250146865845,
37,1.2315170764923096,0.11676025390625,1.2548630237579346,
38,0.8214519023895264,0.11968994140625,0.8453929424285889,
39,1.0740129947662354,0.1092529296875,1.0958635807037354,
40,1.3623802661895752,0.11517333984375,1.3854210376739502,
41,1.1559605598449707,0.0946044921875,1.1748814582824707,
42,1.0277085304260254,0.1053466796875,1.048780918121338,
43,1.5615696907043457,0.10540771484375,1.5826573371887207,
44,1.0096813440322876,0.0999755859375,1.0296703577041626,
45,0.7142207026481628,0.11517333984375,0.7372614741325378,
46,0.8233417868614197,0.12249755859375,0.8478474020957947,
47,0.8353832364082336,0.109375,0.8572643399238586,
48,0.8548335433006287,0.10235595703125,0.8753108382225037,
49,0.8182752728462219,0.110107421875,0.8402937054634094,
50,0.7922488451004028,0.10699462890625,0.8136416673660278,
51,0.7416024804115295,0.1007080078125,0.7617440819740295,
52,0.6968193054199219,0.10369873046875,0.7175559997558594,
53,0.5479463338851929,0.0955810546875,0.5670655965805054,
54,0.7997070550918579,0.09625244140625,0.8189636468887329,
55,0.4894070625305176,0.0936279296875,0.5081295967102051,
56,0.5260169506072998,0.089599609375,0.5439307689666748,
57,0.4366168975830078,0.07598876953125,0.4518146514892578,
58,0.6715160608291626,0.08062744140625,0.6876446008682251,
59,0.847164511680603,0.08331298828125,0.863827109336853,
60,0.49517762660980225,0.088623046875,0.5129083395004272,
61,0.7333146333694458,0.08404541015625,0.7501298189163208,
62,0.33607494831085205,0.0823974609375,0.35255444049835205,
63,0.4981500208377838,0.0855712890625,0.5152703523635864,
64,0.4269208610057831,0.07061767578125,0.44104287028312683,
65,1.1579599380493164,0.08636474609375,1.1752328872680664,
66,0.6341976523399353,0.0941162109375,0.6530269980430603,
67,0.8128280639648438,0.0865478515625,0.8301315307617188,
68,0.5918771028518677,0.09588623046875,0.6110574007034302,
69,0.714497983455658,0.09136962890625,0.732778012752533,
70,0.8741034865379333,0.08721923828125,0.8915442824363708,
71,0.7190536260604858,0.0926513671875,0.7375777959823608,
72,0.8967088460922241,0.09625244140625,0.9159654378890991,
73,0.4928329885005951,0.07611083984375,0.5080536603927612,
74,1.3011995553970337,0.0904541015625,1.3192964792251587,
75,0.4936105012893677,0.0732421875,0.5082589387893677,
76,0.8449071645736694,0.08349609375,0.8616002798080444,
77,1.3306453227996826,0.09344482421875,1.3493373394012451,
78,0.4587843716144562,0.0828857421875,0.4753554165363312,
79,0.5913300514221191,0.082763671875,0.6078858375549316,
80,1.0404568910598755,0.0968017578125,1.059820294380188,
81,0.6375477910041809,0.0831298828125,0.6541798710823059,
82,1.2790346145629883,0.09649658203125,1.2983369827270508,
83,0.5781380534172058,0.0941162109375,0.5969673991203308,
84,0.5334267020225525,0.0731201171875,0.5480522513389587,
85,1.050833821296692,0.08868408203125,1.068564534187317,
86,0.8622740507125854,0.0762939453125,0.8775328397750854,
87,0.5375381708145142,0.086181640625,0.5547806024551392,
88,0.863030731678009,0.090087890625,0.8810513615608215,
89,1.1915051937103271,0.09600830078125,1.2107007503509521,
90,0.8305360674858093,0.0914306640625,0.8488160967826843,
91,0.35182681679725647,0.0794677734375,0.36772647500038147,
92,0.6803337335586548,0.0855712890625,0.6974540948867798,
93,0.9387697577476501,0.07501220703125,0.9537691473960876,
94,0.813666820526123,0.08837890625,0.831336498260498,
95,1.421549916267395,0.08648681640625,1.43885338306427,
96,0.4331100583076477,0.07061767578125,0.44723206758499146,
97,0.8273208141326904,0.06298828125,0.8399169445037842,
98,0.8142944574356079,0.073486328125,0.8289886713027954,
99,0.5253651142120361,0.07489013671875,0.5403416156768799,
100,0.7669921517372131,0.07183837890625,0.7813583016395569,
101,0.7437962293624878,0.07513427734375,0.7588261365890503,
102,0.7772203087806702,0.06488037109375,0.7901979088783264,
103,0.6880134344100952,0.0718994140625,0.7023948431015015,
104,0.7137374877929688,0.06768798828125,0.7272720336914062,
105,0.9488358497619629,0.0780029296875,0.9644379615783691,
106,0.926071286201477,0.072509765625,0.9405747652053833,
107,0.8737024664878845,0.06365966796875,0.8864359259605408,
108,1.0611310005187988,0.06402587890625,1.0739331245422363,
109,0.46520861983299255,0.0633544921875,0.4778810441493988,
110,0.5799592733383179,0.05810546875,0.5915788412094116,
111,0.7285193204879761,0.057647705078125,0.7400473356246948,
112,0.6075345277786255,0.052154541015625,0.6179639101028442,
113,0.7979833483695984,0.052886962890625,0.8085576891899109,
114,1.0933274030685425,0.0589599609375,1.105122447013855,
115,0.5453802347183228,0.05078125,0.5555349588394165,
116,0.8491442203521729,0.0615234375,0.8614504337310791,
117,0.28207045793533325,0.033966064453125,0.2888644337654114,
118,0.5665562748908997,0.062225341796875,0.5789998173713684,
119,0.48859354853630066,0.043670654296875,0.4973292052745819,
120,0.6792374849319458,0.052703857421875,0.6897813081741333,
121,0.9162707328796387,0.06353759765625,0.9289813041687012,
122,0.609785795211792,0.05206298828125,0.6201999187469482,
123,1.0604310035705566,0.0731201171875,1.075056552886963,
124,0.39406445622444153,0.03277587890625,0.4006181061267853,
125,0.4428894519805908,0.051727294921875,0.4532349109649658,
126,0.6099724173545837,0.05712890625,0.6214012503623962,
127,0.4354493319988251,0.046783447265625,0.4448029696941376,
128,0.484453409910202,0.04931640625,0.4943182170391083,
129,0.4784998893737793,0.054168701171875,0.4893336296081543,
130,1.0995837450027466,0.054901123046875,1.1105624437332153,
131,0.5490249395370483,0.046966552734375,0.5584167242050171,
132,0.27963560819625854,0.0396728515625,0.28757017850875854,
133,0.9942411184310913,0.06939697265625,1.008118987083435,
134,0.5958275198936462,0.046722412109375,0.6051735281944275,
135,0.8676139116287231,0.051513671875,0.8779135942459106,
136,0.7667540311813354,0.056640625,0.7780836820602417,
137,0.6541650295257568,0.04766845703125,0.6637017726898193,
138,0.9719446301460266,0.05059814453125,0.9820612072944641,
139,0.31888332962989807,0.042327880859375,0.32735195755958557,
140,0.8497872352600098,0.0572509765625,0.861238956451416,
141,0.7794540524482727,0.0452880859375,0.7885101437568665,
142,0.3964383602142334,0.02996826171875,0.4024312496185303,
143,1.0181269645690918,0.05523681640625,1.0291743278503418,
144,0.46479517221450806,0.036712646484375,0.4721384644508362,
145,0.7851552367210388,0.05401611328125,0.7959584593772888,
146,0.9405011534690857,0.049713134765625,0.9504422545433044,
147,0.7158803939819336,0.048004150390625,0.7254781723022461,
148,0.6393000483512878,0.05413818359375,0.6501261591911316,
149,1.0134996175765991,0.0518798828125,1.0238755941390991,
150,0.622484028339386,0.052032470703125,0.632890522480011,
151,1.0389413833618164,0.050018310546875,1.0489435195922852,
152,0.6815503835678101,0.0477294921875,0.6910947561264038,
153,0.7034570574760437,0.06494140625,0.7164422869682312,
154,0.8789759874343872,0.061126708984375,0.8911982774734497,
155,0.5427383184432983,0.047943115234375,0.5523284673690796,
156,1.0145846605300903,0.050933837890625,1.024769902229309,
157,0.565345048904419,0.059173583984375,0.5771782398223877,
158,0.40592697262763977,0.042877197265625,0.41450241208076477,
159,0.7539404034614563,0.054931640625,0.7649267315864563,
160,0.8139311075210571,0.05633544921875,0.8251997232437134,
161,0.6801921129226685,0.05303955078125,0.690796971321106,
162,1.5695521831512451,0.058837890625,1.5813167095184326,
163,0.7926530838012695,0.04254150390625,0.8011598587036133,
164,0.7209970951080322,0.04083251953125,0.7291605472564697,
165,0.6394190788269043,0.046630859375,0.6487421989440918,
166,0.6288642883300781,0.058380126953125,0.6405372619628906,
167,0.8826889991760254,0.05517578125,0.8937211036682129,
168,0.38855865597724915,0.047210693359375,0.39800384640693665,
169,0.4831885099411011,0.044586181640625,0.4921072721481323,
170,1.1515026092529297,0.0531005859375,1.1621227264404297,
171,1.1645103693008423,0.057891845703125,1.1760917901992798,
172,0.8655027151107788,0.047943115234375,0.8750928640365601,
173,1.1071343421936035,0.053070068359375,1.1177468299865723,
174,0.3352627456188202,0.03253173828125,0.34177061915397644,
175,0.3910997807979584,0.033538818359375,0.3978060185909271,
176,0.9379308819770813,0.0589599609375,0.9497259259223938,
177,0.6711980700492859,0.05126953125,0.6814519762992859,
178,0.31863319873809814,0.0340576171875,0.3254462480545044,
179,0.8424714207649231,0.0408935546875,0.8506501317024231,
180,0.8663619160652161,0.054840087890625,0.8773329854011536,
181,0.5665433406829834,0.04266357421875,0.5750730037689209,
182,0.5269396305084229,0.035919189453125,0.5341227054595947,
183,1.3279469013214111,0.0635986328125,1.3406651020050049,
184,1.0426113605499268,0.057861328125,1.054185152053833,
185,0.6287426352500916,0.043975830078125,0.6375393271446228,
186,0.8704761266708374,0.051513671875,0.8807758092880249,
187,0.6558182835578918,0.035858154296875,0.6629899144172668,
188,0.4402744472026825,0.042938232421875,0.44886514544487,
189,0.456317663192749,0.04083251953125,0.4644811153411865,
190,0.9298145174980164,0.050048828125,0.9398242831230164,
191,0.6030014753341675,0.045166015625,0.6120346784591675,
192,0.7906401753425598,0.047637939453125,0.8001692891120911,
193,1.0053595304489136,0.04931640625,1.0152243375778198,
194,0.7389458417892456,0.045654296875,0.7480782270431519,
195,0.4611263573169708,0.026092529296875,0.4663448631763458,
196,0.6051743626594543,0.035186767578125,0.6122124791145325,
197,0.49053922295570374,0.038818359375,0.4983021318912506,
198,0.5879341959953308,0.040008544921875,0.5959374308586121,
199,0.5407794117927551,0.044342041015625,0.5496447682380676,
200,1.0421810150146484,0.0491943359375,1.052022933959961,
201,0.5955051183700562,0.036865234375,0.6028789281845093,
202,0.8697723746299744,0.052001953125,0.8801712393760681,
203,1.083228588104248,0.0452880859375,1.0922846794128418,
204,0.9207140207290649,0.05572509765625,0.9318605661392212,
205,1.077300786972046,0.051910400390625,1.0876843929290771,
206,0.6325570344924927,0.0364990234375,0.6398583650588989,
207,0.34017816185951233,0.04010009765625,0.3481966555118561,
208,1.0697587728500366,0.046875,1.0791352987289429,
209,0.7386739253997803,0.052154541015625,0.749103307723999,
210,1.1589643955230713,0.06610107421875,1.1721861362457275,
211,0.6126078963279724,0.045623779296875,0.6217326521873474,
212,0.8958063721656799,0.057403564453125,0.9072886109352112,
213,0.8405655026435852,0.045440673828125,0.849652111530304,
214,1.4860495328903198,0.0645751953125,1.498966097831726,
215,0.8203794956207275,0.045318603515625,0.8294432163238525,
216,0.4611254930496216,0.0234222412109375,0.4658099412918091,
217,0.7619384527206421,0.04962158203125,0.7718642950057983,
218,0.5484598278999329,0.039581298828125,0.5563791394233704,
219,0.5166946649551392,0.041717529296875,0.5250412225723267,
220,0.609406590461731,0.032135009765625,0.6158343553543091,
221,0.8985192179679871,0.05487060546875,0.9094902873039246,
222,0.459216445684433,0.044525146484375,0.46811994910240173,
223,0.6209057569503784,0.0426025390625,0.6294277906417847,
224,0.5007073879241943,0.04986572265625,0.5106790065765381,
225,0.5680038332939148,0.03338623046875,0.5746795535087585,
226,0.9688730239868164,0.06060791015625,0.9809961318969727,
227,0.6115712523460388,0.04547119140625,0.6206654906272888,
228,0.8649598360061646,0.05560302734375,0.876083493232727,
229,1.1232224702835083,0.05731201171875,1.1346818208694458,
230,0.7700825333595276,0.04742431640625,0.7795658707618713,
231,0.668843686580658,0.053619384765625,0.6795706152915955,
232,0.3058675229549408,0.034820556640625,0.31283316016197205,
233,0.8287249207496643,0.060516357421875,0.8408251404762268,
234,1.0059138536453247,0.06854248046875,1.019623875617981,
235,0.4942570626735687,0.0374755859375,0.5017529726028442,
236,0.8551745414733887,0.045257568359375,0.8642230033874512,
237,0.9285264611244202,0.05474853515625,0.9394746422767639,
238,0.3575173616409302,0.042388916015625,0.3659936189651489,
239,1.10252046585083,0.06256103515625,1.11503267288208,
240,1.106675624847412,0.0615234375,1.1189818382263184,
241,0.703915536403656,0.04522705078125,0.7129639983177185,
242,0.7124606966972351,0.043487548828125,0.7211582064628601,
243,1.0874789953231812,0.04345703125,1.096168875694275,
244,1.326232671737671,0.049835205078125,1.3361966609954834,
245,0.9275453090667725,0.044464111328125,0.93644118309021,
246,0.3079381585121155,0.0335693359375,0.3146520256996155,
247,0.49517136812210083,0.03814697265625,0.5028007626533508,
248,0.4939194321632385,0.03961181640625,0.501838743686676,
249,0.4917875826358795,0.04248046875,0.5002866983413696,
250,0.7615845799446106,0.044586181640625,0.7705033421516418,
251,0.27180686593055725,0.0209503173828125,0.2759954035282135,
252,0.4385839104652405,0.0289306640625,0.4443708062171936,
253,0.8407505750656128,0.04083251953125,0.8489140272140503,
254,0.4850516617298126,0.03289794921875,0.49163201451301575,
255,0.7379053831100464,0.044769287109375,0.7468622922897339,
256,0.6408516764640808,0.034820556640625,0.6478173136711121,
257,0.5514445304870605,0.03533935546875,0.5585131645202637,
258,0.3523544371128082,0.0302581787109375,0.3584045469760895,
259,1.0957578420639038,0.03302001953125,1.1023610830307007,
260,0.5461269617080688,0.030120849609375,0.5521503686904907,
261,0.6476343274116516,0.04034423828125,0.6557062268257141,
262,0.9980360865592957,0.036224365234375,1.0052802562713623,
263,1.3260204792022705,0.0438232421875,1.3347866535186768,
264,0.5628595352172852,0.04290771484375,0.5714426040649414,
265,0.6682928204536438,0.056396484375,0.6795690655708313,
266,0.5887831449508667,0.0426025390625,0.597305178642273,
267,0.5477423667907715,0.041595458984375,0.556058406829834,
268,0.47512948513031006,0.05364990234375,0.48585641384124756,
269,0.46678707003593445,0.042510986328125,0.47528621554374695,
270,0.5169999003410339,0.051544189453125,0.5273072123527527,
271,0.6913970112800598,0.06475830078125,0.7043517231941223,
272,0.9788049459457397,0.051055908203125,0.9890130758285522,
273,0.8227923512458801,0.0694580078125,0.8366854786872864,
274,0.4144991636276245,0.035797119140625,0.42165935039520264,
275,0.6248189806938171,0.04742431640625,0.6343023180961609,
276,0.43848106265068054,0.03228759765625,0.44493934512138367,
277,0.7869813442230225,0.034027099609375,0.7937867641448975,
278,0.41066306829452515,0.0251617431640625,0.4156946539878845,
279,0.5500438809394836,0.033111572265625,0.5566661953926086,
280,0.5771914124488831,0.0226898193359375,0.5817309021949768,
281,1.0397720336914062,0.03741455078125,1.0472564697265625,
282,0.6224721074104309,0.042083740234375,0.6308873295783997,
283,0.8883726596832275,0.049468994140625,0.8982679843902588,
284,0.5868651866912842,0.03839111328125,0.5945441722869873,
285,0.9794939756393433,0.0584716796875,0.9911898374557495,
286,1.0930322408676147,0.058258056640625,1.1046823263168335,
287,0.5132713913917542,0.043914794921875,0.5220528244972229,
288,0.748286783695221,0.0343017578125,0.7551456093788147,
289,0.7350806593894958,0.043914794921875,0.7438620924949646,
290,0.5059412121772766,0.03814697265625,0.5135706067085266,
291,0.5924886465072632,0.02606201171875,0.5976995229721069,
292,0.42412978410720825,0.037200927734375,0.431568443775177,
293,1.1489391326904297,0.0648193359375,1.1619014739990234,
294,0.7102810144424438,0.0369873046875,0.7176777124404907,
295,0.6607508659362793,0.0382080078125,0.6683917045593262,
296,0.2837523818016052,0.03125,0.290000855922699,
297,1.0089877843856812,0.03887939453125,1.016762137413025,
298,0.3179834187030792,0.028228759765625,0.3236291706562042,
299,0.4460189938545227,0.036376953125,0.4532936215400696,
300,0.30352580547332764,0.01439666748046875,0.3064059019088745,
301,0.4785606563091278,0.0355224609375,0.48566362261772156,
302,0.643561601638794,0.03753662109375,0.651068925857544,
303,0.9209517240524292,0.0439453125,0.9297407865524292,
304,0.7727333903312683,0.040313720703125,0.7807976603507996,
305,0.7994698286056519,0.03759765625,0.8069885969161987,
306,0.5260145664215088,0.03704833984375,0.5334227085113525,
307,0.5094225406646729,0.032928466796875,0.5160067081451416,
308,0.9267924427986145,0.048736572265625,0.936542809009552,
309,0.9182313680648804,0.04095458984375,0.9264253377914429,
310,0.9290201663970947,0.04718017578125,0.938457727432251,
311,0.5163260698318481,0.0260772705078125,0.5215407609939575,
312,0.6580166220664978,0.043243408203125,0.6666683554649353,
313,0.8235282301902771,0.032440185546875,0.8300170302391052,
314,0.6799322366714478,0.042449951171875,0.688423752784729,
315,0.7494912147521973,0.040191650390625,0.7575325965881348,
316,0.554107666015625,0.035614013671875,0.5612297058105469,
317,0.5675390958786011,0.03973388671875,0.5754889249801636,
318,0.7054848670959473,0.038665771484375,0.7132172584533691,
319,0.6504862904548645,0.049102783203125,0.6603053212165833,
320,0.4615348279476166,0.0335693359375,0.4682486951351166,
321,0.8102530241012573,0.040130615234375,0.8182791471481323,
322,0.7910874485969543,0.039031982421875,0.7988923192024231,
323,0.4602443277835846,0.04168701171875,0.46858325600624084,
324,1.0559715032577515,0.045928955078125,1.0651572942733765,
325,0.7442110776901245,0.041015625,0.7524126768112183,
326,0.8488734364509583,0.033416748046875,0.8555567860603333,
327,0.37680092453956604,0.0276641845703125,0.3823322355747223,
328,0.4677543342113495,0.0305328369140625,0.4738616645336151,
329,0.6124175786972046,0.031494140625,0.6187156438827515,
330,0.5375838279724121,0.0233306884765625,0.5422492027282715,
331,0.8358621001243591,0.035919189453125,0.843045175075531,
332,0.4376765787601471,0.030426025390625,0.44376102089881897,
333,0.9321008324623108,0.033538818359375,0.9388070702552795,
334,0.4334900677204132,0.029052734375,0.4392998516559601,
335,0.8211662769317627,0.03924560546875,0.829016923904419,
336,0.8366977572441101,0.035888671875,0.8438770174980164,
337,0.6161993741989136,0.043670654296875,0.6249350309371948,
338,0.89494389295578,0.042449951171875,0.9034354090690613,
339,0.5209357738494873,0.02667236328125,0.526268720626831,
340,0.5165185928344727,0.031768798828125,0.5228738784790039,
341,0.5293869972229004,0.0389404296875,0.5371766090393066,
342,0.688690185546875,0.046051025390625,0.6978988647460938,
343,0.562110185623169,0.0306243896484375,0.5682365894317627,
344,0.685245931148529,0.038665771484375,0.6929783225059509,
345,0.5039396286010742,0.037139892578125,0.5113668441772461,
346,0.9044508337974548,0.039794921875,0.9124082922935486,
347,0.7936243414878845,0.03631591796875,0.8008875250816345,
348,1.1465911865234375,0.045654296875,1.1557235717773438,
349,0.6453891396522522,0.043701171875,0.6541324257850647,
350,0.7596054673194885,0.036376953125,0.7668800950050354,
351,0.7458963394165039,0.03814697265625,0.7535257339477539,
352,0.8508984446525574,0.033447265625,0.8575894236564636,
353,0.389708548784256,0.0258331298828125,0.39487364888191223,
354,0.6199454069137573,0.0404052734375,0.6280249357223511,
355,0.5910070538520813,0.0253448486328125,0.5960767865180969,
356,0.7050865888595581,0.0295867919921875,0.7110031843185425,
357,0.536279559135437,0.037261962890625,0.5437334775924683,
358,0.5384287238121033,0.030975341796875,0.5446237921714783,
359,0.8572814464569092,0.0330810546875,0.8638961315155029,
360,0.6716410517692566,0.0296173095703125,0.6775652766227722,
361,0.5892449021339417,0.029144287109375,0.5950737595558167,
362,0.5501020550727844,0.030914306640625,0.5562856793403625,
363,0.3716900944709778,0.02911376953125,0.37751132249832153,
364,0.9831380844116211,0.037078857421875,0.9905538558959961,
365,0.3968178331851959,0.0186767578125,0.4005524218082428,
366,0.5315428376197815,0.03167724609375,0.5378790497779846,
367,1.0790339708328247,0.048828125,1.0887995958328247,
368,0.7854474782943726,0.0477294921875,0.7949918508529663,
369,0.6062218546867371,0.0303497314453125,0.6122910380363464,
370,0.4093879163265228,0.02850341796875,0.4150870740413666,
371,0.3830614984035492,0.03009033203125,0.38908109068870544,
372,0.5553728342056274,0.031768798828125,0.5617281198501587,
373,0.6057555675506592,0.03021240234375,0.6117980480194092,
374,1.1245781183242798,0.039276123046875,1.1324363946914673,
375,0.7310649156570435,0.036041259765625,0.7382746934890747,
376,0.6692385077476501,0.0302581787109375,0.6752886176109314,
377,0.8440631628036499,0.036834716796875,0.8514293432235718,
378,1.3448060750961304,0.04864501953125,1.3545335531234741,
379,0.5638267397880554,0.030731201171875,0.5699722170829773,
380,0.6490340828895569,0.03466796875,0.6559692025184631,
381,0.8158025741577148,0.033447265625,0.8224935531616211,
382,0.8343074321746826,0.039764404296875,0.8422572612762451,
383,0.6647917628288269,0.038543701171875,0.672501266002655,
384,1.1189203262329102,0.0457763671875,1.1280755996704102,
385,0.859628438949585,0.042022705078125,0.8680360317230225,
386,0.7675340175628662,0.034820556640625,0.7744996547698975,
387,0.9065154194831848,0.042327880859375,0.9149840474128723,
388,0.5158726572990417,0.0294647216796875,0.5217663645744324,
389,0.5369579195976257,0.0252685546875,0.5420123934745789,
390,0.7141034007072449,0.03143310546875,0.7203900218009949,
391,0.3981867730617523,0.0211029052734375,0.40240582823753357,
392,0.758304238319397,0.0311279296875,0.764529824256897,
393,0.8532254695892334,0.028564453125,0.8589398860931396,
394,0.5025308132171631,0.022247314453125,0.5069787502288818,
395,0.7383840680122375,0.02484130859375,0.7433508038520813,
396,0.6722568869590759,0.023773193359375,0.6770099997520447,
397,0.6770163774490356,0.033050537109375,0.6836272478103638,
398,0.7291034460067749,0.02874755859375,0.7348521947860718,
399,0.46761104464530945,0.034698486328125,0.4745499789714813,
400,1.239766001701355,0.042724609375,1.248310923576355,
401,1.0715748071670532,0.038543701171875,1.0792843103408813,
402,0.7855534553527832,0.032440185546875,0.7920422554016113,
403,0.46531906723976135,0.0308990478515625,0.47149887681007385,
404,0.5013047456741333,0.0263671875,0.506576657295227,
405,0.3847137987613678,0.0234527587890625,0.38940587639808655,
406,0.9567316174507141,0.030792236328125,0.9628885388374329,
407,1.0145385265350342,0.0386962890625,1.0222785472869873,
408,0.7985626459121704,0.036041259765625,0.8057724237442017,
409,0.8133100271224976,0.031829833984375,0.8196767568588257,
410,0.4293908178806305,0.0263519287109375,0.43466272950172424,
411,0.510857880115509,0.033355712890625,0.5175297856330872,
412,0.8306035995483398,0.039764404296875,0.8385534286499023,
413,0.3933388888835907,0.023223876953125,0.39798519015312195,
414,0.6208349466323853,0.033966064453125,0.6276289224624634,
415,0.5943873524665833,0.0309906005859375,0.6005862355232239,
416,1.3831382989883423,0.037200927734375,1.390576958656311,
417,0.5362492799758911,0.026519775390625,0.5415517091751099,
418,0.698573648929596,0.027435302734375,0.7040591835975647,
419,0.3961507976055145,0.02252197265625,0.40065595507621765,
420,0.5630043745040894,0.025299072265625,0.5680626630783081,
421,0.6868898868560791,0.030029296875,0.6928942203521729,
422,0.7817381024360657,0.0299072265625,0.7877195477485657,
423,0.965705394744873,0.0302581787109375,0.9717555046081543,
424,1.0874617099761963,0.039825439453125,1.0954267978668213,
425,0.44149696826934814,0.0277252197265625,0.4470435380935669,
426,0.4580453038215637,0.02764892578125,0.46357661485671997,
427,0.8279076218605042,0.032501220703125,0.8344078660011292,
428,0.7298244833946228,0.0274810791015625,0.7353214621543884,
429,1.302732229232788,0.03350830078125,1.3094346523284912,
430,0.3090490698814392,0.0189361572265625,0.31283706426620483,
431,0.6108078956604004,0.033203125,0.6174492835998535,
432,0.6966840028762817,0.030181884765625,0.7027188539505005,
433,0.7225441932678223,0.0237579345703125,0.727297306060791,
434,1.09537672996521,0.047088623046875,1.1047914028167725,
435,0.46064820885658264,0.0202789306640625,0.464703232049942,
436,1.0092499256134033,0.03607177734375,1.0164635181427002,
437,0.7338558435440063,0.031402587890625,0.7401348352432251,
438,0.418032169342041,0.0217132568359375,0.42237329483032227,
439,0.8412755131721497,0.037872314453125,0.8488515019416809,
440,0.3835224211215973,0.017120361328125,0.3869461119174957,
441,0.445759117603302,0.0169830322265625,0.44915610551834106,
442,0.405284583568573,0.024505615234375,0.4101864695549011,
443,0.5078504085540771,0.022796630859375,0.512408971786499,
444,0.7957962155342102,0.027862548828125,0.8013694882392883,
445,0.7623136043548584,0.026092529296875,0.7675321102142334,
446,1.0796501636505127,0.0261383056640625,1.084876298904419,
447,0.6252356171607971,0.025848388671875,0.630404531955719,
448,0.5785224437713623,0.02734375,0.5839927196502686,
449,0.5442885160446167,0.022918701171875,0.548873782157898,
450,0.38322657346725464,0.019195556640625,0.3870660662651062,
451,0.932528555393219,0.035552978515625,0.939639151096344,
452,0.7832052707672119,0.03057861328125,0.7893202304840088,
453,0.6003786325454712,0.0229949951171875,0.6049791574478149,
454,0.5319664478302002,0.02374267578125,0.5367157459259033,
455,0.7421835660934448,0.0274658203125,0.7476767301559448,
456,0.27852511405944824,0.0188140869140625,0.2822883129119873,
457,0.4718898832798004,0.028411865234375,0.47757378220558167,
458,0.4636155962944031,0.0196380615234375,0.4675447344779968,
459,0.692047119140625,0.0267791748046875,0.6974029541015625,
460,0.856137752532959,0.031982421875,0.8625349998474121,
461,0.5194889307022095,0.0224456787109375,0.5239788293838501,
462,0.45802071690559387,0.02972412109375,0.4639640152454376,
463,0.8475070595741272,0.0296478271484375,0.8534350991249084,
464,0.8272185325622559,0.037139892578125,0.8346457481384277,
465,0.4601643979549408,0.0198211669921875,0.46412786841392517,
466,0.8577579259872437,0.0279388427734375,0.8633464574813843,
467,0.39892375469207764,0.013397216796875,0.4016035795211792,
468,0.6580025553703308,0.023681640625,0.6627404093742371,
469,0.8410226106643677,0.029632568359375,0.8469506502151489,
470,0.8434221148490906,0.036468505859375,0.8507158160209656,
471,1.0391627550125122,0.0322265625,1.0456095933914185,
472,0.6301543116569519,0.031280517578125,0.6364104151725769,
473,0.7725141644477844,0.026824951171875,0.7778776288032532,
474,0.6824454665184021,0.025299072265625,0.6875037550926208,
475,0.5571059584617615,0.0263214111328125,0.562370240688324,
476,1.2805426120758057,0.03643798828125,1.2878286838531494,
477,1.0513291358947754,0.0259552001953125,1.056520938873291,
478,0.8026034832000732,0.03057861328125,0.8087184429168701,
479,0.8190904855728149,0.0259246826171875,0.8242746591567993,
480,0.6624322533607483,0.036651611328125,0.6697641015052795,
481,0.5668860673904419,0.033355712890625,0.57355797290802,
482,0.7110506296157837,0.03143310546875,0.7173372507095337,
483,0.5966001152992249,0.034698486328125,0.6035390496253967,
484,1.1237051486968994,0.0308685302734375,1.1298773288726807,
485,0.4862173795700073,0.0242767333984375,0.49107348918914795,
486,0.8499438166618347,0.034881591796875,0.8569208979606628,
487,0.6565058827400208,0.03125,0.6627543568611145,
488,0.8413229584693909,0.02978515625,0.8472815155982971,
489,0.5952844619750977,0.021697998046875,0.5996255874633789,
490,1.0189331769943237,0.0268096923828125,1.0242966413497925,
491,0.5778297781944275,0.0277252197265625,0.5833763480186462,
492,0.9232711791992188,0.03363037109375,0.9299964904785156,
493,0.6066253185272217,0.0236053466796875,0.6113479137420654,
494,0.7256984114646912,0.02874755859375,0.731447160243988,
495,0.9600012898445129,0.03851318359375,0.9677031636238098,
496,0.34584692120552063,0.0213165283203125,0.3501117527484894,
497,0.34712454676628113,0.0206451416015625,0.3512520492076874,
498,0.5034871101379395,0.0226898193359375,0.5080265998840332,
499,0.5971696376800537,0.02166748046875,0.6015031337738037,
500,0.8984518051147461,0.034393310546875,0.905329704284668,
501,0.5085715055465698,0.01953125,0.5124777555465698,
502,0.4937150776386261,0.0198974609375,0.497693806886673,
503,0.994728684425354,0.02789306640625,1.0003057718276978,
504,1.038993239402771,0.026214599609375,1.0442346334457397,
505,0.42450907826423645,0.0225830078125,0.42902567982673645,
506,0.8141682744026184,0.0321044921875,0.8205884099006653,
507,0.4892897605895996,0.03045654296875,0.49538183212280273,
508,0.521337628364563,0.028594970703125,0.5270558595657349,
509,0.48997050523757935,0.024261474609375,0.49482280015945435,
510,0.8317270278930664,0.0287322998046875,0.8374719619750977,
511,1.0387825965881348,0.0472412109375,1.0482277870178223,
512,0.6662531495094299,0.0241241455078125,0.6710787415504456,
513,1.2868303060531616,0.042633056640625,1.2953599691390991,
514,0.7233021855354309,0.038330078125,0.7309697270393372,
515,0.6808233857154846,0.031890869140625,0.6872015595436096,
516,0.5927805304527283,0.0262908935546875,0.5980371832847595,
517,0.5554815530776978,0.02960205078125,0.5614019632339478,
518,1.0201188325881958,0.044586181640625,1.029037594795227,
519,0.38607242703437805,0.02716064453125,0.39150455594062805,
520,0.46202191710472107,0.0201263427734375,0.46604642271995544,
521,0.7325635552406311,0.0252685546875,0.7376180291175842,
522,0.7649619579315186,0.0343017578125,0.7718207836151123,
523,0.7085037231445312,0.0255889892578125,0.713623046875,
524,0.6867343783378601,0.030059814453125,0.6927463412284851,
525,0.5089945793151855,0.027008056640625,0.5143961906433105,
526,0.6937971711158752,0.03265380859375,0.7003279328346252,
527,0.610697329044342,0.027008056640625,0.616098940372467,
528,0.7118663191795349,0.0265045166015625,0.7171687483787537,
529,0.495940625667572,0.01849365234375,0.49963897466659546,
530,0.3335512578487396,0.0180816650390625,0.3371675908565521,
531,0.799540102481842,0.0301055908203125,0.8055596947669983,
532,0.6099770069122314,0.025054931640625,0.6149895191192627,
533,0.6203942894935608,0.0283203125,0.6260591149330139,
534,0.8200453519821167,0.0296478271484375,0.825973391532898,
535,0.7547997832298279,0.032196044921875,0.7612389922142029,
536,0.37623298168182373,0.01332855224609375,0.3788994550704956,
537,0.6203005909919739,0.026275634765625,0.6255572438240051,
538,0.6839690208435059,0.030670166015625,0.6901030540466309,
539,1.0971088409423828,0.03118896484375,1.1033458709716797,
540,0.46102282404899597,0.0233001708984375,0.4656843841075897,
541,0.7677628993988037,0.0252685546875,0.7728173732757568,
542,0.6981956958770752,0.0204925537109375,0.7022926807403564,
543,0.6224234104156494,0.0218048095703125,0.6267836093902588,
544,0.3483860194683075,0.0190887451171875,0.3522045314311981,
545,0.5888093113899231,0.0281219482421875,0.5944321751594543,
546,0.7222884297370911,0.0236358642578125,0.7270148396492004,
547,0.7199747562408447,0.028472900390625,0.7256700992584229,
548,0.8611561059951782,0.035614013671875,0.8682781457901001,
549,0.49787279963493347,0.01444244384765625,0.500760555267334,
550,0.4122157096862793,0.0189971923828125,0.4160151481628418,
551,0.5585156083106995,0.020172119140625,0.5625515580177307,
552,0.4824543297290802,0.0247955322265625,0.4874134361743927,
553,0.7365304231643677,0.0295867919921875,0.742447018623352,
554,0.802851140499115,0.0396728515625,0.810785710811615,
555,0.41843181848526,0.0171356201171875,0.4218593239784241,
556,0.3922345042228699,0.01526641845703125,0.3952881693840027,
557,0.6315804123878479,0.0170745849609375,0.6349945664405823,
558,0.8481414914131165,0.0166778564453125,0.8514774441719055,
559,0.29499316215515137,0.01435089111328125,0.2978637218475342,
560,0.7212908864021301,0.0198974609375,0.725269615650177,
561,0.6281774640083313,0.020660400390625,0.6323087811470032,
562,1.2745180130004883,0.0423583984375,1.2829866409301758,
563,0.9431469440460205,0.023345947265625,0.9478161334991455,
564,0.6744493842124939,0.021881103515625,0.6788248419761658,
565,0.6547988653182983,0.019927978515625,0.6587852239608765,
566,0.7735844254493713,0.0222930908203125,0.778043806552887,
567,0.48602527379989624,0.01392364501953125,0.4888100028038025,
568,0.7243280410766602,0.0254974365234375,0.7294282913208008,
569,0.695590078830719,0.018280029296875,0.6992464661598206,
570,0.8742309808731079,0.027191162109375,0.8796707391738892,
571,0.6768862009048462,0.01824951171875,0.6805368661880493,
572,0.9738799333572388,0.0275421142578125,0.9793883562088013,
573,1.0373202562332153,0.035400390625,1.0444003343582153,
574,0.7554843425750732,0.030914306640625,0.7616679668426514,
575,0.5270464420318604,0.02044677734375,0.5311357975006104,
576,1.087156057357788,0.0312042236328125,1.0933969020843506,
577,0.9476621747016907,0.0286712646484375,0.953395664691925,
578,0.8118011355400085,0.033477783203125,0.8184959292411804,
579,0.7654986381530762,0.029998779296875,0.7714991569519043,
580,0.8742817640304565,0.02886962890625,0.8800572156906128,
581,0.7181982398033142,0.03509521484375,0.7252172827720642,
582,0.8859288096427917,0.033721923828125,0.8926731944084167,
583,0.6806990504264832,0.031005859375,0.6869017481803894,
584,0.4661521315574646,0.015777587890625,0.4693068861961365,
585,1.1925338506698608,0.032928466796875,1.1991180181503296,
586,0.5970378518104553,0.0238800048828125,0.6018138527870178,
587,0.32779034972190857,0.0201568603515625,0.3318224847316742,
588,0.7084468007087708,0.0223236083984375,0.712909996509552,
589,0.769209086894989,0.0200042724609375,0.7732107043266296,
590,0.8559677004814148,0.0221405029296875,0.8603965640068054,
591,0.8807680606842041,0.0255889892578125,0.8858873844146729,
592,0.9092010259628296,0.0251007080078125,0.9142211675643921,
593,0.738731861114502,0.0286102294921875,0.7444539070129395,
594,0.8167356252670288,0.027496337890625,0.8222364187240601,
595,1.015968918800354,0.0231781005859375,1.0206037759780884,
596,0.8398939967155457,0.022613525390625,0.8444182276725769,
597,0.6718328595161438,0.025482177734375,0.6769292950630188,
598,0.8374362587928772,0.036376953125,0.8447108864784241,
599,0.7750619053840637,0.0255126953125,0.78016597032547,
600,0.9524896740913391,0.023895263671875,0.9572694897651672,
601,0.5111615061759949,0.0239410400390625,0.5159489512443542,
602,0.6713826656341553,0.019378662109375,0.6752583980560303,
603,0.9480714201927185,0.0214996337890625,0.9523705840110779,
604,0.43894970417022705,0.0236053466796875,0.4436722993850708,
605,0.8487880825996399,0.028350830078125,0.8544567227363586,
606,0.6788375973701477,0.02532958984375,0.6839035153388977,
607,0.775883138179779,0.01861572265625,0.779606282711029,
608,0.5624563097953796,0.0208740234375,0.5666295886039734,
609,1.2128007411956787,0.032440185546875,1.2192895412445068,
610,0.33787232637405396,0.012237548828125,0.3403194546699524,
611,0.7051188349723816,0.0255279541015625,0.7102228999137878,
612,0.4693031311035156,0.0211334228515625,0.4735298156738281,
613,0.5405343770980835,0.01430511474609375,0.5433954000473022,
614,0.3306504487991333,0.0156402587890625,0.3337785005569458,
615,0.5794867277145386,0.0242919921875,0.5843466520309448,
616,0.7448063492774963,0.0217437744140625,0.7491551041603088,
617,1.344024658203125,0.027130126953125,1.3494491577148438,
618,0.7824302315711975,0.0253753662109375,0.7875037789344788,
619,0.513633668422699,0.0236968994140625,0.5183715224266052,
620,0.3545379638671875,0.0176544189453125,0.35806846618652344,
621,0.9586654305458069,0.032562255859375,0.9651771187782288,
622,0.5203460454940796,0.0150146484375,0.5233482122421265,
623,0.5864615440368652,0.01849365234375,0.5901598930358887,
624,0.5803049206733704,0.0215301513671875,0.584611713886261,
625,0.4381211996078491,0.0174560546875,0.441611647605896,
626,0.6171106100082397,0.02288818359375,0.6216882467269897,
627,0.6084529161453247,0.0200958251953125,0.6124736070632935,
628,0.764985203742981,0.0267333984375,0.7703334093093872,
629,0.9130573868751526,0.0249176025390625,0.9180393815040588,
630,0.47625669836997986,0.0192718505859375,0.4801114499568939,
631,0.8381935358047485,0.0249176025390625,0.8431755304336548,
632,0.5183607935905457,0.020751953125,0.5225111842155457,
633,0.49764949083328247,0.0244598388671875,0.5025399327278137,
634,0.3356560468673706,0.0178680419921875,0.33923041820526123,
635,0.6689019203186035,0.033477783203125,0.6755967140197754,
636,0.8160400390625,0.024261474609375,0.820892333984375,
637,0.7637617588043213,0.0185546875,0.7674734592437744,
638,0.41508108377456665,0.0181884765625,0.4187183976173401,
639,0.5810149908065796,0.0157623291015625,0.5841678380966187,
640,0.5883697271347046,0.016357421875,0.591640830039978,
641,0.9972859025001526,0.0268707275390625,1.0026607513427734,
642,0.718882143497467,0.025543212890625,0.7239900231361389,
643,0.7088619470596313,0.0171356201171875,0.7122894525527954,
644,0.45857587456703186,0.021575927734375,0.46289029717445374,
645,0.5391162633895874,0.0166015625,0.542436957359314,
646,0.9458237886428833,0.033111572265625,0.9524461030960083,
647,0.4112551510334015,0.0166473388671875,0.4145853817462921,
648,1.0875463485717773,0.0288848876953125,1.0933218002319336,
649,0.699514627456665,0.0271148681640625,0.7049391269683838,
650,0.568842887878418,0.022430419921875,0.573328971862793,
651,0.33797305822372437,0.0220489501953125,0.34238284826278687,
652,0.47489672899246216,0.0207061767578125,0.4790394902229309,
653,0.5932844877243042,0.0194549560546875,0.5971754789352417,
654,0.8230097889900208,0.0211181640625,0.8272326588630676,
655,0.7253603339195251,0.02008056640625,0.7293772101402283,
656,1.2292412519454956,0.0253753662109375,1.2343147993087769,
657,0.6848154664039612,0.0220794677734375,0.6892328858375549,
658,0.59597247838974,0.021942138671875,0.6003593802452087,
659,0.650768518447876,0.0199127197265625,0.6547510623931885,
660,0.9261428713798523,0.0224151611328125,0.9306251406669617,
661,0.5336809754371643,0.0229034423828125,0.5382624268531799,
662,0.7088964581489563,0.029693603515625,0.7148359417915344,
663,0.5526407957077026,0.0165252685546875,0.5559462308883667,
664,0.8316383957862854,0.021942138671875,0.8360252976417542,
665,0.8804627060890198,0.0266876220703125,0.8857994675636292,
666,0.5720606446266174,0.0175323486328125,0.5755663514137268,
667,0.6443772315979004,0.0200653076171875,0.6483902931213379,
668,0.6910145282745361,0.019195556640625,0.6948540210723877,
669,0.6937058568000793,0.021087646484375,0.6979249119758606,
670,0.38824546337127686,0.019866943359375,0.3922203779220581,
671,0.5618652105331421,0.0208740234375,0.5660384893417358,
672,0.3561800420284271,0.0125732421875,0.358693927526474,
673,0.4993601143360138,0.0220947265625,0.5037775039672852,
674,0.3486865162849426,0.01242828369140625,0.3511717915534973,
675,0.843576967716217,0.0213165283203125,0.8478417992591858,
676,0.5033366680145264,0.0207672119140625,0.507490873336792,
677,0.3549654483795166,0.011138916015625,0.3571932315826416,
678,0.5680615901947021,0.015594482421875,0.5711801052093506,
679,1.002915382385254,0.023468017578125,1.0076074600219727,
680,0.5693076848983765,0.0199127197265625,0.573290228843689,
681,0.8090569376945496,0.0269775390625,0.8144509196281433,
682,0.3305291533470154,0.0147857666015625,0.33348554372787476,
683,0.6433075070381165,0.0225982666015625,0.6478279232978821,
684,0.528357744216919,0.021331787109375,0.5326225757598877,
685,0.6792871356010437,0.023773193359375,0.6840402483940125,
686,0.7096167802810669,0.0276336669921875,0.7151442766189575,
687,0.3549928069114685,0.0170135498046875,0.358395516872406,
688,0.6292194724082947,0.01812744140625,0.6328453421592712,
689,0.43296507000923157,0.0259552001953125,0.4381568729877472,
690,0.8504970669746399,0.02703857421875,0.8559063076972961,
691,1.6429119110107422,0.037811279296875,1.650472640991211,
692,0.7156197428703308,0.0183258056640625,0.7192856669425964,
693,0.7189247608184814,0.026702880859375,0.7242653369903564,
694,0.7695165276527405,0.0305328369140625,0.7756238579750061,
695,0.37242233753204346,0.0170135498046875,0.37582504749298096,
696,0.6877798438072205,0.0228729248046875,0.6923536658287048,
697,1.1471670866012573,0.03070068359375,1.1533087491989136,
698,0.8048018217086792,0.0232086181640625,0.8094443082809448,
699,0.7429429292678833,0.02081298828125,0.7471047639846802,
700,0.49878382682800293,0.02105712890625,0.5029952526092529,
701,0.3337913751602173,0.0159912109375,0.33698999881744385,
702,0.43237820267677307,0.0168609619140625,0.43575039505958557,
703,0.5857263207435608,0.02001953125,0.589731752872467,
704,0.8749157190322876,0.0283050537109375,0.8805767297744751,
705,0.537921130657196,0.023162841796875,0.5425521731376648,
706,0.7561845183372498,0.0236968994140625,0.760922372341156,
707,0.44701826572418213,0.016143798828125,0.4502474069595337,
708,0.6250555515289307,0.0242156982421875,0.6299002170562744,
709,1.024685025215149,0.0274505615234375,1.0301743745803833,
710,0.5123932957649231,0.0186004638671875,0.5161126255989075,
711,0.7429941892623901,0.0229949951171875,0.7475947141647339,
712,0.7184270024299622,0.0200042724609375,0.7224286198616028,
713,0.9631203413009644,0.0281219482421875,0.9687432050704956,
714,0.47022998332977295,0.0214691162109375,0.4745253324508667,
715,0.5972489714622498,0.0306243896484375,0.6033753752708435,
716,0.8784024715423584,0.0281982421875,0.8840405941009521,
717,0.5352616310119629,0.0190887451171875,0.5390801429748535,
718,0.8956252336502075,0.0247039794921875,0.9005652666091919,
719,0.7685849666595459,0.02447509765625,0.7734792232513428,
720,0.3721383810043335,0.01422882080078125,0.37498414516448975,
721,0.823299765586853,0.0215606689453125,0.8276103734970093,
722,1.017858862876892,0.027923583984375,1.023443579673767,
723,0.6648797988891602,0.0231170654296875,0.6695032119750977,
724,0.48709994554519653,0.0108184814453125,0.4892628788948059,
725,1.0888961553573608,0.02392578125,1.0936797857284546,
726,0.7327470183372498,0.0257568359375,0.7378968596458435,
727,0.793757975101471,0.020294189453125,0.797816812992096,
728,0.9484723210334778,0.0186767578125,0.9522069096565247,
729,0.7741672992706299,0.0204925537109375,0.7782642841339111,
730,0.6663908958435059,0.0190582275390625,0.6702017784118652,
731,0.4902496635913849,0.0178985595703125,0.49382975697517395,
732,0.3989487290382385,0.0150604248046875,0.40196043252944946,
733,0.9650262594223022,0.024200439453125,0.9698671102523804,
734,0.6094043254852295,0.0205078125,0.6135051250457764,
735,0.5932212471961975,0.0181884765625,0.596858561038971,
736,0.7077593207359314,0.01947021484375,0.7116541266441345,
737,0.5071162581443787,0.014739990234375,0.5100650191307068,
738,0.6912527084350586,0.0167388916015625,0.6946001052856445,
739,1.0145611763000488,0.0289306640625,1.020348072052002,
740,0.6481525301933289,0.020965576171875,0.6523448824882507,
741,0.720723569393158,0.0165557861328125,0.7240347266197205,
742,0.35650113224983215,0.014129638671875,0.3593278229236603,
743,0.8362698554992676,0.031341552734375,0.8425374031066895,
744,0.6700379848480225,0.022735595703125,0.6745851039886475,
745,0.7391089200973511,0.0291595458984375,0.7449415922164917,
746,0.7183157801628113,0.0206146240234375,0.7224394679069519,
747,0.4044768214225769,0.0183868408203125,0.4081541895866394,
748,0.4738931953907013,0.01507568359375,0.47690871357917786,
749,0.5138168334960938,0.0173492431640625,0.5172863006591797,
750,0.6378571391105652,0.01751708984375,0.6413609385490417,
751,0.6527819037437439,0.019195556640625,0.6566213965415955,
752,0.4124109745025635,0.0188446044921875,0.416179895401001,
753,0.6181280016899109,0.019927978515625,0.622114360332489,
754,0.512310802936554,0.014984130859375,0.5153072476387024,
755,0.4501991271972656,0.015594482421875,0.45331764221191406,
756,0.8838698863983154,0.0238037109375,0.8886306285858154,
757,0.950571596622467,0.0271453857421875,0.9559999108314514,
758,0.979522705078125,0.026275634765625,0.9847793579101562,
759,0.8738080859184265,0.0328369140625,0.8803769946098328,
760,0.5081292986869812,0.02313232421875,0.5127565264701843,
761,0.4499861001968384,0.0175933837890625,0.45350515842437744,
762,0.3492860198020935,0.01666259765625,0.35261815786361694,
763,0.372820109128952,0.0169677734375,0.37621328234672546,
764,0.38596653938293457,0.017425537109375,0.389451265335083,
765,0.8637493848800659,0.0283660888671875,0.8694218397140503,
766,0.3917359709739685,0.01360321044921875,0.39445585012435913,
767,0.889239490032196,0.0212554931640625,0.8934890627861023,
768,0.7397416830062866,0.019317626953125,0.7436059713363647,
769,0.7767542004585266,0.0222320556640625,0.7812021374702454,
770,0.36991044878959656,0.0125579833984375,0.3724224269390106,
771,0.6611330509185791,0.01457977294921875,0.6640493869781494,
772,0.547686755657196,0.0167236328125,0.5510322451591492,
773,1.1432794332504272,0.020477294921875,1.1473764181137085,
774,0.8761791586875916,0.0238189697265625,0.8809437155723572,
775,0.4661681354045868,0.0157470703125,0.46931716799736023,
776,0.6222386360168457,0.017852783203125,0.6258091926574707,
777,0.6759025454521179,0.0177001953125,0.6794425845146179,
778,0.5453721880912781,0.0168609619140625,0.5487443804740906,
779,0.463369756937027,0.01499176025390625,0.4663681089878082,
780,0.5151656866073608,0.0164794921875,0.5184615850448608,
781,0.8271404504776001,0.019134521484375,0.830966591835022,
782,0.9842118620872498,0.0216522216796875,0.9885415434837341,
783,0.33173668384552,0.0122833251953125,0.3341933488845825,
784,0.4958321750164032,0.01568603515625,0.49896976351737976,
785,0.508624792098999,0.0123748779296875,0.5111005306243896,
786,0.6687986254692078,0.0191497802734375,0.6726285815238953,
787,0.8430598974227905,0.026275634765625,0.8483165502548218,
788,0.5730412602424622,0.01434326171875,0.5759099125862122,
789,1.0764726400375366,0.026458740234375,1.0817636251449585,
790,0.4517132639884949,0.0161895751953125,0.4549519419670105,
791,0.8581017851829529,0.0273590087890625,0.8635720610618591,
792,0.4111863970756531,0.01395416259765625,0.41397684812545776,
793,0.40723371505737305,0.0173492431640625,0.410703182220459,
794,0.9564666748046875,0.0242156982421875,0.9613113403320312,
795,1.011400580406189,0.0279541015625,1.0169929265975952,
796,0.5117851495742798,0.0255279541015625,0.516889214515686,
797,0.7460014820098877,0.0256195068359375,0.7511246204376221,
798,0.745246171951294,0.023040771484375,0.749854326248169,
799,0.6910464763641357,0.0289154052734375,0.6968295574188232,
800,0.7289474010467529,0.0281829833984375,0.7345855236053467,
801,0.585461437702179,0.0257720947265625,0.5906150937080383,
802,0.5699518322944641,0.021392822265625,0.5742319226264954,
803,0.669864296913147,0.021697998046875,0.6742054224014282,
804,0.5075809955596924,0.0148162841796875,0.510545015335083,
805,0.5206477046012878,0.01532745361328125,0.5237128138542175,
806,1.050653338432312,0.0234375,1.0553416013717651,
807,0.7671875357627869,0.022369384765625,0.771662175655365,
808,0.5853586196899414,0.017242431640625,0.5888071060180664,
809,0.6841294765472412,0.0156402587890625,0.6872575283050537,
810,0.542561948299408,0.0215911865234375,0.5468801856040955,
811,0.7220262289047241,0.0170745849609375,0.7254403829574585,
812,0.5078728199005127,0.0174407958984375,0.5113613605499268,
813,0.3588058352470398,0.01551055908203125,0.3619071841239929,
814,0.7740473747253418,0.0161895751953125,0.7772860527038574,
815,0.3371225893497467,0.01177215576171875,0.33947625756263733,
816,0.774696946144104,0.0167388916015625,0.7780443429946899,
817,0.7897997498512268,0.02001953125,0.7938051819801331,
818,0.7197048664093018,0.0149383544921875,0.7226917743682861,
819,0.6174325346946716,0.0202484130859375,0.6214837431907654,
820,0.3951587975025177,0.01137542724609375,0.397434264421463,
821,0.5269850492477417,0.0194854736328125,0.5308817625045776,
822,0.4092778265476227,0.0106201171875,0.4114026129245758,
823,0.7053870558738708,0.0260162353515625,0.7105903029441833,
824,0.3321324288845062,0.0110321044921875,0.3343392312526703,
825,0.5726288557052612,0.01922607421875,0.5764740705490112,
826,0.35260069370269775,0.01029205322265625,0.35465872287750244,
827,0.8271294236183167,0.0195159912109375,0.831031858921051,
828,0.3874261975288391,0.011474609375,0.38972073793411255,
829,0.6295253038406372,0.0215301513671875,0.6338320970535278,
830,0.370402991771698,0.018035888671875,0.37400978803634644,
831,0.6497542262077332,0.01369476318359375,0.6524931788444519,
832,0.3020268976688385,0.0166168212890625,0.3053494989871979,
833,0.35796427726745605,0.01316070556640625,0.3605964183807373,
834,0.6472769975662231,0.0192718505859375,0.6511317491531372,
835,1.137934923171997,0.0288848876953125,1.1437103748321533,
836,0.7326116561889648,0.0268096923828125,0.7379751205444336,
837,0.7827042937278748,0.019439697265625,0.7865914702415466,
838,1.2348240613937378,0.02569580078125,1.2399624586105347,
839,0.5465558767318726,0.018768310546875,0.5503095388412476,
840,0.6477646827697754,0.0158843994140625,0.650942325592041,
841,0.9377899765968323,0.0308380126953125,0.9439583420753479,
842,0.7755186557769775,0.02099609375,0.7797186374664307,
843,0.8415142297744751,0.0242462158203125,0.8463627099990845,
844,0.47738924622535706,0.023040771484375,0.48199740052223206,
845,0.8051045536994934,0.0177154541015625,0.808648407459259,
846,0.8775874972343445,0.0204010009765625,0.8816692233085632,
847,0.6706977486610413,0.022186279296875,0.6751342415809631,
848,0.7613434791564941,0.02203369140625,0.765749454498291,
849,0.5990971326828003,0.0175628662109375,0.6026104688644409,
850,0.6216174960136414,0.023162841796875,0.6262485384941101,
851,0.4735289216041565,0.01401519775390625,0.47633272409439087,
852,0.5472588539123535,0.01776123046875,0.5508103370666504,
853,0.6891214847564697,0.0209197998046875,0.6933062076568604,
854,0.6021195650100708,0.0185546875,0.6058312654495239,
855,0.3801478147506714,0.01201629638671875,0.38255107402801514,
856,0.5456050634384155,0.0169830322265625,0.5490020513534546,
857,0.45123302936553955,0.0141754150390625,0.4540673494338989,
858,0.515667200088501,0.0164642333984375,0.5189592838287354,
859,0.8079211711883545,0.0226287841796875,0.8124454021453857,
860,0.5731725096702576,0.0189361572265625,0.5769605040550232,
861,1.1395007371902466,0.0227813720703125,1.1440554857254028,
862,0.8743764758110046,0.021575927734375,0.8786908984184265,
863,1.3441523313522339,0.02447509765625,1.3490465879440308,
864,0.822324812412262,0.0178985595703125,0.825904905796051,
865,0.6404278874397278,0.018951416015625,0.6442177891731262,
866,0.3016930818557739,0.0200042724609375,0.30569469928741455,
867,1.161920189857483,0.032470703125,1.1684128046035767,
868,0.5599237680435181,0.0209503173828125,0.5641123056411743,
869,0.8313639760017395,0.031280517578125,0.8376200795173645,
870,0.37519705295562744,0.0191650390625,0.37903082370758057,
871,0.5944220423698425,0.0226287841796875,0.5989462733268738,
872,1.9479858875274658,0.039886474609375,1.9559662342071533,
873,0.4840482175350189,0.020904541015625,0.4882291257381439,
874,0.6557250022888184,0.0303802490234375,0.661801815032959,
875,0.47236722707748413,0.02532958984375,0.47743314504623413,
876,0.914065420627594,0.0224761962890625,0.9185591340065002,
877,0.7013888955116272,0.027374267578125,0.7068629860877991,
878,0.5401591658592224,0.022125244140625,0.5445842146873474,
879,0.3984391987323761,0.0201416015625,0.4024675190448761,
880,0.6730276942253113,0.017608642578125,0.6765486598014832,
881,0.9550668001174927,0.026275634765625,0.9603234529495239,
882,0.5495765209197998,0.0211181640625,0.5537993907928467,
883,0.7001290917396545,0.01800537109375,0.7037301659584045,
884,0.4150770306587219,0.0238189697265625,0.41984158754348755,
885,0.49543359875679016,0.0164794921875,0.49872949719429016,
886,0.7133530974388123,0.018035888671875,0.7169598937034607,
887,0.909339189529419,0.0216217041015625,0.9136650562286377,
888,0.8023170828819275,0.01800537109375,0.8059181571006775,
889,0.7676995992660522,0.0206756591796875,0.7718347311019897,
890,0.6728901267051697,0.0219879150390625,0.6772884726524353,
891,0.7887995839118958,0.016754150390625,0.7921507954597473,
892,0.5071151852607727,0.01277923583984375,0.5096710324287415,
893,1.272343397140503,0.0307769775390625,1.2785003185272217,
894,0.5325242877006531,0.01397705078125,0.5353204607963562,
895,0.48050156235694885,0.01494598388671875,0.48349037766456604,
896,0.7178817987442017,0.026031494140625,0.7230888605117798,
897,0.5621193647384644,0.0208740234375,0.5662926435470581,
898,0.8661826848983765,0.0236663818359375,0.8709167242050171,
899,0.569729745388031,0.018035888671875,0.5733365416526794,
900,0.4478638172149658,0.0110015869140625,0.45006489753723145,
901,0.4578518569469452,0.013519287109375,0.4605564773082733,
902,0.7714283466339111,0.01953125,0.7753345966339111,
903,0.4443846046924591,0.01465606689453125,0.4473161995410919,
904,0.7946491837501526,0.018218994140625,0.7982922196388245,
905,0.6582439541816711,0.0184783935546875,0.6619403958320618,
906,0.7907680869102478,0.0214691162109375,0.7950634360313416,
907,1.045149564743042,0.0205535888671875,1.0492618083953857,
908,0.8201475143432617,0.0186614990234375,0.8238801956176758,
909,0.783889651298523,0.0184326171875,0.7875765562057495,
910,0.43829435110092163,0.017425537109375,0.44177907705307007,
911,0.4666758179664612,0.0158538818359375,0.46984583139419556,
912,0.8723191618919373,0.0203857421875,0.8763970732688904,
913,1.1656155586242676,0.0258331298828125,1.1707806587219238,
914,0.3220718502998352,0.00994873046875,0.32406121492385864,
915,0.4726524353027344,0.01161956787109375,0.4749755859375,
916,0.7592560648918152,0.0175933837890625,0.7627751231193542,
917,0.6433037519454956,0.01776123046875,0.6468552350997925,
918,0.604668378829956,0.0196075439453125,0.6085898876190186,
919,0.44540780782699585,0.0135498046875,0.4481181502342224,
920,0.9496098160743713,0.01873779296875,0.9533577561378479,
921,0.6984850764274597,0.018035888671875,0.7020918726921082,
922,0.822201132774353,0.022216796875,0.8266452550888062,
923,0.644240140914917,0.014984130859375,0.6472365856170654,
924,0.5487241744995117,0.0149688720703125,0.5517187118530273,
925,0.4963512718677521,0.01959228515625,0.5002689361572266,
926,0.7819677591323853,0.020111083984375,0.785988450050354,
927,0.646959125995636,0.019561767578125,0.6508730053901672,
928,1.1452733278274536,0.0335693359375,1.1519871950149536,
929,0.32354992628097534,0.01256561279296875,0.3260638117790222,
930,0.7770718932151794,0.0201416015625,0.7811002135276794,
931,0.3552536070346832,0.01328277587890625,0.35791054368019104,
932,0.5709683299064636,0.0207672119140625,0.5751225352287292,
933,0.626241147518158,0.0215606689453125,0.6305517554283142,
934,0.6490752696990967,0.02081298828125,0.6532371044158936,
935,1.1416478157043457,0.029083251953125,1.1474652290344238,
936,0.7639883160591125,0.0202484130859375,0.7680395245552063,
937,1.2024177312850952,0.0254058837890625,1.2074989080429077,
938,0.844559371471405,0.0221099853515625,0.8489806056022644,
939,0.7868952751159668,0.0219879150390625,0.7912936210632324,
940,0.5584101676940918,0.015960693359375,0.5616030693054199,
941,0.6534408330917358,0.019317626953125,0.657305121421814,
942,0.5128682255744934,0.01399993896484375,0.5156682133674622,
943,0.3709215521812439,0.01242828369140625,0.3734068274497986,
944,0.866235077381134,0.018798828125,0.8699944615364075,
945,0.6362199187278748,0.0171051025390625,0.6396417021751404,
946,0.9269576668739319,0.0304107666015625,0.9330382943153381,
947,0.40864256024360657,0.0162506103515625,0.41189268231391907,
948,0.7757661938667297,0.0243072509765625,0.780626118183136,
949,0.4886924624443054,0.01297760009765625,0.49128836393356323,
950,0.5361486673355103,0.0181121826171875,0.5397707223892212,
951,0.512420654296875,0.0152587890625,0.515472412109375,
952,1.0790419578552246,0.021697998046875,1.0833830833435059,
953,0.5494704246520996,0.01690673828125,0.5528521537780762,
954,0.9531988501548767,0.0228729248046875,0.9577726721763611,
955,0.9308546781539917,0.0210113525390625,0.9350584745407104,
956,0.39828768372535706,0.016845703125,0.40165606141090393,
957,0.7528588175773621,0.015167236328125,0.7558915019035339,
958,0.6555591225624084,0.016754150390625,0.65891033411026,
959,0.48733261227607727,0.01554107666015625,0.49044159054756165,
960,0.7614008784294128,0.019927978515625,0.765387237071991,
961,0.31129980087280273,0.01334381103515625,0.3139681816101074,
962,0.9685558676719666,0.023773193359375,0.9733089804649353,
963,0.9384930729866028,0.019744873046875,0.9424412846565247,
964,1.0237553119659424,0.0222015380859375,1.0281956195831299,
965,0.8954225778579712,0.0180816650390625,0.8990389108657837,
966,0.4519061744213104,0.0124053955078125,0.4543876349925995,
967,0.5541448593139648,0.02191162109375,0.558527946472168,
968,0.9045324921607971,0.0267181396484375,0.9098768830299377,
969,0.9006716012954712,0.0242156982421875,0.9055162668228149,
970,0.8934754729270935,0.0223846435546875,0.8979539275169373,
971,0.5754683017730713,0.0196533203125,0.579397439956665,
972,1.2136584520339966,0.025390625,1.2187358140945435,
973,0.6073238849639893,0.024566650390625,0.6122372150421143,
974,0.3995878994464874,0.01372528076171875,0.4023325741291046,
975,0.9674071073532104,0.0237884521484375,0.9721640348434448,
976,1.3736592531204224,0.021087646484375,1.3778783082962036,
977,0.9665367603302002,0.0226593017578125,0.9710686206817627,
978,0.9877545237541199,0.0275421142578125,0.9932629466056824,
979,0.4380074143409729,0.01461029052734375,0.44092947244644165,
980,0.7648932933807373,0.0216217041015625,0.769219160079956,
981,1.3269784450531006,0.02935791015625,1.3328492641448975,
982,0.869205892086029,0.0185394287109375,0.8729137778282166,
983,0.29914993047714233,0.0110931396484375,0.30136817693710327,
984,0.6409888863563538,0.0177001953125,0.6445289254188538,
985,0.38458052277565,0.01071929931640625,0.3867243826389313,
986,0.5793169140815735,0.015411376953125,0.5823991894721985,
987,0.8704706430435181,0.024810791015625,0.8754335641860962,
988,0.8322139978408813,0.0174102783203125,0.835696816444397,
989,0.7821250557899475,0.025848388671875,0.7872939705848694,
990,0.7983658313751221,0.018707275390625,0.8021080493927002,
991,0.4376155436038971,0.0138397216796875,0.44038310647010803,
992,0.39818572998046875,0.01317596435546875,0.4008216857910156,
993,0.5395912528038025,0.018280029296875,0.543247640132904,
994,0.5752678513526917,0.0173797607421875,0.578743040561676,
995,1.4050300121307373,0.018768310546875,1.4087836742401123,
996,0.6143276691436768,0.018768310546875,0.6180813312530518,
997,0.6721056699752808,0.0174713134765625,0.6755999326705933,
998,0.6696112751960754,0.0168304443359375,0.6729777455329895,
999,0.3682156801223755,0.0137481689453125,0.3709660768508911,
1000,0.42215660214424133,0.015655517578125,0.42528846859931946,54.58015267175573
1001,0.4757615923881531,0.0125885009765625,0.4782792925834656,
1002,0.8655391931533813,0.02099609375,0.8697391748428345,
1003,0.45852169394493103,0.0111846923828125,0.4607590138912201,
1004,0.9371108412742615,0.0185089111328125,0.9408130049705505,
1005,0.5307134985923767,0.013275146484375,0.5333685278892517,
1006,0.47989416122436523,0.01381683349609375,0.48265790939331055,
1007,0.38139432668685913,0.0110321044921875,0.3836011290550232,
1008,0.3061365783214569,0.00899505615234375,0.3079352080821991,
1009,0.4541827142238617,0.0148468017578125,0.45715245604515076,
1010,0.5587158203125,0.01312255859375,0.56134033203125,
1011,1.0607759952545166,0.023162841796875,1.0654070377349854,
1012,0.6366092562675476,0.018829345703125,0.6403743624687195,
1013,0.7840538620948792,0.0202484130859375,0.7881050705909729,
1014,0.36016756296157837,0.011932373046875,0.3625536561012268,
1015,0.35467323660850525,0.0105133056640625,0.3567751348018646,
1016,0.41290539503097534,0.01395416259765625,0.41569584608078003,
1017,0.7469313144683838,0.01580810546875,0.7500936985015869,
1018,0.6081703305244446,0.0235137939453125,0.6128738522529602,
1019,0.8081477880477905,0.0141143798828125,0.810970664024353,
1020,0.5491121411323547,0.0216217041015625,0.5534380078315735,
1021,0.7120378017425537,0.0222625732421875,0.7164895534515381,
1022,0.7685281038284302,0.0196533203125,0.7724572420120239,
1023,0.5560833811759949,0.021484375,0.5603787302970886,
1024,0.7084669470787048,0.0203704833984375,0.7125410437583923,
1025,0.8475309014320374,0.0243377685546875,0.8523984551429749,
1026,0.3067827820777893,0.01385498046875,0.30955415964126587,
1027,0.610421359539032,0.0151824951171875,0.6134578585624695,
1028,0.3898687958717346,0.015960693359375,0.39306169748306274,
1029,0.7039313912391663,0.0231475830078125,0.708562433719635,
1030,0.5156772136688232,0.0203094482421875,0.5197398662567139,
1031,0.7362483739852905,0.018310546875,0.7399104833602905,
1032,0.6816977858543396,0.0193328857421875,0.6855639815330505,
1033,0.8906238079071045,0.0178375244140625,0.8941905498504639,
1034,0.5839279294013977,0.0215911865234375,0.5882461667060852,
1035,0.6952528953552246,0.0137481689453125,0.6980032920837402,
1036,0.9232798218727112,0.0223388671875,0.9277468323707581,
1037,0.4798140227794647,0.01490020751953125,0.48279330134391785,
1038,0.5323216915130615,0.0174102783203125,0.5358045101165771,
1039,0.499722421169281,0.0158233642578125,0.5028867125511169,
1040,1.0035415887832642,0.0272216796875,1.008985161781311,
1041,0.5037278532981873,0.017120361328125,0.5071515440940857,
1042,0.6766139268875122,0.0166168212890625,0.6799365282058716,
1043,0.6366381049156189,0.0163421630859375,0.6399073004722595,
1044,0.4492463171482086,0.01494598388671875,0.4522351324558258,
1045,0.6197003126144409,0.01849365234375,0.6233986616134644,
1046,0.5774996876716614,0.017059326171875,0.5809119343757629,
1047,1.3134087324142456,0.031829833984375,1.3197754621505737,
1048,0.9268453121185303,0.0193023681640625,0.9307057857513428,
1049,0.3868494927883148,0.0156707763671875,0.38998326659202576,
1050,0.6463921070098877,0.0174560546875,0.6498825550079346,
1051,0.8495901226997375,0.0196990966796875,0.8535307049751282,
1052,0.820355236530304,0.0192108154296875,0.8241966366767883,
1053,0.6000240445137024,0.0165252685546875,0.6033294796943665,
1054,0.45681625604629517,0.0168304443359375,0.46018272638320923,
1055,0.8729684948921204,0.019744873046875,0.8769167065620422,
1056,0.798154354095459,0.020050048828125,0.8021636009216309,
1057,0.6672736406326294,0.0158233642578125,0.6704379320144653,
1058,0.7750262022018433,0.01505279541015625,0.7780359983444214,
1059,0.564102053642273,0.0229949951171875,0.5687025785446167,
1060,0.30638739466667175,0.0225677490234375,0.31090018153190613,
1061,0.6214287877082825,0.014495849609375,0.6243279576301575,
1062,0.5235157608985901,0.015594482421875,0.5266342759132385,
1063,0.5999751687049866,0.0146331787109375,0.602901041507721,
1064,0.7531407475471497,0.018585205078125,0.7568581700325012,
1065,1.0744011402130127,0.0203857421875,1.0784790515899658,
1066,1.2306897640228271,0.0200653076171875,1.2347028255462646,
1067,0.596856415271759,0.01525115966796875,0.5999062657356262,
1068,0.6343752145767212,0.0132904052734375,0.6370340585708618,
1069,0.5591285228729248,0.020263671875,0.5631797313690186,
1070,0.41468149423599243,0.0112457275390625,0.41693025827407837,
1071,0.44098329544067383,0.016357421875,0.44425439834594727,
1072,0.5888211727142334,0.01312255859375,0.5914456844329834,
1073,0.8411786556243896,0.0189666748046875,0.8449723720550537,
1074,0.9854075312614441,0.020782470703125,0.9895655512809753,
1075,0.8871316909790039,0.0236663818359375,0.8918657302856445,
1076,0.6471647024154663,0.0196685791015625,0.6510976552963257,
1077,1.1510118246078491,0.0257415771484375,1.1561616659164429,
1078,0.7270171046257019,0.02691650390625,0.7323996424674988,
1079,0.6662718057632446,0.01800537109375,0.6698728799819946,
1080,0.6833890676498413,0.0203857421875,0.6874669790267944,
1081,0.9694117307662964,0.027374267578125,0.9748858213424683,
1082,0.7126614451408386,0.0161895751953125,0.7159001231193542,
1083,0.4541471004486084,0.0157623291015625,0.45729994773864746,
1084,0.5260401964187622,0.015716552734375,0.5291835069656372,
1085,0.3427664041519165,0.015594482421875,0.34588491916656494,
1086,1.2529572248458862,0.0235595703125,1.257668375968933,
1087,1.0282154083251953,0.02154541015625,1.0325260162353516,
1088,0.6800326108932495,0.0202789306640625,0.6840876340866089,
1089,0.810925304889679,0.0196685791015625,0.8148582577705383,
1090,0.8974487781524658,0.0179290771484375,0.9010345935821533,
1091,0.8640344738960266,0.01800537109375,0.8676355481147766,
1092,0.5646121501922607,0.0141754150390625,0.5674464702606201,
1093,0.6048959493637085,0.015045166015625,0.6079057455062866,
1094,1.0039646625518799,0.0167388916015625,1.0073120594024658,
1095,0.5729257464408875,0.01334381103515625,0.5755941271781921,
1096,0.6025441288948059,0.0157012939453125,0.6056836247444153,
1097,0.6903079152107239,0.01505279541015625,0.693317711353302,
1098,0.35819244384765625,0.01160430908203125,0.36051368713378906,
1099,0.429703027009964,0.00858306884765625,0.43141964077949524,
1100,0.4879671633243561,0.01221466064453125,0.4904104769229889,
1101,0.29295647144317627,0.011749267578125,0.29530632495880127,
1102,0.9996867179870605,0.0174407958984375,1.0031752586364746,
1103,0.6753019094467163,0.0151519775390625,0.6783326864242554,
1104,0.9390575289726257,0.018646240234375,0.9427863955497742,
1105,0.4860326647758484,0.011688232421875,0.4883710741996765,
1106,0.36786264181137085,0.01357269287109375,0.37057679891586304,
1107,0.5291807651519775,0.00997161865234375,0.5311758518218994,
1108,0.6647046804428101,0.01226806640625,0.6671575307846069,
1109,0.8447873592376709,0.01457977294921875,0.8477036952972412,
1110,0.3386855125427246,0.0121612548828125,0.34111738204956055,
1111,0.541153073310852,0.01561737060546875,0.5442773103713989,
1112,0.8378404974937439,0.02044677734375,0.8419298529624939,
1113,0.7731950283050537,0.01439666748046875,0.7760751247406006,
1114,0.5447658896446228,0.0171356201171875,0.5481933951377869,
1115,1.0258487462997437,0.02947998046875,1.0317462682724,
1116,0.8235392570495605,0.01873779296875,0.8272871971130371,
1117,0.26023539900779724,0.0128326416015625,0.26280269026756287,
1118,0.5365485548973083,0.01324462890625,0.5391978621482849,
1119,0.6014696359634399,0.021392822265625,0.6057497262954712,
1120,1.0433993339538574,0.0237579345703125,1.0481524467468262,
1121,0.5774774551391602,0.0153045654296875,0.5805387496948242,
1122,1.0094752311706543,0.022186279296875,1.0139117240905762,
1123,0.6057795882225037,0.016937255859375,0.6091670393943787,
1124,0.6509756445884705,0.020111083984375,0.6549963355064392,
1125,0.7157987356185913,0.0157318115234375,0.7189458608627319,
1126,0.5837960839271545,0.0164031982421875,0.587076723575592,
1127,0.6701847910881042,0.016082763671875,0.6734005808830261,
1128,0.8976413011550903,0.021209716796875,0.9018832445144653,
1129,1.1525014638900757,0.02313232421875,1.1571286916732788,
1130,0.9952735900878906,0.021087646484375,0.9994926452636719,
1131,0.9525991678237915,0.0213470458984375,0.9568678140640259,
1132,0.49179044365882874,0.017669677734375,0.4953247606754303,
1133,0.4680226147174835,0.015289306640625,0.47108009457588196,
1134,0.6514018177986145,0.01953125,0.6553080677986145,
1135,0.5551556944847107,0.016876220703125,0.5585317015647888,
1136,0.6237581372261047,0.0213623046875,0.6280305981636047,
1137,0.7440198659896851,0.01800537109375,0.7476209402084351,
1138,0.5789710283279419,0.01493072509765625,0.5819579362869263,
1139,0.9780668616294861,0.014923095703125,0.9810518622398376,
1140,0.6928956508636475,0.01512908935546875,0.6959207057952881,
1141,1.158823847770691,0.0220947265625,1.1632412672042847,
1142,0.376394659280777,0.00969696044921875,0.3783344328403473,
1143,0.9309051036834717,0.019439697265625,0.9347922801971436,
1144,0.7850342988967896,0.025177001953125,0.7900696992874146,
1145,0.49855977296829224,0.01428985595703125,0.5014169812202454,
1146,0.4754120409488678,0.016571044921875,0.4787270128726959,
1147,0.6869133710861206,0.018890380859375,0.6906918287277222,
1148,0.8779506087303162,0.0212554931640625,0.8822001814842224,
1149,0.48295143246650696,0.0171966552734375,0.4863903820514679,
1150,0.8088403940200806,0.0221099853515625,0.8132616281509399,
1151,0.49605894088745117,0.0158538818359375,0.49922895431518555,
1152,0.5925109386444092,0.01611328125,0.5957343578338623,
1153,0.8741819858551025,0.01654052734375,0.8774893283843994,
1154,0.4122939705848694,0.014190673828125,0.4151321053504944,
1155,1.2243784666061401,0.02154541015625,1.2286890745162964,
1156,0.4843864142894745,0.012847900390625,0.4869556128978729,
1157,0.4147624671459198,0.01187896728515625,0.4171390235424042,
1158,0.5817984342575073,0.0166473388671875,0.585128664970398,
1159,0.675356388092041,0.01471710205078125,0.6782994270324707,
1160,0.6140742301940918,0.01319122314453125,0.6167120933532715,
1161,0.8735204935073853,0.02191162109375,0.8779035806655884,
1162,0.901448667049408,0.0192108154296875,0.9052900671958923,
1163,0.7871017456054688,0.0164642333984375,0.7903938293457031,
1164,0.9435322284698486,0.0183258056640625,0.9471981525421143,
1165,0.7589662671089172,0.0199127197265625,0.7629488110542297,
1166,0.4182761013507843,0.0141754150390625,0.4211104214191437,
1167,0.5544958114624023,0.01708984375,0.5579137802124023,
1168,0.8809493184089661,0.0189208984375,0.8847334980964661,
1169,0.7849631905555725,0.0180206298828125,0.7885680794715881,
1170,0.32653316855430603,0.00860595703125,0.3282545506954193,
1171,0.3672405779361725,0.019287109375,0.37109723687171936,
1172,0.6174895763397217,0.018707275390625,0.6212317943572998,
1173,0.4241028130054474,0.01287841796875,0.42667773365974426,
1174,0.7926484942436218,0.01543426513671875,0.7957345843315125,
1175,0.8081627488136292,0.0176544189453125,0.8116932511329651,
1176,0.8878381848335266,0.0131683349609375,0.8904722332954407,
1177,0.49629664421081543,0.011016845703125,0.49849963188171387,
1178,0.8288578987121582,0.01776123046875,0.8324093818664551,
1179,0.5450097918510437,0.012939453125,0.5475980639457703,
1180,0.43892401456832886,0.01171875,0.4412681460380554,
1181,0.6258817315101624,0.01641845703125,0.6291661858558655,
1182,0.6651234030723572,0.01490020751953125,0.6681026816368103,
1183,0.8243158459663391,0.016571044921875,0.8276308178901672,
1184,0.7543495893478394,0.013092041015625,0.7569683790206909,
1185,0.776544988155365,0.016998291015625,0.7799438834190369,
1186,0.3115898668766022,0.01094818115234375,0.3137795031070709,
1187,0.667057454586029,0.01351165771484375,0.6697601675987244,
1188,0.5506302714347839,0.0145263671875,0.5535351634025574,
1189,0.46765100955963135,0.0181121826171875,0.4712730646133423,
1190,0.8430013656616211,0.0153045654296875,0.8460626602172852,
1191,1.2289087772369385,0.0223541259765625,1.233379602432251,
1192,0.41237375140190125,0.00980377197265625,0.4143345057964325,
1193,0.8767592310905457,0.01812744140625,0.8803851008415222,
1194,0.6357674598693848,0.0169219970703125,0.6391510963439941,
1195,0.6515459418296814,0.0158843994140625,0.654723584651947,
1196,1.0109556913375854,0.0167694091796875,1.0143088102340698,
1197,0.5184659361839294,0.01047515869140625,0.5205602049827576,
1198,0.7202441692352295,0.018707275390625,0.7239863872528076,
1199,1.0439950227737427,0.0267791748046875,1.0493508577346802,
1200,0.6464033126831055,0.0183258056640625,0.6500692367553711,
1201,0.7999252080917358,0.015472412109375,0.8030189275741577,
1202,0.597754955291748,0.01495361328125,0.600745677947998,
1203,0.7346221804618835,0.0169219970703125,0.7380058169364929,
1204,1.127626657485962,0.020843505859375,1.13179612159729,
1205,0.6529982686042786,0.014129638671875,0.6558249592781067,
1206,0.6823865175247192,0.0185546875,0.6860982179641724,
1207,0.5053538680076599,0.0205535888671875,0.5094661116600037,
1208,1.0626132488250732,0.0183563232421875,1.0662848949432373,
1209,0.4473177492618561,0.01275634765625,0.4498697817325592,
1210,0.8116228580474854,0.01580810546875,0.8147852420806885,
1211,0.4616733193397522,0.006587982177734375,0.46299129724502563,
1212,0.9639183878898621,0.019561767578125,0.9678322672843933,
1213,0.39218464493751526,0.0185546875,0.3958963453769684,
1214,0.3240158259868622,0.01412200927734375,0.3268406093120575,
1215,0.45646995306015015,0.012451171875,0.45896095037460327,
1216,0.6487432718276978,0.01407623291015625,0.651558518409729,
1217,0.859169602394104,0.01461029052734375,0.8620916604995728,
1218,0.7842509150505066,0.015106201171875,0.7872721552848816,
1219,0.7964440584182739,0.0161895751953125,0.7996827363967896,
1220,0.7951480746269226,0.02020263671875,0.7991878390312195,
1221,1.0259908437728882,0.02166748046875,1.0303243398666382,
1222,1.0878565311431885,0.0174407958984375,1.0913450717926025,
1223,0.35458916425704956,0.0111083984375,0.3568112254142761,
1224,0.910377025604248,0.0205841064453125,0.9144930839538574,
1225,0.6437391638755798,0.01384735107421875,0.6465086340904236,
1226,0.5490384697914124,0.013824462890625,0.5518041253089905,
1227,0.43676865100860596,0.01169586181640625,0.4391070604324341,
1228,0.7976927757263184,0.018035888671875,0.8012995719909668,
1229,0.6041050553321838,0.016204833984375,0.6073456406593323,
1230,0.6843691468238831,0.013427734375,0.6870546936988831,
1231,0.6247236728668213,0.015960693359375,0.6279165744781494,
1232,0.5580272078514099,0.016357421875,0.5612983107566833,
1233,0.5079514980316162,0.01248931884765625,0.5104501247406006,
1234,0.71675044298172,0.0154266357421875,0.7198365330696106,
1235,0.514030396938324,0.0158843994140625,0.5172080397605896,
1236,1.0230506658554077,0.02008056640625,1.0270675420761108,
1237,0.399722158908844,0.0118408203125,0.4020910859107971,
1238,0.6403436660766602,0.01287078857421875,0.642918586730957,
1239,0.7468941807746887,0.0167999267578125,0.7502549290657043,
1240,0.4624444544315338,0.0115966796875,0.4647637903690338,
1241,0.336652547121048,0.01132965087890625,0.3389184772968292,
1242,1.2245765924453735,0.0210418701171875,1.228784203529358,
1243,0.6649529933929443,0.018096923828125,0.6685731410980225,
1244,0.3561064600944519,0.0125885009765625,0.3586241602897644,
1245,0.4640396535396576,0.01540374755859375,0.4671200215816498,
1246,0.45818185806274414,0.0105133056640625,0.4602837562561035,
1247,0.8571778535842896,0.0186614990234375,0.8609105348587036,
1248,0.5357458591461182,0.01009368896484375,0.5377638339996338,
1249,1.0438276529312134,0.01568603515625,1.04696524143219,
1250,0.31416261196136475,0.00814056396484375,0.3157905340194702,
1251,0.3525582551956177,0.009521484375,0.35446274280548096,
1252,0.5433624982833862,0.0145263671875,0.5462673902511597,
1253,0.42813459038734436,0.00995635986328125,0.4301258623600006,
1254,0.7009035348892212,0.0171051025390625,0.7043253183364868,
1255,1.2687326669692993,0.0174407958984375,1.2722212076187134,
1256,1.3537616729736328,0.0172271728515625,1.3572063446044922,
1257,0.6360487341880798,0.01262664794921875,0.6385740637779236,
1258,1.192963719367981,0.0193023681640625,1.1968241930007935,
1259,0.3564930260181427,0.01134490966796875,0.3587627708911896,
1260,0.39079320430755615,0.013763427734375,0.3935455083847046,
1261,0.565947949886322,0.01465606689453125,0.5688795447349548,
1262,0.5657768845558167,0.0169677734375,0.5691700577735901,
1263,0.6684010624885559,0.0135498046875,0.6711114048957825,
1264,0.6083484292030334,0.0128173828125,0.6109119057655334,
1265,0.23224689066410065,0.00839996337890625,0.23392726480960846,
1266,0.4813549220561981,0.0115509033203125,0.48366472125053406,
1267,1.2152594327926636,0.02099609375,1.2194594144821167,
1268,0.6790177822113037,0.0139923095703125,0.6818158626556396,
1269,0.8475050926208496,0.012908935546875,0.8500876426696777,
1270,0.3433281183242798,0.00922393798828125,0.3451725244522095,
1271,0.5093094110488892,0.01476287841796875,0.5122619867324829,
1272,0.6878958940505981,0.01438140869140625,0.6907721757888794,
1273,0.5589525699615479,0.01128387451171875,0.561208963394165,
1274,0.8773823380470276,0.016204833984375,0.880622923374176,
1275,0.34924137592315674,0.0100555419921875,0.3512517213821411,
1276,0.9814004302024841,0.0153350830078125,0.9844674468040466,
1277,0.563900351524353,0.01381683349609375,0.5666640996932983,
1278,0.8722490668296814,0.0164794921875,0.8755449652671814,
1279,1.0051062107086182,0.0185699462890625,1.008819818496704,
1280,0.5474122166633606,0.01377105712890625,0.5501664280891418,
1281,0.8276128172874451,0.021484375,0.8319081664085388,
1282,0.4148629307746887,0.01239776611328125,0.41734248399734497,
1283,0.6984074115753174,0.012786865234375,0.700965166091919,
1284,0.6578266024589539,0.0189666748046875,0.6616203188896179,
1285,0.7463206648826599,0.01326751708984375,0.7489737868309021,
1286,0.6718828678131104,0.01358795166015625,0.6746008396148682,
1287,0.6116989254951477,0.01399993896484375,0.6144989132881165,
1288,0.6701149940490723,0.0154266357421875,0.6732010841369629,
1289,0.3279116153717041,0.00969696044921875,0.3298513889312744,
1290,0.8557756543159485,0.0155029296875,0.8588770031929016,
1291,0.9771478772163391,0.0163726806640625,0.9804227948188782,
1292,0.6255133748054504,0.0147247314453125,0.6284583210945129,
1293,0.7491578459739685,0.01555633544921875,0.7522687315940857,
1294,0.5832223892211914,0.01415252685546875,0.5860528945922852,
1295,0.5870500206947327,0.01385498046875,0.5898213982582092,
1296,0.7597389221191406,0.0174407958984375,0.7632274627685547,
1297,0.4141053855419159,0.01061248779296875,0.4162282645702362,
1298,0.4703099727630615,0.01073455810546875,0.4724576473236084,
1299,0.8185920715332031,0.01520538330078125,0.8216323852539062,
1300,0.526522696018219,0.010894775390625,0.5287008881568909,
1301,0.9058980941772461,0.0148773193359375,0.9088735580444336,
1302,0.3744484782218933,0.00920867919921875,0.3762900233268738,
1303,0.804994523525238,0.016204833984375,0.8082351088523865,
1304,0.5917048454284668,0.017852783203125,0.5952754020690918,
1305,0.3391188979148865,0.00988006591796875,0.3410949110984802,
1306,1.2393927574157715,0.016326904296875,1.2426581382751465,
1307,0.7948774099349976,0.0180206298828125,0.7984822988510132,
1308,0.860104501247406,0.0164794921875,0.863400399684906,
1309,0.5303239822387695,0.01442718505859375,0.5332098007202148,
1310,0.8956280946731567,0.0159454345703125,0.8988171815872192,
1311,0.6610337495803833,0.019134521484375,0.6648598909378052,
1312,0.6509548425674438,0.017303466796875,0.6544147729873657,
1313,1.008073329925537,0.0215911865234375,1.0123915672302246,
1314,0.7668681144714355,0.015380859375,0.7699446678161621,
1315,0.6942976713180542,0.0137786865234375,0.6970537900924683,
1316,0.7898871302604675,0.01476287841796875,0.7928397059440613,
1317,0.4168095588684082,0.0112762451171875,0.4190640449523926,
1318,0.6081110835075378,0.01422882080078125,0.6109568476676941,
1319,0.37014418840408325,0.01136016845703125,0.37241584062576294,
1320,0.7904665470123291,0.0149383544921875,0.7934534549713135,
1321,0.770469605922699,0.0171966552734375,0.7739085555076599,
1322,0.7776479721069336,0.0202789306640625,0.781702995300293,
1323,0.564264714717865,0.013824462890625,0.5670303702354431,
1324,0.4015096127986908,0.0128326416015625,0.4040769040584564,
1325,0.7518315315246582,0.020660400390625,0.7559628486633301,
1326,0.8222083449363708,0.019561767578125,0.8261222243309021,
1327,0.7016900777816772,0.0164031982421875,0.7049707174301147,
1328,1.2875630855560303,0.020263671875,1.291614294052124,
1329,0.2604348361492157,0.0109710693359375,0.2626282870769501,
1330,0.7061840891838074,0.0130615234375,0.7087971568107605,
1331,0.3713071346282959,0.010833740234375,0.3734738826751709,
1332,0.5201448798179626,0.015472412109375,0.5232385993003845,
1333,0.997477114200592,0.0196685791015625,1.0014100074768066,
1334,0.7852352261543274,0.01354217529296875,0.7879436612129211,
1335,0.46047452092170715,0.006793975830078125,0.46183350682258606,
1336,0.48831701278686523,0.01168060302734375,0.49065351486206055,
1337,0.7297144532203674,0.0162353515625,0.7329607605934143,
1338,1.5210810899734497,0.018707275390625,1.5248233079910278,
1339,0.5588593482971191,0.01229095458984375,0.5613179206848145,
1340,0.5945069789886475,0.0124969482421875,0.5970056056976318,
1341,0.5175873041152954,0.01415252685546875,0.5204178094863892,
1342,0.7575319409370422,0.0181884765625,0.7611692547798157,
1343,0.6145913600921631,0.016937255859375,0.6179788112640381,
1344,0.5127102136611938,0.01165771484375,0.5150409936904907,
1345,0.6128829121589661,0.014801025390625,0.6158431172370911,
1346,0.39738717675209045,0.01111602783203125,0.39961114525794983,
1347,0.843471884727478,0.01532745361328125,0.8465369939804077,
1348,1.0107214450836182,0.01751708984375,1.0142252445220947,
1349,0.8915899991989136,0.0194091796875,0.895471453666687,
1350,0.6530380845069885,0.011932373046875,0.655424177646637,
1351,0.4065299332141876,0.0114288330078125,0.408814936876297,
1352,0.4873294532299042,0.0138397216796875,0.4900970160961151,
1353,0.5537818074226379,0.0166778564453125,0.557117760181427,
1354,0.8365887999534607,0.01528167724609375,0.8396443724632263,
1355,0.9155899286270142,0.0254364013671875,0.9206787347793579,
1356,0.36105746030807495,0.01039886474609375,0.3631364703178406,
1357,0.7485592365264893,0.016815185546875,0.7519218921661377,
1358,1.1267961263656616,0.0282745361328125,1.1324495077133179,
1359,1.063084602355957,0.0174560546875,1.066575050354004,
1360,0.8411293029785156,0.014923095703125,0.8441143035888672,
1361,0.5881917476654053,0.0108642578125,0.5903642177581787,
1362,0.39747703075408936,0.01153564453125,0.3997849225997925,
1363,0.6597989797592163,0.0150146484375,0.6628011465072632,
1364,0.7544406652450562,0.01313018798828125,0.757067084312439,
1365,0.902922511100769,0.018798828125,0.9066818952560425,
1366,0.5710770487785339,0.010467529296875,0.5731713175773621,
1367,0.42705219984054565,0.008331298828125,0.4287182688713074,
1368,0.40618687868118286,0.01279449462890625,0.40874654054641724,
1369,0.7264845967292786,0.01548004150390625,0.7295802235603333,
1370,0.4639796316623688,0.01187896728515625,0.46635618805885315,
1371,0.8242380023002625,0.0147857666015625,0.8271943926811218,
1372,0.8589499592781067,0.0213470458984375,0.8632186055183411,
1373,0.6133602857589722,0.00997161865234375,0.615355372428894,
1374,0.8469073176383972,0.01467132568359375,0.8498408198356628,
1375,0.4334215819835663,0.01004791259765625,0.43543192744255066,
1376,0.5920901894569397,0.01354217529296875,0.5947986245155334,
1377,0.45858868956565857,0.0128173828125,0.46115216612815857,
1378,0.69183748960495,0.01499176025390625,0.6948358416557312,
1379,0.4662685692310333,0.00974273681640625,0.4682169258594513,
1380,0.7732640504837036,0.0205841064453125,0.777380108833313,
1381,0.3169662058353424,0.01361083984375,0.31968799233436584,
1382,0.929348886013031,0.0181732177734375,0.9329842925071716,
1383,0.6319736242294312,0.0142364501953125,0.6348212957382202,
1384,0.6382430791854858,0.01427459716796875,0.6410983800888062,
1385,1.215731143951416,0.021759033203125,1.2200837135314941,
1386,0.7823534607887268,0.020263671875,0.7864046692848206,
1387,0.5481219291687012,0.016815185546875,0.5514845848083496,
1388,0.898776650428772,0.02288818359375,0.903354287147522,
1389,0.28349485993385315,0.00881195068359375,0.2852572500705719,
1390,0.7493297457695007,0.02099609375,0.7535297274589539,
1391,0.7114586234092712,0.0139617919921875,0.7142509818077087,
1392,0.5632327795028687,0.01456451416015625,0.5661453008651733,
1393,0.45180201530456543,0.01251983642578125,0.45430636405944824,
1394,0.6649082899093628,0.01270294189453125,0.667448878288269,
1395,0.6226015686988831,0.0162811279296875,0.625857412815094,
1396,0.7050619721412659,0.01403045654296875,0.7078676819801331,
1397,0.46208226680755615,0.01367950439453125,0.4648174047470093,
1398,0.34405890107154846,0.0090789794921875,0.34587469696998596,
1399,0.40133899450302124,0.00824737548828125,0.40298885107040405,
1400,1.4587465524673462,0.0231475830078125,1.463377594947815,
1401,0.35481879115104675,0.01255035400390625,0.357328861951828,
1402,0.4499413073062897,0.01306915283203125,0.4525543749332428,
1403,0.6284937858581543,0.0152130126953125,0.6315360069274902,
1404,0.5714192390441895,0.01300811767578125,0.5740208625793457,
1405,1.1424243450164795,0.0211639404296875,1.1466586589813232,
1406,0.4571117162704468,0.01340484619140625,0.45979344844818115,
1407,1.149369478225708,0.020751953125,1.153519868850708,
1408,0.9428027868270874,0.0209197998046875,0.946987509727478,
1409,0.9393589496612549,0.025970458984375,0.9445545673370361,
1410,0.5924175381660461,0.0163726806640625,0.5956924557685852,
1411,0.7612175345420837,0.017913818359375,0.7647995352745056,
1412,0.39957311749458313,0.0158538818359375,0.4027431309223175,
1413,1.2071866989135742,0.0236358642578125,1.2119131088256836,
1414,0.8538092970848083,0.01678466796875,0.8571662306785583,
1415,0.7667950391769409,0.0185699462890625,0.7705086469650269,
1416,0.7332646250724792,0.0168609619140625,0.7366368174552917,
1417,0.4907432496547699,0.0142059326171875,0.4935851991176605,
1418,0.987506091594696,0.022918701171875,0.9920913577079773,
1419,0.6734188199043274,0.01337432861328125,0.6760929226875305,
1420,0.5501211285591125,0.01416015625,0.5529535412788391,
1421,1.0318037271499634,0.0155792236328125,1.034920334815979,
1422,0.42165711522102356,0.01021575927734375,0.42369988560676575,
1423,0.7885610461235046,0.01409912109375,0.7913801074028015,
1424,0.5794779658317566,0.017364501953125,0.5829512476921082,
1425,0.7020711898803711,0.020050048828125,0.706080436706543,
1426,1.149429440498352,0.017364501953125,1.1529027223587036,
1427,0.8685483336448669,0.0146484375,0.8714780211448669,
1428,0.7175059914588928,0.01087188720703125,0.7196803689002991,
1429,0.42968976497650146,0.0145111083984375,0.4325927495956421,
1430,0.2543196380138397,0.01110076904296875,0.25653979182243347,
1431,0.718799352645874,0.019866943359375,0.7227742671966553,
1432,0.7856221199035645,0.0149688720703125,0.7886166572570801,
1433,1.1244685649871826,0.018890380859375,1.1282470226287842,
1434,0.5055384039878845,0.014617919921875,0.5084623694419861,
1435,0.742524266242981,0.0156097412109375,0.745646595954895,
1436,0.5151207447052002,0.01500701904296875,0.5181229114532471,
1437,0.7512795925140381,0.0166015625,0.7546002864837646,
1438,1.147948145866394,0.0174407958984375,1.151436686515808,
1439,0.572876513004303,0.01149749755859375,0.5751767754554749,
1440,0.5097377896308899,0.01207733154296875,0.5121524930000305,
1441,0.6505861878395081,0.01462554931640625,0.6535120606422424,
1442,1.2112057209014893,0.01497650146484375,1.2142002582550049,
1443,0.34746232628822327,0.01198577880859375,0.3498598635196686,
1444,0.5353781580924988,0.0173187255859375,0.5388419032096863,
1445,0.27184295654296875,0.00716400146484375,0.27327537536621094,
1446,0.30461183190345764,0.0085601806640625,0.30632367730140686,
1447,0.6437402367591858,0.01198577880859375,0.6461377739906311,
1448,0.5257556438446045,0.01473236083984375,0.5287024974822998,
1449,0.3999650180339813,0.0104827880859375,0.40206119418144226,
1450,0.5302461385726929,0.00952911376953125,0.5321515798568726,
1451,0.5332207083702087,0.0118560791015625,0.5355915427207947,
1452,1.1439787149429321,0.01727294921875,1.1474329233169556,
1453,0.6463037133216858,0.0118255615234375,0.6486688256263733,
1454,0.7610734105110168,0.01253509521484375,0.7635796666145325,
1455,1.0526386499404907,0.0161590576171875,1.055869698524475,
1456,0.5654792189598083,0.0135955810546875,0.568199098110199,
1457,0.7002578973770142,0.01374053955078125,0.703006386756897,
1458,0.873749852180481,0.0164642333984375,0.8770419359207153,
1459,0.6327030658721924,0.01099395751953125,0.6349022388458252,
1460,0.4392082691192627,0.0100860595703125,0.4412262439727783,
1461,1.386438012123108,0.017303466796875,1.3898979425430298,
1462,1.0304948091506958,0.0189208984375,1.0342789888381958,
1463,1.005347490310669,0.0165252685546875,1.008652925491333,
1464,1.1471526622772217,0.0211944580078125,1.151390790939331,
1465,0.4318464994430542,0.0099945068359375,0.4338454008102417,
1466,0.8474770188331604,0.017547607421875,0.8509865403175354,
1467,0.5820886492729187,0.0146636962890625,0.5850221514701843,
1468,0.6778382658958435,0.01495361328125,0.6808289885520935,
1469,0.7290221452713013,0.0178680419921875,0.7325965166091919,
1470,0.5723944902420044,0.01580810546875,0.5755568742752075,
1471,0.9293837547302246,0.0176849365234375,0.932919979095459,
1472,0.3825052082538605,0.01108551025390625,0.3847215473651886,
1473,0.5304021835327148,0.01271820068359375,0.5329465866088867,
1474,0.5704783797264099,0.01361083984375,0.5732001662254333,
1475,0.841171383857727,0.01291656494140625,0.8437539339065552,
1476,0.4600015878677368,0.01248931884765625,0.4625002145767212,
1477,0.6746538281440735,0.01268768310546875,0.6771906018257141,
1478,0.4960523247718811,0.0112457275390625,0.49830108880996704,
1479,0.371807336807251,0.01036834716796875,0.37388062477111816,
1480,0.48746439814567566,0.01097869873046875,0.48965975642204285,
1481,0.9758763313293457,0.017791748046875,0.9794354438781738,
1482,0.7914785742759705,0.01219940185546875,0.7939180731773376,
1483,0.749232828617096,0.01129913330078125,0.7514930367469788,
1484,0.44666942954063416,0.01049041748046875,0.4487675130367279,
1485,0.5463662147521973,0.0136566162109375,0.5490975379943848,
1486,0.4439062774181366,0.016693115234375,0.44724413752555847,
1487,0.6302434802055359,0.0142974853515625,0.6331025958061218,
1488,0.6323870420455933,0.012969970703125,0.6349810361862183,
1489,0.6904121041297913,0.01349639892578125,0.693111002445221,
1490,0.5758094191551208,0.0137939453125,0.5785674452781677,
1491,0.4339068531990051,0.01092529296875,0.43609267473220825,
1492,0.710945725440979,0.0140228271484375,0.7137495279312134,
1493,0.5259629487991333,0.0159454345703125,0.5291520357131958,
1494,0.599541187286377,0.01091766357421875,0.6017251014709473,
1495,0.9475048184394836,0.0191192626953125,0.9513290524482727,
1496,1.0635312795639038,0.01593017578125,1.0667165517807007,
1497,0.44309282302856445,0.01166534423828125,0.44542551040649414,
1498,0.37908735871315,0.011871337890625,0.3814620077610016,
1499,0.5337706208229065,0.0163726806640625,0.5370455384254456,
1500,0.5482388734817505,0.0157012939453125,0.5513783693313599,
1501,0.6335138082504272,0.0177459716796875,0.6370633840560913,
1502,1.0728521347045898,0.01505279541015625,1.075861930847168,
1503,0.5146839022636414,0.01247406005859375,0.5171787142753601,
1504,0.5696462392807007,0.01290130615234375,0.572226881980896,
1505,0.9615021347999573,0.01233673095703125,0.9639702439308167,
1506,0.7211133241653442,0.01099395751953125,0.723312497138977,
1507,0.7360625267028809,0.0150909423828125,0.7390799522399902,
1508,0.5176644921302795,0.01396942138671875,0.5204587578773499,
1509,0.9903326034545898,0.01541900634765625,0.9934167861938477,
1510,0.8677672147750854,0.0158843994140625,0.8709448575973511,
1511,0.3467830419540405,0.0099945068359375,0.348781943321228,
1512,0.9964564442634583,0.0202484130859375,1.0005075931549072,
1513,0.9118686318397522,0.01493072509765625,0.9148555397987366,
1514,0.6170124411582947,0.01425933837890625,0.6198639273643494,
1515,0.8001949787139893,0.022369384765625,0.8046696186065674,
1516,0.7521287202835083,0.0147857666015625,0.7550851106643677,
1517,0.4068572223186493,0.01122283935546875,0.4091021716594696,
1518,0.4819371998310089,0.01190185546875,0.4843175709247589,
1519,0.8586913347244263,0.0159149169921875,0.8618746995925903,
1520,0.4119499921798706,0.00664520263671875,0.4132794141769409,
1521,0.8080809116363525,0.01491546630859375,0.8110640048980713,
1522,0.5577494502067566,0.01389312744140625,0.5605284571647644,
1523,0.9214109182357788,0.01143646240234375,0.923697829246521,
1524,0.7663429975509644,0.01422882080078125,0.7691887617111206,
1525,0.6025283932685852,0.0157928466796875,0.6056869626045227,
1526,0.7157179117202759,0.01428985595703125,0.718575119972229,
1527,0.29996243119239807,0.00800323486328125,0.30156269669532776,
1528,1.0164761543273926,0.0158233642578125,1.0196404457092285,
1529,0.5498487949371338,0.01290130615234375,0.5524294376373291,
1530,0.4230031371116638,0.010498046875,0.4251031279563904,
1531,0.8412190079689026,0.015228271484375,0.8442650437355042,
1532,0.5008538365364075,0.0123138427734375,0.5033162236213684,
1533,0.592690110206604,0.0138702392578125,0.5954633951187134,
1534,0.30488014221191406,0.007122039794921875,0.306304931640625,
1535,0.8133404850959778,0.0171661376953125,0.8167737126350403,
1536,0.8340489268302917,0.01507568359375,0.8370644450187683,
1537,0.4618380069732666,0.01024627685546875,0.4638864994049072,
1538,0.4629514217376709,0.012603759765625,0.465472936630249,
1539,0.5618599653244019,0.0167999267578125,0.5652207136154175,
1540,0.5980984568595886,0.01222991943359375,0.6005436778068542,
1541,0.699744462966919,0.015838623046875,0.7029125690460205,
1542,0.34641793370246887,0.01158905029296875,0.34873536229133606,
1543,0.9385101199150085,0.017791748046875,0.9420692324638367,
1544,0.2726880609989166,0.01076507568359375,0.27484145760536194,
1545,1.2094793319702148,0.0171051025390625,1.2129011154174805,
1546,0.3783453702926636,0.011322021484375,0.380609393119812,
1547,0.6480962038040161,0.01385498046875,0.6508675813674927,
1548,0.8915146589279175,0.017974853515625,0.895110011100769,
1549,0.9721184372901917,0.0143280029296875,0.974983274936676,
1550,0.733260989189148,0.016632080078125,0.736587405204773,
1551,0.7666571736335754,0.01351165771484375,0.7693598866462708,
1552,0.7699617147445679,0.023651123046875,0.7746919393539429,
1553,0.43688127398490906,0.01067352294921875,0.43901559710502625,
1554,0.5265501737594604,0.01132965087890625,0.5288161039352417,
1555,0.9063526391983032,0.016082763671875,0.9095684289932251,
1556,0.5168184638023376,0.0134429931640625,0.5195078253746033,
1557,0.7375783920288086,0.0182342529296875,0.7412252426147461,
1558,0.5618813037872314,0.01042938232421875,0.5639679431915283,
1559,0.4945768415927887,0.01055145263671875,0.4966863691806793,
1560,0.7074052691459656,0.01181793212890625,0.7097684741020203,
1561,0.7048378586769104,0.018524169921875,0.7085419297218323,
1562,0.369169145822525,0.011199951171875,0.3714083731174469,
1563,0.5095593929290771,0.0120697021484375,0.5119740962982178,
1564,0.2631423771381378,0.006610870361328125,0.2644641697406769,
1565,0.9756636619567871,0.02020263671875,0.979703426361084,
1566,0.7064193487167358,0.012542724609375,0.7089275121688843,
1567,0.444502055644989,0.00801849365234375,0.4461061358451843,
1568,0.5984843373298645,0.01132965087890625,0.6007502675056458,
1569,1.1220121383666992,0.019927978515625,1.1259984970092773,
1570,1.3160496950149536,0.019805908203125,1.3200093507766724,
1571,0.5713379979133606,0.01065826416015625,0.573470413684845,
1572,0.6049119234085083,0.014556884765625,0.6078225374221802,
1573,0.5097593069076538,0.01425933837890625,0.5126107931137085,
1574,0.6041803359985352,0.0131683349609375,0.6068143844604492,
1575,0.7443358898162842,0.0185546875,0.7480475902557373,
1576,0.5873628854751587,0.016021728515625,0.5905672311782837,
1577,0.9110797643661499,0.0193939208984375,0.9149593114852905,
1578,0.8997434377670288,0.01430511474609375,0.9026044607162476,
1579,0.43828073143959045,0.0093994140625,0.4401604235172272,
1580,0.6528242826461792,0.01361846923828125,0.6555479764938354,
1581,0.7881473302841187,0.0194549560546875,0.7920383214950562,
1582,0.350420743227005,0.0082550048828125,0.3520715534687042,
1583,0.6657852530479431,0.0167236328125,0.6691307425498962,
1584,0.45247891545295715,0.01214599609375,0.4549088776111603,
1585,0.5003533959388733,0.01076507568359375,0.5025067925453186,
1586,0.4254027009010315,0.01062774658203125,0.4275274872779846,
1587,0.8493272662162781,0.01415252685546875,0.8521577715873718,
1588,0.8288300037384033,0.01512908935546875,0.831855058670044,
1589,0.4564056098461151,0.00988006591796875,0.45838162302970886,
1590,0.4844425618648529,0.01367950439453125,0.48717769980430603,
1591,0.24682268500328064,0.007537841796875,0.24833044409751892,
1592,0.6978318691253662,0.0120391845703125,0.7002389430999756,
1593,0.24978092312812805,0.006587982177734375,0.2510989010334015,
1594,1.1492578983306885,0.0163726806640625,1.1525328159332275,
1595,0.7231577038764954,0.013946533203125,0.7259462475776672,
1596,0.3885929584503174,0.009552001953125,0.3905031681060791,
1597,0.3889765739440918,0.01168060302734375,0.3913130760192871,
1598,0.929209291934967,0.01555633544921875,0.9323201775550842,
1599,0.4275018572807312,0.00977325439453125,0.429456889629364,
1600,0.6778464913368225,0.0159759521484375,0.6810413002967834,
1601,0.38723093271255493,0.01090240478515625,0.3894110321998596,
1602,0.5043932795524597,0.0166473388671875,0.5077235102653503,
1603,0.44091325998306274,0.01229095458984375,0.44337183237075806,
1604,0.36756980419158936,0.010955810546875,0.3697613477706909,
1605,0.2871466279029846,0.00832366943359375,0.28881174325942993,
1606,0.3089219927787781,0.00923919677734375,0.3107702136039734,
1607,0.74524986743927,0.0175628662109375,0.7487632036209106,
1608,0.6201690435409546,0.01245880126953125,0.6226600408554077,
1609,0.3746674060821533,0.00823974609375,0.3763153553009033,
1610,0.6348726749420166,0.014007568359375,0.6376745700836182,
1611,1.1611123085021973,0.016845703125,1.1644806861877441,
1612,0.6396312117576599,0.0122833251953125,0.6420878767967224,
1613,1.2434351444244385,0.0185699462890625,1.2471487522125244,
1614,0.7481402158737183,0.012664794921875,0.7506731748580933,
1615,0.5268549919128418,0.011138916015625,0.5290827751159668,
1616,0.779958963394165,0.01544952392578125,0.7830488681793213,
1617,0.6985044479370117,0.01151275634765625,0.7008066177368164,
1618,0.5286769270896912,0.010223388671875,0.5307216048240662,
1619,0.6404458284378052,0.01126861572265625,0.6427003145217896,
1620,0.7836950421333313,0.01442718505859375,0.7865808606147766,
1621,0.4424709379673004,0.00861358642578125,0.4441932737827301,
1622,1.0466089248657227,0.0171661376953125,1.0500421524047852,
1623,0.29377448558807373,0.008636474609375,0.29550158977508545,
1624,0.691774845123291,0.0127105712890625,0.6943173408508301,
1625,0.9978767037391663,0.017303466796875,1.0013365745544434,
1626,0.6276767253875732,0.0128936767578125,0.6302554607391357,
1627,0.5637007355690002,0.011810302734375,0.5660620331764221,
1628,0.5327517986297607,0.0142059326171875,0.5355937480926514,
1629,1.052537441253662,0.018707275390625,1.0562796592712402,
1630,0.6507622599601746,0.01104736328125,0.6529709696769714,
1631,0.8110870122909546,0.014923095703125,0.8140720129013062,
1632,0.6403725743293762,0.013275146484375,0.6430276036262512,
1633,0.6627980470657349,0.01357269287109375,0.665512204170227,
1634,1.0808662176132202,0.0178985595703125,1.0844463109970093,
1635,0.2456226944923401,0.005603790283203125,0.24674326181411743,
1636,0.6144925355911255,0.01338958740234375,0.6171704530715942,
1637,0.6720749139785767,0.01357269287109375,0.6747890710830688,
1638,0.9247981309890747,0.0208892822265625,0.9289752244949341,
1639,0.4038437604904175,0.012298583984375,0.4063042402267456,
1640,0.6336674690246582,0.0172271728515625,0.6371121406555176,
1641,0.405994713306427,0.01142120361328125,0.4082797169685364,
1642,0.6241908073425293,0.0110931396484375,0.6264090538024902,
1643,0.4999063014984131,0.01053619384765625,0.5020139217376709,
1644,0.8332490921020508,0.0130157470703125,0.8358526229858398,
1645,1.0664048194885254,0.01448822021484375,1.0693020820617676,
1646,0.4082813560962677,0.0103302001953125,0.41034701466560364,
1647,1.1872742176055908,0.01898193359375,1.1910698413848877,
1648,0.7629406452178955,0.016754150390625,0.7662918567657471,
1649,1.588192105293274,0.0219573974609375,1.5925828218460083,
1650,0.3151456415653229,0.008636474609375,0.3168727457523346,
1651,0.47880756855010986,0.01033782958984375,0.4808751344680786,
1652,0.6834807395935059,0.013763427734375,0.6862330436706543,
1653,0.6682767271995544,0.01361846923828125,0.6710004210472107,
1654,0.9793537855148315,0.018157958984375,0.9829853773117065,
1655,0.4914230704307556,0.01078033447265625,0.49357837438583374,
1656,0.6185082197189331,0.01238250732421875,0.6209839582443237,
1657,0.48366624116897583,0.006801605224609375,0.48502618074417114,
1658,1.0266571044921875,0.019439697265625,1.0305442810058594,
1659,0.9679805040359497,0.0167999267578125,0.9713412523269653,
1660,0.6445599794387817,0.01546478271484375,0.6476536989212036,
1661,0.4189167320728302,0.007411956787109375,0.4203987419605255,
1662,0.37907490134239197,0.00811004638671875,0.380697101354599,
1663,0.4389607906341553,0.00919342041015625,0.4407994747161865,
1664,0.5860507488250732,0.01015472412109375,0.5880820751190186,
1665,1.0530234575271606,0.01561737060546875,1.0561476945877075,
1666,0.5432499647140503,0.00988006591796875,0.545225977897644,
1667,1.094447374343872,0.01358795166015625,1.0971653461456299,
1668,0.72310471534729,0.01517486572265625,0.7261393070220947,
1669,0.5692232251167297,0.0130462646484375,0.5718324780464172,
1670,0.5847985148429871,0.0100555419921875,0.5868088603019714,
1671,0.7256632447242737,0.01373291015625,0.7284098267555237,
1672,0.2766517102718353,0.009002685546875,0.2784522473812103,
1673,0.7462447881698608,0.01430511474609375,0.7491058111190796,
1674,1.1092617511749268,0.012725830078125,1.1118061542510986,
1675,0.5382879376411438,0.015472412109375,0.5413816571235657,
1676,0.7615349292755127,0.01605224609375,0.7647449970245361,
1677,0.43461117148399353,0.01032257080078125,0.43667492270469666,
1678,1.0181556940078735,0.016571044921875,1.0214706659317017,
1679,0.6493121385574341,0.01435089111328125,0.6521826982498169,
1680,0.6052893400192261,0.01349639892578125,0.6079882383346558,
1681,0.5082941055297852,0.014068603515625,0.5111074447631836,
1682,0.6871099472045898,0.0103759765625,0.6891851425170898,
1683,0.354288250207901,0.009521484375,0.3561927378177643,
1684,0.6568188667297363,0.01128387451171875,0.6590752601623535,
1685,0.7974498867988586,0.01482391357421875,0.8004139065742493,
1686,0.2597072720527649,0.006694793701171875,0.26104623079299927,
1687,0.7255070805549622,0.0129241943359375,0.7280915379524231,
1688,0.7468275427818298,0.01332855224609375,0.7494940161705017,
1689,0.4139709174633026,0.00928497314453125,0.4158277213573456,
1690,0.8339933753013611,0.0114288330078125,0.8362783789634705,
1691,0.7759981751441956,0.01413726806640625,0.7788248658180237,
1692,0.3986009657382965,0.0091094970703125,0.40042248368263245,
1693,0.4779667258262634,0.0110626220703125,0.4801792502403259,
1694,0.864884614944458,0.0179901123046875,0.8684818744659424,
1695,0.42055341601371765,0.006977081298828125,0.42194864153862,
1696,0.5968921184539795,0.01019287109375,0.598931074142456,
1697,0.4895055890083313,0.0175018310546875,0.49300557374954224,
1698,0.5553269386291504,0.01300811767578125,0.5579285621643066,
1699,0.765444815158844,0.01418304443359375,0.7682810425758362,
1700,1.1690282821655273,0.01715087890625,1.1724576950073242,
1701,0.8479428887367249,0.015899658203125,0.8511224389076233,
1702,0.9550227522850037,0.016204833984375,0.9582633376121521,
1703,0.494402676820755,0.0139007568359375,0.49718359112739563,
1704,1.3372976779937744,0.0186767578125,1.3410322666168213,
1705,0.6980407238006592,0.0129852294921875,0.7006385326385498,
1706,0.8367728590965271,0.01288604736328125,0.8393496870994568,
1707,0.7569649815559387,0.01537322998046875,0.7600396275520325,
1708,0.814590573310852,0.0185089111328125,0.8182927370071411,
1709,0.3988608717918396,0.00952911376953125,0.4007663130760193,
1710,0.9814477562904358,0.017822265625,0.9850125908851624,
1711,0.9295821189880371,0.018096923828125,0.9332022666931152,
1712,0.878998875617981,0.0187225341796875,0.8827430009841919,
1713,0.35033324360847473,0.0118408203125,0.35270217061042786,
1714,0.8928200006484985,0.01459503173828125,0.8957382440567017,
1715,0.6441636681556702,0.01763916015625,0.6476922631263733,
1716,0.3558928966522217,0.01003265380859375,0.35789942741394043,
1717,0.6518820524215698,0.012939453125,0.6544703245162964,
1718,0.5201765894889832,0.0112762451171875,0.5224310755729675,
1719,1.0050393342971802,0.01444244384765625,1.0079270601272583,
1720,0.34303608536720276,0.008056640625,0.3446477949619293,
1721,0.7751538753509521,0.0155181884765625,0.7782571315765381,
1722,0.8479371666908264,0.01480865478515625,0.8508992791175842,
1723,0.9567163586616516,0.0175018310546875,0.9602163434028625,
1724,0.6410232782363892,0.012176513671875,0.6434589624404907,
1725,0.3916624188423157,0.00803375244140625,0.3932693600654602,
1726,0.7837487459182739,0.01200103759765625,0.786148190498352,
1727,0.6295777559280396,0.01059722900390625,0.6316968202590942,
1728,0.3646322786808014,0.00772857666015625,0.3661781847476959,
1729,0.4503936171531677,0.011749267578125,0.4527434706687927,
1730,0.4478091895580292,0.01137542724609375,0.4500846564769745,
1731,0.5938124656677246,0.01174163818359375,0.5961604118347168,
1732,0.4688809812068939,0.01354217529296875,0.47158941626548767,
1733,0.400722861289978,0.0103759765625,0.402798056602478,
1734,0.9024878740310669,0.01506805419921875,0.9055014848709106,
1735,0.542441189289093,0.012725830078125,0.5449855923652649,
1736,0.4520977735519409,0.010711669921875,0.45423972606658936,
1737,0.8423850536346436,0.01358795166015625,0.8451030254364014,
1738,0.594215989112854,0.01161956787109375,0.5965391397476196,
1739,0.31400159001350403,0.0078277587890625,0.3155675232410431,
1740,0.5499235987663269,0.008941650390625,0.5517117381095886,
1741,0.6444720029830933,0.01352691650390625,0.6471766233444214,
1742,0.5071434378623962,0.014129638671875,0.5099701285362244,
1743,0.9233239889144897,0.01378631591796875,0.9260820150375366,
1744,0.7872257828712463,0.0161895751953125,0.790464460849762,
1745,0.944482147693634,0.0167694091796875,0.9478352665901184,
1746,0.7265664935112,0.01739501953125,0.73004549741745,
1747,1.1851245164871216,0.01349639892578125,1.1878234148025513,
1748,0.6326785683631897,0.01512908935546875,0.6357036232948303,
1749,0.6634629964828491,0.0116729736328125,0.6657975912094116,
1750,0.335513174533844,0.007709503173828125,0.3370552659034729,
1751,0.5562861561775208,0.008819580078125,0.5580504536628723,
1752,0.6744869351387024,0.00896453857421875,0.6762798428535461,
1753,0.9681290984153748,0.0129547119140625,0.9707192778587341,
1754,0.558029294013977,0.0140380859375,0.560836911201477,
1755,0.6241544485092163,0.01213836669921875,0.6265825033187866,
1756,1.1969701051712036,0.0155181884765625,1.2000733613967896,
1757,0.4990207552909851,0.0093994140625,0.5009004473686218,
1758,0.7798798680305481,0.01180267333984375,0.78224116563797,
1759,0.826689600944519,0.00936126708984375,0.8285616636276245,
1760,0.6955366134643555,0.01261138916015625,0.6980581283569336,
1761,0.47786226868629456,0.00949859619140625,0.4797619879245758,
1762,0.7673963904380798,0.0167388916015625,0.7707437872886658,
1763,0.5691827535629272,0.01033782958984375,0.571250319480896,
1764,0.42025163769721985,0.01080322265625,0.4224126636981964,
1765,0.5786042213439941,0.01178741455078125,0.5809617042541504,
1766,0.51865553855896,0.0099639892578125,0.520648717880249,
1767,0.9269418120384216,0.0135498046875,0.9296521544456482,
1768,0.46401217579841614,0.006744384765625,0.4653606712818146,
1769,0.5682445764541626,0.01690673828125,0.5716263055801392,
1770,0.39737775921821594,0.0108489990234375,0.39954832196235657,
1771,0.5270843505859375,0.0088043212890625,0.5288448333740234,
1772,0.42963293194770813,0.00928497314453125,0.4314897358417511,
1773,0.6130391955375671,0.01031494140625,0.6151029467582703,
1774,0.9454997181892395,0.01480865478515625,0.9484618306159973,
1775,1.0236914157867432,0.0179595947265625,1.027282953262329,
1776,0.6317328810691833,0.00926971435546875,0.6335868239402771,
1777,0.7037267088890076,0.017547607421875,0.7072362303733826,
1778,0.5539331436157227,0.0118865966796875,0.556309700012207,
1779,0.7310957908630371,0.01739501953125,0.7345747947692871,
1780,0.9570571780204773,0.0215606689453125,0.9613677859306335,
1781,0.6322202086448669,0.01222991943359375,0.6346654295921326,
1782,0.4276633560657501,0.00946807861328125,0.42955735325813293,
1783,0.760431170463562,0.0148162841796875,0.7633951902389526,
1784,0.4459138512611389,0.01007080078125,0.4479280114173889,
1785,0.9528630971908569,0.0183258056640625,0.9565290212631226,
1786,0.6453263759613037,0.0173797607421875,0.6488015651702881,
1787,0.9840811491012573,0.018829345703125,0.9878462553024292,
1788,1.1143566370010376,0.0197906494140625,1.1183162927627563,
1789,0.5179558992385864,0.0124053955078125,0.5204373598098755,
1790,0.4167433977127075,0.01486968994140625,0.4197169542312622,
1791,0.37265050411224365,0.01092529296875,0.3748363256454468,
1792,0.5797860026359558,0.0166015625,0.5831066966056824,
1793,0.8810218572616577,0.0192413330078125,0.8848708868026733,
1794,0.9395062923431396,0.018585205078125,0.9432237148284912,
1795,0.5047717094421387,0.0147705078125,0.5077261924743652,
1796,0.44782504439353943,0.011505126953125,0.4501253068447113,
1797,0.7710015177726746,0.01509857177734375,0.7740208506584167,
1798,0.6992743015289307,0.01873779296875,0.7030222415924072,
1799,0.4983641505241394,0.0141143798828125,0.5011870265007019,
1800,0.43836313486099243,0.0101165771484375,0.4403868317604065,
1801,0.7120521068572998,0.0166473388671875,0.7153823375701904,
1802,0.3289906978607178,0.0106353759765625,0.3311173915863037,
1803,0.9010249376296997,0.0163421630859375,0.9042941331863403,
1804,0.3501598536968231,0.006649017333984375,0.35148927569389343,
1805,0.574288010597229,0.01169586181640625,0.5766264200210571,
1806,0.39364585280418396,0.009735107421875,0.3955932557582855,
1807,0.7365410923957825,0.013580322265625,0.7392571568489075,
1808,0.5677976608276367,0.013092041015625,0.5704164505004883,
1809,0.29218605160713196,0.006683349609375,0.2935231029987335,
1810,0.5271392464637756,0.0120849609375,0.5295558571815491,
1811,0.8296915888786316,0.0164031982421875,0.8329722285270691,
1812,0.9010621309280396,0.017059326171875,0.9044743776321411,
1813,0.4725794494152069,0.00937652587890625,0.4744543731212616,
1814,0.6535626649856567,0.01175689697265625,0.6559144258499146,
1815,0.5842704176902771,0.01522064208984375,0.5873145461082458,
1816,0.9724850058555603,0.017852783203125,0.9760555624961853,
1817,0.6899357438087463,0.01617431640625,0.6931706070899963,
1818,1.0247514247894287,0.01580810546875,1.0279138088226318,
1819,0.6161410808563232,0.01529693603515625,0.6192004680633545,
1820,0.279607355594635,0.00872039794921875,0.28135162591934204,
1821,0.7660794258117676,0.01259613037109375,0.7685990333557129,
1822,0.7815520167350769,0.01396942138671875,0.7843462824821472,
1823,0.6208069324493408,0.01097869873046875,0.623002290725708,
1824,0.9870041012763977,0.0160369873046875,0.9902122616767883,
1825,0.8759816288948059,0.0241851806640625,0.8808186650276184,
1826,0.36426761746406555,0.00968170166015625,0.36620357632637024,
1827,0.7152493000030518,0.01396942138671875,0.7180435657501221,
1828,0.34071895480155945,0.008453369140625,0.34240981936454773,
1829,0.9628557562828064,0.0222930908203125,0.967315137386322,
1830,0.3960985541343689,0.00902557373046875,0.3979038596153259,
1831,0.4189792573451996,0.0126800537109375,0.4215160310268402,
1832,0.8566728830337524,0.0142364501953125,0.8595205545425415,
1833,0.37395066022872925,0.01232147216796875,0.376414954662323,
1834,0.7385900020599365,0.0184478759765625,0.7422788143157959,
1835,0.68662029504776,0.01446533203125,0.6895137429237366,
1836,0.9593467712402344,0.01325225830078125,0.9619979858398438,
1837,0.87517249584198,0.01471710205078125,0.8781155347824097,
1838,0.4535443186759949,0.01116943359375,0.4557778239250183,
1839,0.461102694272995,0.01221466064453125,0.4635460078716278,
1840,0.6788488626480103,0.01139068603515625,0.6811262369155884,
1841,0.666199803352356,0.0159759521484375,0.6693946123123169,
1842,0.6975171566009521,0.010406494140625,0.6995980739593506,
1843,0.9280371069908142,0.015716552734375,0.9311804175376892,
1844,0.48872703313827515,0.011322021484375,0.4909910559654236,
1845,0.6086887121200562,0.01300811767578125,0.6112903356552124,
1846,0.5773059129714966,0.0111846923828125,0.5795432329177856,
1847,0.6052916049957275,0.01071929931640625,0.6074354648590088,
1848,1.0182660818099976,0.01497650146484375,1.0212606191635132,
1849,0.5518580675125122,0.011566162109375,0.5541716814041138,
1850,0.5363726019859314,0.009002685546875,0.5381731390953064,
1851,0.4440600275993347,0.00864410400390625,0.44578903913497925,
1852,1.0396841764450073,0.01525115966796875,1.0427340269088745,
1853,0.32854604721069336,0.007740020751953125,0.3300938606262207,
1854,0.770286500453949,0.012542724609375,0.7727946639060974,
1855,0.8377395868301392,0.01332855224609375,0.840406060218811,
1856,0.7825379371643066,0.013702392578125,0.7852787971496582,
1857,0.7670437097549438,0.016204833984375,0.7702842950820923,
1858,0.6917681097984314,0.01171875,0.694112241268158,
1859,0.5332136154174805,0.01068878173828125,0.5353517532348633,
1860,0.45406484603881836,0.01140594482421875,0.4563460350036621,
1861,0.7242233753204346,0.0099334716796875,0.7262108325958252,
1862,1.0246894359588623,0.0178985595703125,1.0282695293426514,
1863,0.760918140411377,0.01059722900390625,0.7630372047424316,
1864,0.42590948939323425,0.00859832763671875,0.4276289641857147,
1865,0.8211949467658997,0.013153076171875,0.8238251805305481,
1866,0.43684786558151245,0.00955963134765625,0.438759982585907,
1867,0.8559591174125671,0.01525115966796875,0.8590089678764343,
1868,0.5954660773277283,0.013397216796875,0.5981459021568298,
1869,0.572135329246521,0.01165008544921875,0.5744661092758179,
1870,0.8872867226600647,0.01311492919921875,0.8899093270301819,
1871,0.5244373083114624,0.00986480712890625,0.5264095067977905,
1872,0.7128893136978149,0.01247406005859375,0.7153841257095337,
1873,0.5396679043769836,0.012542724609375,0.5421760678291321,
1874,0.6408221125602722,0.01134490966796875,0.6430918574333191,
1875,0.7001723051071167,0.0111083984375,0.7023943662643433,
1876,0.8304621577262878,0.0142669677734375,0.8333155512809753,
1877,1.048886775970459,0.02178955078125,1.0532431602478027,
1878,0.6380969285964966,0.007904052734375,0.6396781206130981,
1879,0.550598680973053,0.010345458984375,0.5526681542396545,
1880,0.7003412246704102,0.0098876953125,0.7023191452026367,
1881,0.8042628169059753,0.012969970703125,0.8068568110466003,
1882,0.5707447528839111,0.01256561279296875,0.573258638381958,
1883,0.6378874778747559,0.0126800537109375,0.6404242515563965,
1884,1.083532452583313,0.025848388671875,1.0887013673782349,
1885,0.9438187479972839,0.0155181884765625,0.9469220042228699,
1886,0.5358127951622009,0.0122222900390625,0.5382580161094666,
1887,1.047606348991394,0.015960693359375,1.0507992506027222,
1888,0.44761091470718384,0.0091552734375,0.44944196939468384,
1889,0.9042481780052185,0.0141143798828125,0.907071053981781,
1890,0.8199800848960876,0.01427459716796875,0.822835385799408,
1891,1.2402210235595703,0.0186614990234375,1.2439537048339844,
1892,0.6481924653053284,0.013092041015625,0.6508112549781799,
1893,1.0627058744430542,0.0140380859375,1.0655134916305542,
1894,0.5249910950660706,0.013458251953125,0.527682363986969,
1895,0.509382426738739,0.01776123046875,0.5129339098930359,
1896,0.5253786444664001,0.0135498046875,0.5280889868736267,
1897,0.7604638934135437,0.016021728515625,0.7636682391166687,
1898,0.5891497135162354,0.01409912109375,0.5919687747955322,
1899,0.21691609919071198,0.006404876708984375,0.21819688379764557,
1900,0.649844229221344,0.01214599609375,0.6522741913795471,
1901,0.6437891125679016,0.0132904052734375,0.6464479565620422,
1902,0.5569546222686768,0.0129547119140625,0.5595448017120361,
1903,0.5908733010292053,0.0133819580078125,0.5935493111610413,
1904,0.885461151599884,0.0179290771484375,0.8890469670295715,
1905,0.4377910792827606,0.0096282958984375,0.43971654772758484,
1906,0.3378637135028839,0.00823974609375,0.3395116627216339,
1907,0.8881554007530212,0.0160980224609375,0.8913750052452087,
1908,0.6405209898948669,0.0127105712890625,0.643063485622406,
1909,0.7975062131881714,0.013336181640625,0.8001726865768433,
1910,0.7705968022346497,0.013641357421875,0.7733243107795715,
1911,0.3585353493690491,0.007686614990234375,0.36007267236709595,
1912,0.6156388521194458,0.01160430908203125,0.6179600954055786,
1913,0.7308552861213684,0.011260986328125,0.73310786485672,
1914,0.8065906167030334,0.01253509521484375,0.8090968728065491,
1915,0.8841313123703003,0.01361083984375,0.8868530988693237,
1916,0.8445016741752625,0.01425933837890625,0.8473531603813171,
1917,0.8802966475486755,0.016754150390625,0.8836478590965271,
1918,0.9108659625053406,0.01313018798828125,0.9134923815727234,
1919,0.4967271089553833,0.0117645263671875,0.4990807771682739,
1920,0.9212988018989563,0.01195526123046875,0.9236906170845032,
1921,0.38527777791023254,0.00919342041015625,0.3871164619922638,
1922,0.8930143713951111,0.01557159423828125,0.8961290717124939,
1923,0.7534546852111816,0.0118255615234375,0.7558197975158691,
1924,0.9708576798439026,0.01255035400390625,0.9733677506446838,
1925,0.7167766690254211,0.0176239013671875,0.7203014492988586,
1926,0.4243957996368408,0.0091094970703125,0.42621731758117676,
1927,0.7074691653251648,0.01080322265625,0.7096301913261414,
1928,0.7554875016212463,0.01107025146484375,0.7577019333839417,
1929,0.8991135954856873,0.01438140869140625,0.9019898772239685,
1930,0.5451420545578003,0.0126800537109375,0.5476788282394409,
1931,0.4977613091468811,0.01247406005859375,0.5002561211585999,
1932,0.7418501377105713,0.0176849365234375,0.7453863620758057,
1933,0.6861721277236938,0.01468658447265625,0.6891094446182251,
1934,0.8257545828819275,0.01334381103515625,0.8284229636192322,
1935,0.7471960783004761,0.01403045654296875,0.7500017881393433,
1936,0.7023935914039612,0.01168060302734375,0.7047300934791565,
1937,0.5745435357093811,0.00974273681640625,0.5764918923377991,
1938,0.43830642104148865,0.00795745849609375,0.4398981034755707,
1939,0.35205984115600586,0.0094757080078125,0.3539547920227051,
1940,0.38116365671157837,0.0094451904296875,0.38305288553237915,
1941,0.598362922668457,0.01258087158203125,0.6008787155151367,
1942,0.7522925734519958,0.01226806640625,0.7547454237937927,
1943,0.8439306616783142,0.0117034912109375,0.8462709784507751,
1944,0.4863303601741791,0.00910186767578125,0.4881509244441986,
1945,0.8682620525360107,0.016326904296875,0.8715274333953857,
1946,0.3294164836406708,0.006969451904296875,0.3308107554912567,
1947,0.5571931600570679,0.00966644287109375,0.5591262578964233,
1948,0.8605942726135254,0.01389312744140625,0.8633732795715332,
1949,1.1405346393585205,0.012420654296875,1.1430180072784424,
1950,0.3949136435985565,0.00902557373046875,0.39671894907951355,
1951,0.6126412749290466,0.01078033447265625,0.6147965788841248,
1952,0.571632444858551,0.0142974853515625,0.574491560459137,
1953,0.9731239676475525,0.01337432861328125,0.9757980704307556,
1954,0.5328726768493652,0.009674072265625,0.5348076820373535,
1955,0.7341378927230835,0.01279449462890625,0.7366975545883179,
1956,1.0224778652191162,0.01800537109375,1.0260789394378662,
1957,1.0981048345565796,0.0164947509765625,1.1014045476913452,
1958,0.7025430798530579,0.01348876953125,0.7052400708198547,
1959,0.564183235168457,0.01059722900390625,0.5663022994995117,
1960,0.5134081244468689,0.013427734375,0.5160936713218689,
1961,0.5014846324920654,0.01097869873046875,0.5036799907684326,
1962,0.7024601697921753,0.0111541748046875,0.7046917676925659,
1963,0.6283267140388489,0.01430511474609375,0.6311877369880676,
1964,0.5970558524131775,0.0115814208984375,0.5993713736534119,
1965,0.37801221013069153,0.011077880859375,0.38022854924201965,
1966,0.46716657280921936,0.01251983642578125,0.4696709215641022,
1967,0.6572819352149963,0.012237548828125,0.6597290635108948,
1968,0.7777019143104553,0.0103607177734375,0.7797732949256897,
1969,0.7388209700584412,0.011627197265625,0.7411460280418396,
1970,0.3986623287200928,0.00868988037109375,0.40039992332458496,
1971,0.7137895822525024,0.0131988525390625,0.7164293527603149,
1972,0.4026627838611603,0.01230621337890625,0.4051232635974884,
1973,0.485490620136261,0.01325225830078125,0.48814183473587036,
1974,0.8766666054725647,0.01336669921875,0.8793407082557678,
1975,0.5372026562690735,0.01220703125,0.5396440625190735,
1976,0.670103907585144,0.01122283935546875,0.6723488569259644,
1977,0.561549723148346,0.01018524169921875,0.5635867714881897,
1978,0.4485572278499603,0.00785064697265625,0.450126975774765,
1979,0.70377516746521,0.0098724365234375,0.7057492733001709,
1980,0.6024605631828308,0.01177978515625,0.6048161387443542,
1981,0.6809249520301819,0.01210784912109375,0.6833472847938538,
1982,0.8567570447921753,0.01375579833984375,0.8595074415206909,
1983,0.32276037335395813,0.007049560546875,0.32416990399360657,
1984,0.7952080965042114,0.01020050048828125,0.7972489595413208,
1985,0.530494213104248,0.00862884521484375,0.5322203636169434,
1986,1.2317866086959839,0.0198516845703125,1.2357577085494995,
1987,1.0198920965194702,0.0168304443359375,1.0232585668563843,
1988,1.0018069744110107,0.0163726806640625,1.0050818920135498,
1989,1.1154773235321045,0.01363372802734375,1.1182048320770264,
1990,0.8145791292190552,0.01406097412109375,0.8173905611038208,
1991,0.9503751397132874,0.02252197265625,0.9548802971839905,
1992,0.4609748423099518,0.0129241943359375,0.4635592997074127,
1993,0.7768473625183105,0.0180206298828125,0.7804522514343262,
1994,0.5335617661476135,0.0174407958984375,0.5370503067970276,
1995,0.4088461697101593,0.012420654296875,0.4113295376300812,
1996,0.5762723088264465,0.01294708251953125,0.5788624882698059,
1997,0.8608202934265137,0.018829345703125,0.8645853996276855,
1998,0.8239482045173645,0.0151214599609375,0.8269732594490051,
1999,0.6536588668823242,0.01366424560546875,0.6563920974731445,
2000,0.6176496744155884,0.012725830078125,0.6201940774917603,53.81679389312977
2001,0.39657941460609436,0.00946044921875,0.39847150444984436,
2002,0.824042558670044,0.0126190185546875,0.8265659809112549,
2003,0.7168840765953064,0.01251220703125,0.7193865180015564,
2004,0.7550610303878784,0.01331329345703125,0.7577236890792847,
2005,0.8405739665031433,0.0184173583984375,0.8442570567131042,
2006,0.5876317024230957,0.011749267578125,0.5899815559387207,
2007,0.907940149307251,0.016448974609375,0.9112303256988525,
2008,0.6563393473625183,0.01446533203125,0.6592327952384949,
2009,0.40307697653770447,0.00969696044921875,0.4050167500972748,
2010,1.1354190111160278,0.01392364501953125,1.138203740119934,
2011,1.1075867414474487,0.0151519775390625,1.1106175184249878,
2012,0.26875022053718567,0.0105133056640625,0.27085211873054504,
2013,0.40563905239105225,0.0145416259765625,0.4085477590560913,
2014,1.271891474723816,0.019744873046875,1.2758396863937378,
2015,0.980445146560669,0.0178070068359375,0.9840061664581299,
2016,0.43444350361824036,0.01023101806640625,0.43649008870124817,
2017,1.11066734790802,0.0167083740234375,1.1140090227127075,
2018,0.5123741626739502,0.01302337646484375,0.5149796009063721,
2019,0.567237138748169,0.0121307373046875,0.5696632862091064,
2020,0.6200000643730164,0.0158843994140625,0.623177707195282,
2021,0.5591323375701904,0.0118865966796875,0.5615088939666748,
2022,0.8131831884384155,0.01480865478515625,0.8161453008651733,
2023,0.28707969188690186,0.0130157470703125,0.2896832227706909,
2024,0.7116727828979492,0.01201629638671875,0.714076042175293,
2025,0.6913303136825562,0.00994873046875,0.6933196783065796,
2026,0.8961281180381775,0.0133209228515625,0.8987926840782166,
2027,0.498418390750885,0.01250457763671875,0.5009189248085022,
2028,0.6542559266090393,0.00920867919921875,0.6560974717140198,
2029,0.618636429309845,0.0106964111328125,0.6207764744758606,
2030,1.1595959663391113,0.018585205078125,1.163313388824463,
2031,0.9246636033058167,0.01303863525390625,0.9272709488868713,
2032,0.5636759996414185,0.0097503662109375,0.5656262636184692,
2033,0.38527318835258484,0.0083160400390625,0.38693639636039734,
2034,0.7230498194694519,0.0104217529296875,0.725134551525116,
2035,0.6627572774887085,0.01255035400390625,0.6652673482894897,
2036,0.724657416343689,0.012176513671875,0.7270931005477905,
2037,0.8649857640266418,0.015533447265625,0.8680928349494934,
2038,0.5297156572341919,0.0147705078125,0.5326701402664185,
2039,0.899482786655426,0.011749267578125,0.901832640171051,
2040,0.48065805435180664,0.007465362548828125,0.48215150833129883,
2041,0.5135406851768494,0.01311492919921875,0.5161632895469666,
2042,0.4993721544742584,0.0086822509765625,0.5011087656021118,
2043,0.5027500987052917,0.01178741455078125,0.505107581615448,
2044,0.41100171208381653,0.013427734375,0.41368725895881653,
2045,0.5591046810150146,0.01084136962890625,0.5612733364105225,
2046,0.5229553580284119,0.009246826171875,0.5248045325279236,
2047,0.6390716433525085,0.0133514404296875,0.641741931438446,
2048,0.7009932398796082,0.01424407958984375,0.70384281873703,
2049,0.6137890815734863,0.012725830078125,0.6163334846496582,
2050,0.6652939319610596,0.01114654541015625,0.6675236225128174,
2051,0.914227306842804,0.01403045654296875,0.9170330166816711,
2052,0.527345597743988,0.01303863525390625,0.5299529433250427,
2053,0.4137972295284271,0.007354736328125,0.41526779532432556,
2054,0.5672106146812439,0.01222991943359375,0.5696558356285095,
2055,0.7275671362876892,0.01334381103515625,0.7302355170249939,
2056,0.44067221879959106,0.0175018310546875,0.444172203540802,
2057,0.45537906885147095,0.01141357421875,0.4576621651649475,
2058,0.36837923526763916,0.01039886474609375,0.3704582452774048,
2059,0.5899816751480103,0.01177978515625,0.5923372507095337,
2060,0.26083803176879883,0.0094451904296875,0.2627272605895996,
2061,0.5995548963546753,0.01264190673828125,0.6020840406417847,
2062,0.7877331376075745,0.0155487060546875,0.7908421158790588,
2063,0.7414156794548035,0.01497650146484375,0.7444102168083191,
2064,0.9982379674911499,0.01812744140625,1.0018638372421265,
2065,0.3656032383441925,0.00931549072265625,0.3674667179584503,
2066,0.6215124726295471,0.0116729736328125,0.6238470673561096,
2067,0.6960568428039551,0.0139617919921875,0.6988492012023926,
2068,0.800048291683197,0.0186004638671875,0.8037676215171814,
2069,0.5442973375320435,0.0138092041015625,0.547059178352356,
2070,0.5065602660179138,0.013275146484375,0.5092152953147888,
2071,0.4517863392829895,0.01203155517578125,0.4541934132575989,
2072,0.37815025448799133,0.0132293701171875,0.38079574704170227,
2073,0.9575247168540955,0.01209259033203125,0.9599432349205017,
2074,0.5647876858711243,0.01483154296875,0.5677536129951477,
2075,1.0667840242385864,0.017120361328125,1.0702077150344849,
2076,0.558554470539093,0.0155181884765625,0.561657726764679,
2077,0.39608123898506165,0.01157379150390625,0.398396760225296,
2078,0.298486590385437,0.0072479248046875,0.2999361753463745,
2079,0.7811617255210876,0.01293182373046875,0.7837480902671814,
2080,0.553456723690033,0.01073455810546875,0.5556043982505798,
2081,1.1845444440841675,0.01558685302734375,1.187661051750183,
2082,0.7797616720199585,0.012054443359375,0.7821725606918335,
2083,0.9120935201644897,0.0138092041015625,0.9148553609848022,
2084,1.0419548749923706,0.0142822265625,1.0448120832443237,
2085,0.6296492218971252,0.0123443603515625,0.6321173310279846,
2086,0.5798976421356201,0.0095977783203125,0.5818173885345459,
2087,0.7419688105583191,0.0143585205078125,0.7448412775993347,
2088,0.6317119002342224,0.0120849609375,0.6341285109519958,
2089,0.40152761340141296,0.009368896484375,0.40340158343315125,
2090,0.6714630126953125,0.01194000244140625,0.6738510131835938,
2091,0.7396360635757446,0.01404571533203125,0.7424455881118774,
2092,0.6533669233322144,0.01357269287109375,0.6560810804367065,
2093,0.7746585607528687,0.0124664306640625,0.7771514654159546,
2094,0.6622961163520813,0.00922393798828125,0.664140522480011,
2095,0.3447743058204651,0.0082550048828125,0.3464251160621643,
2096,0.5723522901535034,0.00839996337890625,0.5740326642990112,
2097,0.891812264919281,0.0158843994140625,0.8949899077415466,
2098,0.6940876245498657,0.01241302490234375,0.6965709924697876,
2099,1.0366957187652588,0.01419830322265625,1.0395357608795166,
2100,0.4805547893047333,0.009735107421875,0.48250219225883484,
2101,0.9229955673217773,0.01526641845703125,0.9260492324829102,
2102,0.5020497441291809,0.00925445556640625,0.5039008259773254,
2103,0.6214582324028015,0.010986328125,0.6236554980278015,
2104,0.45203897356987,0.00882720947265625,0.45380422472953796,
2105,0.8222447037696838,0.0164794921875,0.8255406022071838,
2106,0.6943959593772888,0.0121612548828125,0.6968278288841248,
2107,0.4681134819984436,0.0089874267578125,0.4699111580848694,
2108,0.8053178191184998,0.0116729736328125,0.8076524138450623,
2109,0.6777570247650146,0.0120391845703125,0.680164098739624,
2110,0.8132009506225586,0.01441192626953125,0.8160829544067383,
2111,0.7433010339736938,0.01367950439453125,0.746036171913147,
2112,0.6564123034477234,0.0120391845703125,0.6588193774223328,
2113,0.658581554889679,0.012237548828125,0.6610286831855774,
2114,0.43469974398612976,0.00980377197265625,0.436660498380661,
2115,0.7475364804267883,0.01302337646484375,0.7501419186592102,
2116,0.6673418283462524,0.0123443603515625,0.6698099374771118,
2117,0.9750858545303345,0.0154876708984375,0.978183388710022,
2118,0.6544276475906372,0.019012451171875,0.6582309007644653,
2119,0.6800552010536194,0.0125579833984375,0.6825671792030334,
2120,0.9132236242294312,0.0178070068359375,0.9167846441268921,
2121,0.32983162999153137,0.00821685791015625,0.33147481083869934,
2122,0.44913503527641296,0.00994110107421875,0.4511224925518036,
2123,0.451762318611145,0.0089263916015625,0.4535475969314575,
2124,0.6609614491462708,0.01190948486328125,0.6633437275886536,
2125,0.7630545496940613,0.01232147216796875,0.765518844127655,
2126,0.6124276518821716,0.01580810546875,0.6155900359153748,
2127,0.5799208283424377,0.0142822265625,0.5827780365943909,
2128,0.46834370493888855,0.0122528076171875,0.4707946479320526,
2129,0.5521715879440308,0.01181793212890625,0.5545347929000854,
2130,0.7749707102775574,0.0157623291015625,0.7781235575675964,
2131,1.3645273447036743,0.021453857421875,1.3688188791275024,
2132,0.43670719861984253,0.009857177734375,0.43867939710617065,
2133,0.5004884004592896,0.01027679443359375,0.5025445222854614,
2134,0.9269593954086304,0.0189971923828125,0.9307588338851929,
2135,0.8597901463508606,0.01456451416015625,0.8627026677131653,
2136,0.8133586049079895,0.012115478515625,0.8157809376716614,
2137,1.029207468032837,0.01230621337890625,1.031667947769165,
2138,0.5299577116966248,0.01250457763671875,0.5324582457542419,
2139,0.3769415318965912,0.00658416748046875,0.3782585561275482,
2140,0.7462115287780762,0.0135650634765625,0.7489237785339355,
2141,0.5167690515518188,0.0171661376953125,0.5202022790908813,
2142,0.8373846411705017,0.0162353515625,0.8406309485435486,
2143,0.6858013868331909,0.01361083984375,0.6885231733322144,
2144,0.6365159153938293,0.0125274658203125,0.639022171497345,
2145,0.561100423336029,0.00879669189453125,0.5628599524497986,
2146,0.2845183312892914,0.007617950439453125,0.28604230284690857,
2147,0.4651413559913635,0.01117706298828125,0.4673767685890198,
2148,0.5212439894676208,0.01129150390625,0.5235022902488708,
2149,1.062707781791687,0.01511383056640625,1.0657309293746948,
2150,0.7363283634185791,0.01174163818359375,0.7386763095855713,
2151,1.0723388195037842,0.0169219970703125,1.0757224559783936,
2152,1.2351926565170288,0.0177001953125,1.2387326955795288,
2153,0.6523628234863281,0.011199951171875,0.65460205078125,
2154,0.5319402813911438,0.01116180419921875,0.5341718792915344,
2155,0.5447468757629395,0.00848388671875,0.5464434623718262,
2156,0.688618004322052,0.010223388671875,0.690662682056427,
2157,0.44060057401657104,0.00757598876953125,0.4421159625053406,
2158,0.9493727684020996,0.01641845703125,0.9526572227478027,
2159,0.8047257661819458,0.01751708984375,0.8082295656204224,
2160,0.8784273862838745,0.0167999267578125,0.8817881345748901,
2161,0.7484113574028015,0.0111541748046875,0.7506429553031921,
2162,0.4500194787979126,0.00986480712890625,0.4519916772842407,
2163,0.5440108180046082,0.01090240478515625,0.5461909174919128,
2164,0.6593301892280579,0.00974273681640625,0.6612785458564758,
2165,0.9357826113700867,0.0183258056640625,0.9394485354423523,
2166,0.8157532811164856,0.0145111083984375,0.8186562657356262,
2167,0.6639786958694458,0.01383209228515625,0.6667443513870239,
2168,1.070974349975586,0.0149078369140625,1.0739555358886719,
2169,1.1612321138381958,0.0170135498046875,1.1646348237991333,
2170,0.9162919521331787,0.0158538818359375,0.9194619655609131,
2171,0.4574752449989319,0.01071929931640625,0.45961910486221313,
2172,0.6177766919136047,0.01302337646484375,0.6203821301460266,
2173,0.4927850067615509,0.00775146484375,0.49433568120002747,
2174,1.1532238721847534,0.018218994140625,1.1568669080734253,
2175,0.49981191754341125,0.0144195556640625,0.5026957988739014,
2176,0.5558260679244995,0.01251220703125,0.5583285093307495,
2177,0.8377935290336609,0.01261138916015625,0.840315043926239,
2178,0.9851951599121094,0.015960693359375,0.9883880615234375,
2179,0.6083400845527649,0.00978851318359375,0.6102970242500305,
2180,0.6498854160308838,0.01378631591796875,0.6526434421539307,
2181,0.830254316329956,0.01360321044921875,0.8329741954803467,
2182,0.855017364025116,0.01023101806640625,0.8570639491081238,
2183,0.5664459466934204,0.01006317138671875,0.5684581995010376,
2184,0.6401398777961731,0.008575439453125,0.6418545842170715,
2185,0.40252092480659485,0.007617950439453125,0.40404489636421204,
2186,0.8193279504776001,0.01219940185546875,0.8217674493789673,
2187,1.0327688455581665,0.015472412109375,1.0358625650405884,
2188,0.5190322995185852,0.0107879638671875,0.5211895108222961,
2189,0.5868536233901978,0.0123138427734375,0.5893160104751587,
2190,0.6755139827728271,0.01227569580078125,0.6779687404632568,
2191,0.6057018637657166,0.01270294189453125,0.6082424521446228,
2192,0.5583666563034058,0.01087188720703125,0.560541033744812,
2193,0.5636740326881409,0.01143646240234375,0.5659609436988831,
2194,0.45515841245651245,0.00870513916015625,0.45689982175827026,
2195,0.8644428849220276,0.0138092041015625,0.8672047257423401,
2196,0.8009274005889893,0.014068603515625,0.8037407398223877,
2197,0.5299960970878601,0.01068878173828125,0.5321342349052429,
2198,0.6303389668464661,0.01519775390625,0.6333792805671692,
2199,0.6875902414321899,0.01445770263671875,0.6904817819595337,
2200,0.6085046529769897,0.013885498046875,0.6112817525863647,
2201,0.6275518536567688,0.013519287109375,0.6302564740180969,
2202,0.6093146800994873,0.015716552734375,0.6124579906463623,
2203,0.5872889161109924,0.01245880126953125,0.5897799134254456,
2204,0.542976975440979,0.01436614990234375,0.5458494424819946,
2205,0.5858815312385559,0.012481689453125,0.5883782505989075,
2206,0.8812455534934998,0.01375579833984375,0.8839959502220154,
2207,0.30349403619766235,0.00847625732421875,0.30518966913223267,
2208,0.48881515860557556,0.01178741455078125,0.4911726415157318,
2209,0.37372854351997375,0.00691986083984375,0.3751123249530792,
2210,1.2072266340255737,0.01406097412109375,1.2100380659103394,
2211,0.5346878170967102,0.01088714599609375,0.5368660092353821,
2212,0.6487708687782288,0.01131439208984375,0.6510329842567444,
2213,0.86678546667099,0.01213836669921875,0.8692135214805603,
2214,0.4386756718158722,0.009765625,0.4406287968158722,
2215,0.9066016674041748,0.00959014892578125,0.9085195064544678,
2216,0.8089288473129272,0.0108184814453125,0.8110917806625366,
2217,0.4439423680305481,0.0148162841796875,0.4469063878059387,
2218,0.7390075922012329,0.0154571533203125,0.742099404335022,
2219,0.7746798992156982,0.01282501220703125,0.777245283126831,
2220,0.7090782523155212,0.011688232421875,0.7114166617393494,
2221,0.4496169984340668,0.00832366943359375,0.4512821137905121,
2222,0.25330641865730286,0.006710052490234375,0.25464823842048645,
2223,1.4592931270599365,0.01605224609375,1.46250319480896,
2224,0.5400519967079163,0.01189422607421875,0.5424304604530334,
2225,0.6257146000862122,0.01239013671875,0.6281922459602356,
2226,0.6576110124588013,0.01049041748046875,0.659709095954895,
2227,0.8715291023254395,0.01496124267578125,0.8745217323303223,
2228,0.4921393394470215,0.0095977783203125,0.49405908584594727,
2229,0.7758963704109192,0.0155487060546875,0.7790053486824036,
2230,0.7300313711166382,0.0129241943359375,0.7326158285140991,
2231,0.5111269354820251,0.01047515869140625,0.5132212042808533,
2232,0.7703009843826294,0.0152587890625,0.7733527421951294,
2233,0.961394190788269,0.01418304443359375,0.9642304182052612,
2234,0.711391031742096,0.0111083984375,0.7136130928993225,
2235,1.0561997890472412,0.0198516845703125,1.0601708889007568,
2236,0.7350141406059265,0.0116119384765625,0.7373372912406921,
2237,0.38055920600891113,0.00882720947265625,0.3823244571685791,
2238,0.49580422043800354,0.0105743408203125,0.4979194700717926,
2239,0.6715208888053894,0.0130462646484375,0.6741301417350769,
2240,0.48133260011672974,0.0095062255859375,0.4832342267036438,
2241,0.43469077348709106,0.01111602783203125,0.43691474199295044,
2242,0.5793105363845825,0.01497650146484375,0.5823050737380981,
2243,0.5746981501579285,0.01349639892578125,0.5773970484733582,
2244,0.5603852272033691,0.011199951171875,0.562624454498291,
2245,0.41935983300209045,0.00901031494140625,0.42116227746009827,
2246,0.6850546598434448,0.0102081298828125,0.6870955228805542,
2247,0.45410966873168945,0.0087432861328125,0.4558587074279785,
2248,0.9128842949867249,0.0201568603515625,0.9169164299964905,
2249,0.635545015335083,0.0117340087890625,0.6378910541534424,
2250,0.7544322609901428,0.00882720947265625,0.7561975121498108,
2251,0.5237464308738708,0.0121917724609375,0.5261840224266052,
2252,0.5882364511489868,0.01361846923828125,0.5909601449966431,
2253,0.6474424004554749,0.011138916015625,0.6496701836585999,
2254,0.40590277314186096,0.006702423095703125,0.40724363923072815,
2255,0.38747647404670715,0.008148193359375,0.38910630345344543,
2256,0.6837853193283081,0.012664794921875,0.6863182783126831,
2257,0.766775906085968,0.0137939453125,0.7695339322090149,
2258,1.068646788597107,0.01319122314453125,1.0712846517562866,
2259,0.6941657662391663,0.0089874267578125,0.695963442325592,
2260,0.47268304228782654,0.010833740234375,0.47484979033470154,
2261,0.5363223552703857,0.00991058349609375,0.5383040904998779,
2262,0.5081519484519958,0.00893402099609375,0.5099391341209412,
2263,0.7172551155090332,0.01552581787109375,0.720360279083252,
2264,1.049837350845337,0.0150299072265625,1.0528433322906494,
2265,0.8970862627029419,0.01352691650390625,0.89979088306427,
2266,0.3981951177120209,0.00894927978515625,0.3999851644039154,
2267,0.5919758081436157,0.013885498046875,0.5947529077529907,
2268,0.5249946713447571,0.0115203857421875,0.5272987484931946,
2269,0.5053038597106934,0.01128387451171875,0.5075602531433105,
2270,0.49168860912323,0.01030731201171875,0.4937504529953003,
2271,0.3898369371891022,0.007793426513671875,0.39139524102211,
2272,0.8896424174308777,0.0151214599609375,0.8926674723625183,
2273,0.4249826967716217,0.0087432861328125,0.42673173546791077,
2274,1.155356764793396,0.02008056640625,1.1593736410140991,
2275,0.5698725581169128,0.012542724609375,0.5723807215690613,
2276,0.6052295565605164,0.01036834716796875,0.6073028445243835,
2277,0.6261842250823975,0.00946807861328125,0.6280782222747803,
2278,0.7987898588180542,0.0177459716796875,0.8023394346237183,
2279,0.9373889565467834,0.01531982421875,0.9404521584510803,
2280,0.4998473525047302,0.0084381103515625,0.5015353560447693,
2281,0.5484519600868225,0.0106201171875,0.5505767464637756,
2282,0.7667891383171082,0.0110626220703125,0.7690016627311707,
2283,0.6336424350738525,0.01058197021484375,0.6357595920562744,
2284,0.5603739619255066,0.01065826416015625,0.562506377696991,
2285,0.649530291557312,0.01215362548828125,0.6519602537155151,
2286,0.6680064797401428,0.01194000244140625,0.6703944802284241,
2287,1.038569688796997,0.0173187255859375,1.0420334339141846,
2288,1.0039597749710083,0.01523590087890625,1.0070077180862427,
2289,0.7195895314216614,0.0122222900390625,0.722034752368927,
2290,0.5570535063743591,0.011627197265625,0.5593785643577576,
2291,0.7448548674583435,0.01329803466796875,0.7475137114524841,
2292,0.4653378129005432,0.0094757080078125,0.46723276376724243,
2293,0.42836129665374756,0.00977325439453125,0.43031632900238037,
2294,0.8827111124992371,0.01279449462890625,0.8852707743644714,
2295,0.6758312582969666,0.01203155517578125,0.6782383322715759,
2296,0.6471369862556458,0.0096282958984375,0.64906245470047,
2297,1.1301286220550537,0.01558685302734375,1.1332452297210693,
2298,0.755103588104248,0.01161956787109375,0.7574267387390137,
2299,0.27738144993782043,0.005126953125,0.27840664982795715,
2300,0.36262810230255127,0.00757598876953125,0.3641434907913208,
2301,0.4443008601665497,0.011199951171875,0.44654008746147156,
2302,0.732273280620575,0.0130157470703125,0.734876811504364,
2303,0.43407130241394043,0.0064697265625,0.4353654384613037,
2304,0.605883002281189,0.01154327392578125,0.6081908941268921,
2305,0.573054313659668,0.010833740234375,0.575221061706543,
2306,0.786004900932312,0.0128021240234375,0.7885645627975464,
2307,0.6941331028938293,0.00946807861328125,0.6960271000862122,
2308,0.6155707240104675,0.01141357421875,0.6178538203239441,
2309,0.3782198429107666,0.00821685791015625,0.37986302375793457,
2310,0.6199836134910583,0.0087432861328125,0.6217326521873474,
2311,0.87229984998703,0.0131072998046875,0.8749205470085144,
2312,0.5504781007766724,0.008941650390625,0.5522662401199341,
2313,0.45735618472099304,0.007274627685546875,0.458811491727829,
2314,0.5756999254226685,0.0121612548828125,0.5781317949295044,
2315,0.6576821208000183,0.009765625,0.6596352458000183,
2316,0.6554347276687622,0.0127105712890625,0.6579772233963013,
2317,0.5734730362892151,0.010772705078125,0.5756283402442932,
2318,0.7702959775924683,0.0165557861328125,0.7736071348190308,
2319,1.1666650772094727,0.0141143798828125,1.1694879531860352,
2320,0.43314144015312195,0.00998687744140625,0.43513843417167664,
2321,0.9393594861030579,0.011810302734375,0.9417207837104797,
2322,0.7577393651008606,0.0143585205078125,0.7606118321418762,
2323,1.1007436513900757,0.016143798828125,1.1039727926254272,
2324,0.3893369734287262,0.00820159912109375,0.39097729325294495,
2325,0.5987244844436646,0.01244354248046875,0.6012135744094849,
2326,0.46678245067596436,0.01093292236328125,0.4689682722091675,
2327,0.576431155204773,0.01311492919921875,0.5790537595748901,
2328,0.7887598276138306,0.01065826416015625,0.7908922433853149,
2329,0.4155139923095703,0.00824737548828125,0.4171638488769531,
2330,0.47568756341934204,0.007480621337890625,0.47718387842178345,
2331,0.7263876795768738,0.01091766357421875,0.7285715937614441,
2332,1.0840344429016113,0.013580322265625,1.0867505073547363,
2333,0.6112962365150452,0.0163421630859375,0.6145654320716858,
2334,1.0151640176773071,0.0145416259765625,1.0180727243423462,
2335,1.0080487728118896,0.01396942138671875,1.01084303855896,
2336,0.3586770296096802,0.00951385498046875,0.36057960987091064,
2337,0.7752463817596436,0.01255035400390625,0.7777564525604248,
2338,0.6539431810379028,0.0113525390625,0.6562129259109497,
2339,0.5238155126571655,0.0103759765625,0.5258907079696655,
2340,0.938932478427887,0.0131072998046875,0.9415531754493713,
2341,0.5892863273620605,0.0095062255859375,0.5911879539489746,
2342,0.751695990562439,0.0121002197265625,0.754116415977478,
2343,0.8326032757759094,0.0116119384765625,0.834926426410675,
2344,0.8296943306922913,0.0122222900390625,0.8321395516395569,
2345,0.8713897466659546,0.01434326171875,0.8742583990097046,
2346,0.7677697539329529,0.017822265625,0.7713345885276794,
2347,0.6437373757362366,0.00801849365234375,0.6453414559364319,
2348,0.6075756549835205,0.00994110107421875,0.6095631122589111,
2349,0.8117964863777161,0.014434814453125,0.8146842122077942,
2350,0.41262519359588623,0.01027679443359375,0.4146813154220581,
2351,0.500154435634613,0.01078033447265625,0.5023097395896912,
2352,0.7803870439529419,0.0120697021484375,0.7828017473220825,
2353,0.9470544457435608,0.012359619140625,0.9495263695716858,
2354,0.4530159533023834,0.00787353515625,0.45459046959877014,
2355,0.6961146593093872,0.01116180419921875,0.6983462572097778,
2356,0.47195151448249817,0.006443023681640625,0.473239928483963,
2357,0.8024437427520752,0.0113372802734375,0.8047115802764893,
2358,0.3811752200126648,0.0096435546875,0.38310354948043823,
2359,1.2383466958999634,0.0124053955078125,1.2408281564712524,
2360,0.29143026471138,0.006496429443359375,0.2927291691303253,
2361,0.9487105011940002,0.01349639892578125,0.9514093995094299,
2362,0.6806356310844421,0.012725830078125,0.683180034160614,
2363,0.7715488076210022,0.01186370849609375,0.773921549320221,
2364,0.984470784664154,0.01708984375,0.987888753414154,
2365,0.3678286075592041,0.00685882568359375,0.3691999912261963,
2366,0.6879655122756958,0.01529693603515625,0.691024899482727,
2367,0.5477749109268188,0.00945281982421875,0.549665093421936,
2368,0.4347628355026245,0.0077972412109375,0.43632209300994873,
2369,0.6643149256706238,0.0123748779296875,0.6667906641960144,
2370,0.6479741930961609,0.01202392578125,0.6503793597221375,
2371,0.4257446527481079,0.00734710693359375,0.42721426486968994,
2372,0.653480589389801,0.01093292236328125,0.6556664109230042,
2373,0.6878398060798645,0.01326751708984375,0.6904929280281067,
2374,1.0921646356582642,0.01280975341796875,1.0947262048721313,
2375,0.5039958357810974,0.01263427734375,0.506523072719574,
2376,0.4344477653503418,0.006465911865234375,0.43574094772338867,
2377,0.5881832838058472,0.01328277587890625,0.590840220451355,
2378,0.3221900761127472,0.00557708740234375,0.3233058750629425,
2379,0.8734400868415833,0.0150146484375,0.8764422535896301,
2380,0.6227941513061523,0.00799560546875,0.6243934631347656,
2381,0.76474529504776,0.01116943359375,0.7669788002967834,
2382,0.6560023427009583,0.00960540771484375,0.6579230427742004,
2383,0.5303860902786255,0.01097869873046875,0.5325814485549927,
2384,0.6390627026557922,0.0134124755859375,0.6417444348335266,
2385,0.5020211338996887,0.00855255126953125,0.5037320256233215,
2386,0.5991471409797668,0.0102996826171875,0.6012070775032043,
2387,0.7077919840812683,0.0120849609375,0.7102085947990417,
2388,0.5046812295913696,0.01024627685546875,0.5067297220230103,
2389,0.7731794118881226,0.0102691650390625,0.7752336263656616,
2390,0.70647132396698,0.01215362548828125,0.7089012861251831,
2391,0.9805694818496704,0.0116119384765625,0.982892632484436,
2392,0.8898544311523438,0.0163116455078125,0.8931159973144531,
2393,0.3485289216041565,0.005615234375,0.34965234994888306,
2394,0.7029797434806824,0.01079559326171875,0.7051388621330261,
2395,0.5847277045249939,0.0081329345703125,0.586354672908783,
2396,0.811437726020813,0.01099395751953125,0.8136368989944458,
2397,0.7155199646949768,0.01302337646484375,0.7181254029273987,
2398,0.6527305245399475,0.0097198486328125,0.6546741127967834,
2399,1.1804736852645874,0.01593017578125,1.1836589574813843,
2400,0.6394639611244202,0.0118560791015625,0.6418347954750061,
2401,0.5360251665115356,0.008453369140625,0.5377160310745239,
2402,0.575181245803833,0.0097808837890625,0.5771381855010986,
2403,0.407181978225708,0.009521484375,0.4090864658355713,
2404,0.9025940895080566,0.01219940185546875,0.9050335884094238,
2405,0.7151106595993042,0.0111236572265625,0.7173346281051636,
2406,0.6309941411018372,0.01084136962890625,0.633162796497345,
2407,0.3907419741153717,0.0078582763671875,0.3923136293888092,
2408,0.5613300204277039,0.008697509765625,0.5630695223808289,
2409,0.5737663507461548,0.01010894775390625,0.575788140296936,
2410,1.250339150428772,0.01320648193359375,1.2529808282852173,
2411,0.49771061539649963,0.0076904296875,0.4992488920688629,
2412,0.5820937156677246,0.01291656494140625,0.5846762657165527,
2413,0.6265010237693787,0.00949859619140625,0.6284007430076599,
2414,0.7353798747062683,0.011749267578125,0.7377297282218933,
2415,0.5890339612960815,0.010528564453125,0.5911396741867065,
2416,0.41707539558410645,0.007762908935546875,0.4186279773712158,
2417,0.8407779335975647,0.01102447509765625,0.842982828617096,
2418,0.558984100818634,0.0105133056640625,0.5610859990119934,
2419,0.6743232011795044,0.01045989990234375,0.6764155626296997,
2420,0.6608948707580566,0.01085662841796875,0.6630654335021973,
2421,0.43795397877693176,0.00966644287109375,0.43988707661628723,
2422,0.30713388323783875,0.00690460205078125,0.308514803647995,
2423,0.42106059193611145,0.009613037109375,0.42298319935798645,
2424,0.43929335474967957,0.00948333740234375,0.4411902129650116,
2425,0.8312522172927856,0.015838623046875,0.8344203233718872,
2426,0.4684734046459198,0.009246826171875,0.4703225791454315,
2427,0.5838671326637268,0.01042938232421875,0.5859537720680237,
2428,0.5767268538475037,0.0110626220703125,0.5789393782615662,
2429,0.7199841737747192,0.014984130859375,0.7229806184768677,
2430,0.483987420797348,0.009613037109375,0.485910028219223,
2431,0.27610766887664795,0.007762908935546875,0.2776602506637573,
2432,0.9238510131835938,0.0146026611328125,0.9267711639404297,
2433,0.7173656821250916,0.01012420654296875,0.7193912863731384,
2434,0.4866354763507843,0.00937652587890625,0.488510400056839,
2435,0.7498634457588196,0.013946533203125,0.7526519894599915,
2436,1.5268323421478271,0.025543212890625,1.531940221786499,
2437,0.5810456275939941,0.01184844970703125,0.5834145545959473,
2438,1.3288582563400269,0.016845703125,1.3322266340255737,
2439,0.6879385113716125,0.009307861328125,0.6898000836372375,
2440,0.9491053819656372,0.0117950439453125,0.9514647722244263,
2441,1.3288837671279907,0.01404571533203125,1.3316932916641235,
2442,0.7466493844985962,0.008880615234375,0.7484251260757446,
2443,0.7307051420211792,0.0096588134765625,0.7326372861862183,
2444,0.9779065251350403,0.016845703125,0.9812749028205872,
2445,0.8743211030960083,0.01309967041015625,0.8769418001174927,
2446,0.32758772373199463,0.0103607177734375,0.329659104347229,
2447,0.8121557235717773,0.017578125,0.8156709671020508,
2448,0.5433831214904785,0.0103302001953125,0.5454487800598145,
2449,0.952049970626831,0.01434326171875,0.954918622970581,
2450,0.7359758615493774,0.00946044921875,0.7378679513931274,
2451,0.573066234588623,0.00899505615234375,0.5748648643493652,
2452,0.8680827021598816,0.0117645263671875,0.8704363703727722,
2453,0.3984715938568115,0.0091552734375,0.4003026485443115,
2454,0.6124427318572998,0.01226043701171875,0.6148955821990967,
2455,0.3393656015396118,0.00652313232421875,0.34067022800445557,
2456,0.6171496510505676,0.0086669921875,0.6188834309577942,
2457,0.7524809837341309,0.009307861328125,0.7543425559997559,
2458,0.28339990973472595,0.00650787353515625,0.2847016751766205,
2459,0.4626392126083374,0.0089569091796875,0.46443021297454834,
2460,0.7846928238868713,0.01184844970703125,0.7870617508888245,
2461,0.613804042339325,0.0084991455078125,0.6155034899711609,
2462,0.6814903616905212,0.0111236572265625,0.6837143301963806,
2463,0.8235716819763184,0.01209259033203125,0.8259902000427246,
2464,0.8395121097564697,0.012359619140625,0.8419840335845947,
2465,0.7637417316436768,0.01216888427734375,0.7661755084991455,
2466,0.6801943182945251,0.01788330078125,0.6837705969810486,
2467,0.41721653938293457,0.010223388671875,0.41926121711730957,
2468,0.7312579154968262,0.0158843994140625,0.7344355583190918,
2469,0.8133007287979126,0.01126861572265625,0.815555214881897,
2470,0.544110894203186,0.009857177734375,0.5460830926895142,
2471,0.5054137706756592,0.0090484619140625,0.5072238445281982,
2472,0.7702574729919434,0.0153045654296875,0.7733187675476074,
2473,0.849387526512146,0.0159149169921875,0.8525708913803101,
2474,0.5708667635917664,0.01128387451171875,0.5731231570243835,
2475,0.6563807725906372,0.01058197021484375,0.6584979295730591,
2476,0.6143161654472351,0.01016998291015625,0.6163493990898132,
2477,1.1237550973892212,0.0183563232421875,1.1274267435073853,
2478,0.7974040508270264,0.0130767822265625,0.8000190258026123,
2479,0.5216383934020996,0.0101776123046875,0.5236735343933105,
2480,0.7214495539665222,0.01360321044921875,0.7241694331169128,
2481,0.41905683279037476,0.00994110107421875,0.4210442900657654,
2482,1.0403176546096802,0.0167694091796875,1.0436707735061646,
2483,0.3702724277973175,0.0093841552734375,0.372149258852005,
2484,0.7260443568229675,0.01256561279296875,0.7285582423210144,
2485,0.9260981678962708,0.01580810546875,0.9292605519294739,
2486,0.7475723028182983,0.01242828369140625,0.750057578086853,
2487,1.0457203388214111,0.01532745361328125,1.0487854480743408,
2488,0.6548088788986206,0.01468658447265625,0.6577461957931519,
2489,0.5912902355194092,0.01105499267578125,0.5935008525848389,
2490,0.9203562140464783,0.01250457763671875,0.9228567481040955,
2491,0.7748683094978333,0.0165252685546875,0.7781737446784973,
2492,0.630097508430481,0.0115966796875,0.632416844367981,
2493,0.5492953062057495,0.01120758056640625,0.5515364408493042,
2494,0.4019082486629486,0.008056640625,0.40351995825767517,
2495,0.7163835763931274,0.01308441162109375,0.7190004587173462,
2496,0.7130857110023499,0.0120086669921875,0.7154870629310608,
2497,0.4612129330635071,0.01123809814453125,0.4634597897529602,
2498,0.613213062286377,0.01461029052734375,0.6161351203918457,
2499,0.32860204577445984,0.00812530517578125,0.3302271068096161,
2500,0.30757224559783936,0.00792694091796875,0.30915725231170654,
2501,0.8274374604225159,0.01305389404296875,0.8300486207008362,
2502,0.7311684489250183,0.01183319091796875,0.7335354685783386,
2503,0.5902429223060608,0.0105438232421875,0.5923524498939514,
2504,0.7055032253265381,0.01407623291015625,0.7083184719085693,
2505,0.7985410094261169,0.0128173828125,0.8011044859886169,
2506,0.7578918933868408,0.01210784912109375,0.7603142261505127,
2507,0.47036248445510864,0.00786590576171875,0.47193604707717896,
2508,0.6087834239006042,0.01055908203125,0.6108948588371277,
2509,0.3246985673904419,0.006618499755859375,0.32602226734161377,
2510,0.4619298577308655,0.00954437255859375,0.4638391137123108,
2511,0.3707205355167389,0.007598876953125,0.37224069237709045,
2512,0.6332716941833496,0.010040283203125,0.6352801322937012,
2513,0.6593538522720337,0.0119171142578125,0.6617380380630493,
2514,0.6096721887588501,0.01055908203125,0.6117836236953735,
2515,0.9134870171546936,0.0165863037109375,0.9168038964271545,
2516,0.3948906660079956,0.00765228271484375,0.39642131328582764,
2517,0.6497241854667664,0.01161956787109375,0.652047336101532,
2518,0.6489819884300232,0.0105743408203125,0.6510972380638123,
2519,1.2181893587112427,0.0159912109375,1.2213879823684692,
2520,0.6833537220954895,0.0101470947265625,0.685383141040802,
2521,1.1245099306106567,0.01549530029296875,1.127609372138977,
2522,0.8860902190208435,0.018798828125,0.8898496031761169,
2523,0.8208406567573547,0.016357421875,0.8241117596626282,
2524,0.6439863443374634,0.0171661376953125,0.6474195718765259,
2525,0.7478021383285522,0.01263427734375,0.7503293752670288,
2526,0.3019019067287445,0.008453369140625,0.3035927712917328,
2527,0.531177282333374,0.0104827880859375,0.533273458480835,
2528,0.5916276574134827,0.01100921630859375,0.5938287377357483,
2529,0.49365827441215515,0.00914764404296875,0.49548742175102234,
2530,0.6922885775566101,0.013946533203125,0.695077121257782,
2531,0.5099741816520691,0.01094818115234375,0.5121638178825378,
2532,1.0182178020477295,0.01268768310546875,1.0207545757293701,
2533,0.7086362242698669,0.01308441162109375,0.7112531065940857,
2534,0.5189822912216187,0.0093536376953125,0.5208534002304077,
2535,0.4856218099594116,0.0129547119140625,0.488211989402771,
2536,0.6727009415626526,0.01050567626953125,0.674802839756012,
2537,0.5000041127204895,0.0118865966796875,0.5023806691169739,
2538,0.363994300365448,0.0079345703125,0.365581214427948,
2539,0.4874867796897888,0.00868988037109375,0.489224374294281,
2540,0.5228131413459778,0.00786590576171875,0.5243867039680481,
2541,0.6359419822692871,0.01116943359375,0.6381754875183105,
2542,0.712211012840271,0.011962890625,0.7146028280258179,
2543,0.7682026624679565,0.009857177734375,0.7701748609542847,
2544,0.4848429262638092,0.009552001953125,0.4867531359195709,
2545,0.8832013010978699,0.01207733154296875,0.8856160044670105,
2546,1.024980068206787,0.01065826416015625,1.0271124839782715,
2547,1.2060668468475342,0.013519287109375,1.2087714672088623,
2548,0.3863327205181122,0.0055084228515625,0.3874342143535614,
2549,0.5028714537620544,0.00960540771484375,0.5047921538352966,
2550,0.6983315348625183,0.01055145263671875,0.7004410624504089,
2551,0.5958900451660156,0.01123809814453125,0.5981369018554688,
2552,0.2838507890701294,0.007335662841796875,0.2853175401687622,
2553,0.454579621553421,0.00835418701171875,0.45625045895576477,
2554,0.37675201892852783,0.00848388671875,0.37844860553741455,
2555,0.8042566180229187,0.0128021240234375,0.8068162798881531,
2556,1.3838096857070923,0.01605224609375,1.3870197534561157,
2557,1.3356863260269165,0.019439697265625,1.3395735025405884,
2558,0.8584190607070923,0.01517486572265625,0.861453652381897,
2559,0.5666250586509705,0.00946807861328125,0.5685190558433533,
2560,0.3969757556915283,0.00896453857421875,0.39876866340637207,
2561,0.679415762424469,0.0134429931640625,0.6821051239967346,
2562,0.7351391315460205,0.01053619384765625,0.7372467517852783,
2563,1.0965137481689453,0.01140594482421875,1.098794937133789,
2564,0.4573862552642822,0.0119781494140625,0.4597818851470947,
2565,0.51226407289505,0.0116119384765625,0.5145872235298157,
2566,0.7612504363059998,0.0123748779296875,0.7637261748313904,
2567,0.8197557926177979,0.00998687744140625,0.8217527866363525,
2568,0.6187890768051147,0.007724761962890625,0.6203340291976929,
2569,1.0860397815704346,0.01262664794921875,1.0885651111602783,
2570,0.8519161343574524,0.01275634765625,0.8544681668281555,
2571,0.5006012916564941,0.0095367431640625,0.5025086402893066,
2572,0.6032202839851379,0.01239776611328125,0.6056998372077942,
2573,0.6095841526985168,0.01158905029296875,0.611901581287384,
2574,0.5071326494216919,0.00798797607421875,0.5087300539016724,
2575,0.4485626816749573,0.008544921875,0.4502716660499573,
2576,0.43096378445625305,0.0081329345703125,0.4325907528400421,
2577,0.4580629765987396,0.007244110107421875,0.4595116078853607,
2578,0.5377628207206726,0.0089111328125,0.5395452380180359,
2579,0.8822134137153625,0.0121002197265625,0.8846338391304016,
2580,0.528076171875,0.0089569091796875,0.5298671722412109,
2581,0.512725830078125,0.013427734375,0.515411376953125,
2582,0.442973256111145,0.007328033447265625,0.4444390535354614,
2583,0.6949147582054138,0.01020050048828125,0.6969556212425232,
2584,0.46536985039711,0.009796142578125,0.4673286974430084,
2585,0.5795765519142151,0.01000213623046875,0.5815773606300354,
2586,0.606040894985199,0.01142120361328125,0.6083258986473083,
2587,0.8913878202438354,0.01212310791015625,0.8938120603561401,
2588,0.5909677147865295,0.01340484619140625,0.5936494469642639,
2589,0.6741882562637329,0.0113067626953125,0.6764503717422485,
2590,0.41583681106567383,0.01268768310546875,0.41837358474731445,
2591,0.8360646963119507,0.01332855224609375,0.8387311697006226,
2592,0.9758971929550171,0.00982666015625,0.977861762046814,
2593,0.5839751958847046,0.01232147216796875,0.5864394903182983,
2594,0.6810358166694641,0.0093841552734375,0.6829126477241516,
2595,0.5295223593711853,0.010498046875,0.5316223502159119,
2596,0.8660315275192261,0.01354217529296875,0.8687399625778198,
2597,0.928928017616272,0.0154571533203125,0.932019829750061,
2598,1.032024621963501,0.01407623291015625,1.0348398685455322,
2599,0.42599451541900635,0.01062774658203125,0.4281193017959595,
2600,0.39275461435317993,0.007415771484375,0.39423757791519165,
2601,0.42693981528282166,0.0172576904296875,0.4303921163082123,
2602,0.5655730962753296,0.00925445556640625,0.5674241781234741,
2603,0.34387102723121643,0.00682830810546875,0.3452366888523102,
2604,0.45810583233833313,0.00946044921875,0.45999792218208313,
2605,0.36714884638786316,0.00836181640625,0.3688215911388397,
2606,0.3896007537841797,0.0093994140625,0.3914804458618164,
2607,0.5779550671577454,0.0097198486328125,0.5798986554145813,
2608,0.7981089353561401,0.01087188720703125,0.8002833127975464,
2609,1.0320725440979004,0.01279449462890625,1.0346322059631348,
2610,0.3048035502433777,0.00804901123046875,0.30641335248947144,
2611,0.5893780589103699,0.0105133056640625,0.5914799571037292,
2612,0.4235124886035919,0.00798797607421875,0.4251098930835724,
2613,0.7345461249351501,0.0126190185546875,0.7370695471763611,
2614,0.7904269695281982,0.01216888427734375,0.792860746383667,
2615,0.6354942917823792,0.01061248779296875,0.6376171708106995,
2616,0.3895663321018219,0.007442474365234375,0.39105501770973206,
2617,0.8601252436637878,0.0132598876953125,0.8627764582633972,
2618,0.7355222105979919,0.01318359375,0.7381581664085388,
2619,0.32305872440338135,0.006542205810546875,0.3243671655654907,
2620,0.5029298067092896,0.00909423828125,0.5047484636306763,
2621,0.6573519110679626,0.016326904296875,0.6606172919273376,
2622,0.8742793202400208,0.01708984375,0.8776972889900208,
2623,0.8602454662322998,0.0104522705078125,0.8623359203338623,
2624,0.7166737914085388,0.01424407958984375,0.7195233702659607,
2625,0.4615159332752228,0.00568389892578125,0.46265271306037903,
2626,0.40746042132377625,0.006351470947265625,0.40873071551322937,
2627,0.653235673904419,0.01302337646484375,0.6558411121368408,
2628,0.6072948575019836,0.01126861572265625,0.609549343585968,
2629,0.5105803608894348,0.00882720947265625,0.5123456120491028,
2630,0.6601445078849792,0.01385498046875,0.6629158854484558,
2631,0.5273495316505432,0.01099395751953125,0.529548704624176,
2632,0.7335798740386963,0.014129638671875,0.7364065647125244,
2633,0.529929518699646,0.014129638671875,0.5327562093734741,
2634,0.6753145456314087,0.01529693603515625,0.6783739328384399,
2635,0.29232877492904663,0.0085296630859375,0.2940348982810974,
2636,0.5222172737121582,0.009979248046875,0.5242123603820801,
2637,0.9601690769195557,0.0180206298828125,0.9637739658355713,
2638,0.7543596029281616,0.0135650634765625,0.757071852684021,
2639,0.3209642767906189,0.010223388671875,0.3230089545249939,
2640,1.0936613082885742,0.0135955810546875,1.0963811874389648,
2641,0.2833765745162964,0.007030487060546875,0.2847822904586792,
2642,0.45491042733192444,0.0115203857421875,0.45721450448036194,
2643,0.6616169810295105,0.0110931396484375,0.6638352274894714,
2644,0.5441076755523682,0.0085601806640625,0.5458195209503174,
2645,0.43556728959083557,0.01313018798828125,0.4381937086582184,
2646,0.7304947972297668,0.011322021484375,0.7327588200569153,
2647,0.4781850278377533,0.0123748779296875,0.4806607663631439,
2648,0.7144241333007812,0.0175018310546875,0.7179241180419922,
2649,0.6801485419273376,0.0100250244140625,0.6821531653404236,
2650,0.6587214469909668,0.0079498291015625,0.660311222076416,
2651,0.30748364329338074,0.00933074951171875,0.30934998393058777,
2652,0.29418742656707764,0.0084991455078125,0.2958868741989136,
2653,0.7558884620666504,0.01457977294921875,0.7588047981262207,
2654,0.4447876811027527,0.00931549072265625,0.4466511607170105,
2655,0.36256784200668335,0.006298065185546875,0.363827645778656,
2656,0.5055976510047913,0.007175445556640625,0.5070329308509827,
2657,0.6924788355827332,0.008575439453125,0.6941935420036316,
2658,0.5237717032432556,0.00971221923828125,0.5257143378257751,
2659,0.6906355619430542,0.00921630859375,0.6924790143966675,
2660,0.7311283349990845,0.0177459716796875,0.7346779108047485,
2661,0.9487112164497375,0.0124053955078125,0.9511926770210266,
2662,0.5444464087486267,0.012451171875,0.5469374060630798,
2663,0.7352098822593689,0.01154327392578125,0.737517774105072,
2664,0.9337323904037476,0.0107879638671875,0.9358896017074585,
2665,0.8796430230140686,0.00980377197265625,0.8816037774085999,
2666,0.8924742341041565,0.01032257080078125,0.8945379853248596,
2667,0.6279090046882629,0.0116424560546875,0.630237877368927,
2668,0.5393593311309814,0.0117645263671875,0.5417129993438721,
2669,0.5142528414726257,0.0119781494140625,0.5166484713554382,
2670,0.6159012913703918,0.01342010498046875,0.618584930896759,
2671,0.7844358086585999,0.013153076171875,0.7870660424232483,
2672,0.6224580407142639,0.00943756103515625,0.6243453621864319,
2673,0.6209879517555237,0.01079559326171875,0.6231470704078674,
2674,0.604885458946228,0.01122283935546875,0.6071304082870483,
2675,0.5018509030342102,0.01003265380859375,0.503857433795929,
2676,0.5016322135925293,0.00974273681640625,0.5035805702209473,
2677,0.43177691102027893,0.01088714599609375,0.4339551031589508,
2678,0.30338597297668457,0.00777435302734375,0.30494046211242676,
2679,0.4283108711242676,0.010101318359375,0.430330753326416,
2680,0.4927390217781067,0.0093994140625,0.4946187138557434,
2681,0.2836558520793915,0.0078277587890625,0.28522178530693054,
2682,0.53216552734375,0.0079498291015625,0.5337553024291992,
2683,0.49307307600975037,0.007770538330078125,0.49462756514549255,
2684,0.6377278566360474,0.01151275634765625,0.640030026435852,
2685,0.6633774638175964,0.00980377197265625,0.6653382182121277,
2686,0.8772531151771545,0.0109710693359375,0.8794465661048889,
2687,0.698310375213623,0.0122528076171875,0.7007613182067871,
2688,0.5974796414375305,0.008575439453125,0.599194347858429,
2689,0.8717932105064392,0.01074981689453125,0.8739427924156189,
2690,0.3961678445339203,0.007965087890625,0.3977604806423187,
2691,0.7544298768043518,0.01149749755859375,0.7567301392555237,
2692,0.4575020372867584,0.00814056396484375,0.4591299593448639,
2693,0.4051316976547241,0.00930023193359375,0.4069913625717163,
2694,0.8889631628990173,0.01322174072265625,0.8916067481040955,
2695,0.5490858554840088,0.00954437255859375,0.5509951114654541,
2696,0.9632987380027771,0.0189056396484375,0.9670791029930115,
2697,0.5680734515190125,0.011322021484375,0.5703374743461609,
2698,0.9715555310249329,0.017425537109375,0.9750402569770813,
2699,0.5751961469650269,0.01146697998046875,0.5774887800216675,
2700,0.625998854637146,0.01369476318359375,0.6287378072738647,
2701,0.524401843547821,0.00701904296875,0.525805652141571,
2702,0.6701769232749939,0.0126495361328125,0.6727060675621033,
2703,0.5623003244400024,0.00821685791015625,0.5639435052871704,
2704,0.8607288002967834,0.01244354248046875,0.8632178902626038,
2705,0.42949849367141724,0.00876617431640625,0.4312513470649719,
2706,0.8605278134346008,0.013671875,0.863262951374054,
2707,0.5013429522514343,0.0099334716796875,0.503330409526825,
2708,0.9737423658370972,0.01554107666015625,0.9768513441085815,
2709,0.5706049799919128,0.0152435302734375,0.5736529231071472,
2710,0.24834169447422028,0.006092071533203125,0.24956049025058746,
2711,0.8074091076850891,0.01287078857421875,0.809984028339386,
2712,0.5263205170631409,0.0098724365234375,0.5282946228981018,
2713,0.6838549375534058,0.01261138916015625,0.6863764524459839,
2714,0.8402611613273621,0.0192718505859375,0.8441159129142761,
2715,0.610479474067688,0.01123046875,0.6127263307571411,
2716,0.3678136467933655,0.00836944580078125,0.36948734521865845,
2717,0.9384324550628662,0.01296234130859375,0.9410245418548584,
2718,0.9275166392326355,0.01215362548828125,0.9299466013908386,
2719,0.797356367111206,0.01508331298828125,0.8003737926483154,
2720,0.9504113793373108,0.0131378173828125,0.9530397057533264,
2721,0.6800701022148132,0.00911712646484375,0.681893527507782,
2722,0.40884140133857727,0.00719451904296875,0.4102804958820343,
2723,0.3847915828227997,0.01064300537109375,0.38692018389701843,
2724,0.36057597398757935,0.0121307373046875,0.36300212144851685,
2725,0.5413830280303955,0.0137481689453125,0.5441334247589111,
2726,0.5743190050125122,0.0090179443359375,0.5761224031448364,
2727,0.8932841420173645,0.01308441162109375,0.8959010243415833,
2728,0.7189089059829712,0.00836181640625,0.7205816507339478,
2729,0.8594366312026978,0.023681640625,0.864174485206604,
2730,0.4650114178657532,0.010223388671875,0.4670560956001282,
2731,0.580292284488678,0.0095367431640625,0.5821996331214905,
2732,0.6033194661140442,0.01004791259765625,0.6053298115730286,
2733,0.7817686200141907,0.01277923583984375,0.7843244671821594,
2734,0.5378370881080627,0.01061248779296875,0.5399599671363831,
2735,0.8466459512710571,0.011444091796875,0.8489347696304321,
2736,0.6825303435325623,0.01367950439453125,0.6852654814720154,
2737,0.6118875741958618,0.014007568359375,0.6146894693374634,
2738,0.9330980777740479,0.014190673828125,0.9359362125396729,
2739,0.41234612464904785,0.007617950439453125,0.41387009620666504,
2740,0.5086793303489685,0.00838470458984375,0.5103558897972107,
2741,0.8293939232826233,0.0101470947265625,0.8314233422279358,
2742,0.42106905579566956,0.009918212890625,0.42305269837379456,
2743,0.41518276929855347,0.00826263427734375,0.4168354868888855,
2744,0.6639401912689209,0.0133819580078125,0.6666162014007568,
2745,0.4474603533744812,0.00858306884765625,0.44917696714401245,
2746,0.3659961521625519,0.006725311279296875,0.3673408329486847,
2747,0.866178035736084,0.01444244384765625,0.8690657615661621,
2748,0.8629289865493774,0.01141357421875,0.865212082862854,
2749,0.48870888352394104,0.00930023193359375,0.4905685484409332,
2750,0.5425387024879456,0.00870513916015625,0.5442801117897034,
2751,0.519747793674469,0.0099029541015625,0.5217276215553284,
2752,0.557529866695404,0.00963592529296875,0.5594572424888611,
2753,0.9755699634552002,0.01450347900390625,0.978471040725708,
2754,0.525117039680481,0.00830078125,0.5267773866653442,
2755,0.7699974775314331,0.00983428955078125,0.7719639539718628,
2756,1.1215170621871948,0.013671875,1.124252200126648,
2757,0.5753631591796875,0.0093841552734375,0.577239990234375,
2758,0.6066827774047852,0.01140594482421875,0.6089639663696289,
2759,0.5815150141716003,0.010101318359375,0.5835348963737488,
2760,0.580435037612915,0.01125335693359375,0.5826857089996338,
2761,0.6469076871871948,0.01213836669921875,0.6493357419967651,
2762,0.39415243268013,0.00801849365234375,0.3957565128803253,
2763,1.0405529737472534,0.016754150390625,1.043904185295105,
2764,0.7585708498954773,0.0178070068359375,0.7621318697929382,
2765,0.8319590091705322,0.0163116455078125,0.8352205753326416,
2766,0.6970047354698181,0.0116424560546875,0.6993336081504822,
2767,0.2899160087108612,0.009490966796875,0.29181382060050964,
2768,0.4873981177806854,0.009552001953125,0.48930832743644714,
2769,0.5602959394454956,0.0149078369140625,0.5632771253585815,
2770,0.7909860014915466,0.01140594482421875,0.7932671904563904,
2771,0.8394884467124939,0.014984130859375,0.8424848914146423,
2772,0.8045322895050049,0.0160369873046875,0.8077404499053955,
2773,1.0653480291366577,0.0107421875,1.0674957036972046,
2774,0.4352133870124817,0.0082855224609375,0.43687087297439575,
2775,0.575997531414032,0.00821685791015625,0.5776407122612,
2776,0.6918045878410339,0.01264190673828125,0.6943337321281433,
2777,0.7262402772903442,0.01184844970703125,0.7286092042922974,
2778,0.5249718427658081,0.00994873046875,0.5269612073898315,
2779,0.6337435245513916,0.00946044921875,0.6356356143951416,
2780,0.5323662757873535,0.009124755859375,0.5341916084289551,
2781,0.9821637868881226,0.00861358642578125,0.9838861227035522,
2782,0.30914703011512756,0.005558013916015625,0.31025901436805725,
2783,0.6653189063072205,0.0089874267578125,0.6671165823936462,
2784,0.7543447613716125,0.01056671142578125,0.7564581036567688,
2785,0.5138136744499207,0.009552001953125,0.5157238841056824,
2786,0.5023167133331299,0.00969696044921875,0.5042564868927002,
2787,0.5168794989585876,0.00714111328125,0.5183081030845642,
2788,0.5611811876296997,0.0104522705078125,0.5632716417312622,
2789,0.9609037637710571,0.0129241943359375,0.9634882211685181,
2790,0.4973626434803009,0.008941650390625,0.4991507828235626,
2791,0.6531072854995728,0.01222991943359375,0.6555525064468384,
2792,0.532921552658081,0.01019287109375,0.5349605083465576,
2793,0.7162712812423706,0.0139923095703125,0.7190693616867065,
2794,0.9362108707427979,0.0146026611328125,0.9391310214996338,
2795,1.0755263566970825,0.0168914794921875,1.0789042711257935,
2796,0.5591877698898315,0.0097198486328125,0.5611313581466675,
2797,0.6914768815040588,0.01100921630859375,0.6936779618263245,
2798,0.39988091588020325,0.0074310302734375,0.4013667404651642,
2799,0.31462347507476807,0.007030487060546875,0.3160291910171509,
2800,0.5029268264770508,0.01181793212890625,0.5052900314331055,
2801,0.6287984848022461,0.0102386474609375,0.6308469772338867,
2802,0.3552810251712799,0.006603240966796875,0.35660186409950256,
2803,0.9825395941734314,0.0120086669921875,0.9849409461021423,
2804,0.8278204202651978,0.0099945068359375,0.8298193216323853,
2805,0.38506588339805603,0.009307861328125,0.38692745566368103,
2806,0.3844802975654602,0.006824493408203125,0.38584500551223755,
2807,1.03569495677948,0.01102447509765625,1.0378998517990112,
2808,0.4319199025630951,0.006710052490234375,0.4332617223262787,
2809,1.0846920013427734,0.01336669921875,1.0873661041259766,
2810,0.5735864639282227,0.0135955810546875,0.5763063430786133,
2811,0.7309485673904419,0.0106353759765625,0.7330752611160278,
2812,0.5204828381538391,0.0099029541015625,0.5224626660346985,
2813,0.41725975275039673,0.00800323486328125,0.4188600182533264,
2814,0.37974464893341064,0.005878448486328125,0.38092052936553955,
2815,0.854847252368927,0.011810302734375,0.8572085499763489,
2816,0.42534834146499634,0.00823974609375,0.42699629068374634,
2817,0.5668160319328308,0.009765625,0.5687691569328308,
2818,0.8559854030609131,0.01251220703125,0.8584878444671631,
2819,0.6067731976509094,0.0107879638671875,0.6089304089546204,
2820,0.7938008308410645,0.01326751708984375,0.7964539527893066,
2821,0.37662357091903687,0.0063934326171875,0.37790244817733765,
2822,0.709229588508606,0.01419830322265625,0.7120696306228638,
2823,1.061869502067566,0.0123138427734375,1.0643318891525269,
2824,0.8155533671379089,0.01169586181640625,0.8178917765617371,
2825,0.505079984664917,0.01161956787109375,0.5074031352996826,
2826,0.7670559287071228,0.01214599609375,0.7694858908653259,
2827,0.9870966076850891,0.01290130615234375,0.9896772503852844,
2828,0.5188471078872681,0.01275634765625,0.5213991403579712,
2829,0.9100940227508545,0.01116943359375,0.9123275279998779,
2830,0.3936576843261719,0.00627899169921875,0.3949136734008789,
2831,0.8137451410293579,0.01444244384765625,0.816632866859436,
2832,0.47066327929496765,0.00852203369140625,0.4723674952983856,
2833,0.5458751916885376,0.00666046142578125,0.5472074747085571,
2834,0.5095323324203491,0.0097198486328125,0.5114759206771851,
2835,0.6896758079528809,0.007785797119140625,0.6912331581115723,
2836,0.47003665566444397,0.007472991943359375,0.47153106331825256,
2837,0.4729604423046112,0.00836181640625,0.47463318705558777,
2838,0.5869521498680115,0.00963592529296875,0.5888795256614685,
2839,0.6958983540534973,0.0112457275390625,0.6981471180915833,
2840,0.47243475914001465,0.0093841552734375,0.47431159019470215,
2841,1.3246699571609497,0.0162506103515625,1.3279200792312622,
2842,0.5959351062774658,0.01238250732421875,0.5984108448028564,
2843,0.6644371747970581,0.00980377197265625,0.6663979291915894,
2844,0.9756739139556885,0.0149688720703125,0.9786684513092041,
2845,0.508411705493927,0.007289886474609375,0.5098698735237122,
2846,0.8743078112602234,0.018646240234375,0.8780366778373718,
2847,0.7436585426330566,0.0106201171875,0.7457833290100098,
2848,0.5661894679069519,0.01033782958984375,0.5682570338249207,
2849,1.0763881206512451,0.0151214599609375,1.0794131755828857,
2850,0.9462906718254089,0.01520538330078125,0.9493309855461121,
2851,0.3894895613193512,0.00830078125,0.3911499083042145,
2852,0.5329971313476562,0.00978851318359375,0.5349540710449219,
2853,0.5731977820396423,0.0096282958984375,0.5751232504844666,
2854,0.6248034238815308,0.01140594482421875,0.6270846128463745,
2855,0.3596697151660919,0.0086212158203125,0.3613939583301544,
2856,0.9281550645828247,0.01467132568359375,0.9310885667800903,
2857,0.9492915272712708,0.01058197021484375,0.9514086842536926,
2858,0.8968968391418457,0.01227569580078125,0.8993515968322754,
2859,0.598277747631073,0.0113677978515625,0.6005513072013855,
2860,0.7371830940246582,0.01275634765625,0.7397351264953613,
2861,0.5790791511535645,0.01029205322265625,0.5811371803283691,
2862,0.43991899490356445,0.010284423828125,0.44197511672973633,
2863,0.4117492437362671,0.0106048583984375,0.4138702154159546,
2864,0.721854031085968,0.0103759765625,0.723929226398468,
2865,0.4421481192111969,0.00684356689453125,0.44351664185523987,
2866,0.6140658855438232,0.0110015869140625,0.6162669658660889,
2867,0.949374258518219,0.010650634765625,0.9515047669410706,
2868,0.235544815659523,0.0052642822265625,0.2365976721048355,
2869,0.8552160859107971,0.0116119384765625,0.8575392365455627,
2870,0.6058437824249268,0.0093536376953125,0.6077148914337158,
2871,1.0976759195327759,0.0126495361328125,1.1002050638198853,
2872,0.6514058113098145,0.01035308837890625,0.6534771919250488,
2873,0.9425833821296692,0.01444244384765625,0.9454711079597473,
2874,0.49029818177223206,0.0089111328125,0.49208059906959534,
2875,0.56085604429245,0.01129150390625,0.5631143450737,
2876,0.27272462844848633,0.007678985595703125,0.2742600440979004,
2877,0.8853495717048645,0.01131439208984375,0.8876116871833801,
2878,1.1794179677963257,0.014678955078125,1.1823533773422241,
2879,1.3879050016403198,0.0160980224609375,1.3911246061325073,
2880,0.3147684633731842,0.007175445556640625,0.3162037432193756,
2881,0.5407122373580933,0.01111602783203125,0.5429362058639526,
2882,0.6616433262825012,0.01392364501953125,0.6644280552864075,
2883,0.7017189860343933,0.01226806640625,0.7041718363761902,
2884,1.0163748264312744,0.01424407958984375,1.0192244052886963,
2885,1.0837435722351074,0.01496124267578125,1.0867362022399902,
2886,0.8520024418830872,0.01300048828125,0.8546021580696106,
2887,0.7202999591827393,0.013671875,0.7230350971221924,
2888,0.8397825956344604,0.0152130126953125,0.8428248167037964,
2889,0.49033045768737793,0.00921630859375,0.4921739101409912,
2890,0.8770391345024109,0.01253509521484375,0.8795453906059265,
2891,0.7084708213806152,0.0106658935546875,0.7106032371520996,
2892,0.8125560283660889,0.0160064697265625,0.8157565593719482,
2893,0.5873432755470276,0.0171661376953125,0.5907765030860901,
2894,1.0953912734985352,0.01531982421875,1.098454475402832,
2895,0.997384250164032,0.01371002197265625,1.0001270771026611,
2896,0.7406865954399109,0.01296234130859375,0.7432786822319031,
2897,0.5741002559661865,0.00632476806640625,0.5753648281097412,
2898,0.8247829675674438,0.01020050048828125,0.8268238306045532,
2899,0.35110190510749817,0.00833892822265625,0.3527698814868927,
2900,0.9693179726600647,0.01287841796875,0.9718928933143616,
2901,0.40649986267089844,0.007099151611328125,0.40791988372802734,
2902,0.3190497159957886,0.00714111328125,0.32047832012176514,
2903,0.6853668093681335,0.011138916015625,0.6875945925712585,
2904,0.721100926399231,0.01397705078125,0.7238970994949341,
2905,0.40466195344924927,0.00899505615234375,0.40646058320999146,
2906,1.0524588823318481,0.0176849365234375,1.0559951066970825,
2907,0.956935703754425,0.0161590576171875,0.9601667523384094,
2908,0.5514203310012817,0.0088958740234375,0.5531998872756958,
2909,0.5177133679389954,0.01020050048828125,0.5197542309761047,
2910,1.0676276683807373,0.0159454345703125,1.0708167552947998,
2911,0.6406819820404053,0.00839996337890625,0.6423623561859131,
2912,1.0706087350845337,0.0163421630859375,1.0738779306411743,
2913,0.6346449851989746,0.0118255615234375,0.6370100975036621,
2914,0.38280948996543884,0.00731658935546875,0.38427242636680603,
2915,0.9874001145362854,0.014312744140625,0.990263044834137,
2916,0.7779869437217712,0.0090789794921875,0.7798027396202087,
2917,0.7411397695541382,0.01367950439453125,0.7438749074935913,
2918,0.6442226767539978,0.00937652587890625,0.6460976004600525,
2919,0.7024948000907898,0.00994110107421875,0.7044822573661804,
2920,0.7419013381004333,0.010955810546875,0.7440928816795349,
2921,0.38982152938842773,0.007534027099609375,0.3913283348083496,
2922,0.8542776107788086,0.011962890625,0.8566694259643555,
2923,0.4612661600112915,0.00748443603515625,0.4627634286880493,
2924,1.036299228668213,0.0161895751953125,1.0395379066467285,
2925,0.6057891845703125,0.00992584228515625,0.6077747344970703,
2926,0.6073896884918213,0.009521484375,0.6092941761016846,
2927,0.6216520071029663,0.0127410888671875,0.6242002248764038,
2928,0.30063530802726746,0.0051116943359375,0.30165764689445496,
2929,0.6370072364807129,0.01666259765625,0.6403393745422363,
2930,0.40129223465919495,0.0076446533203125,0.40282097458839417,
2931,0.8176164031028748,0.0100250244140625,0.8196210265159607,
2932,0.5715565085411072,0.01324462890625,0.5742058157920837,
2933,0.7137545347213745,0.00917816162109375,0.7155903577804565,
2934,0.5281633734703064,0.01335906982421875,0.5308355689048767,
2935,0.5800574421882629,0.012237548828125,0.5825045704841614,
2936,0.5895631313323975,0.011077880859375,0.5917794704437256,
2937,1.0778632164001465,0.0125274658203125,1.080369472503662,
2938,0.6150321960449219,0.01371002197265625,0.6177749633789062,
2939,0.7357136607170105,0.010772705078125,0.7378689646720886,
2940,0.6264609098434448,0.0107421875,0.6286085844039917,
2941,0.5049414038658142,0.01039886474609375,0.5070204138755798,
2942,1.1289595365524292,0.017303466796875,1.132419466972351,
2943,0.4219015836715698,0.009246826171875,0.42375075817108154,
2944,0.6043766736984253,0.01268768310546875,0.6069134473800659,
2945,0.798416256904602,0.01410675048828125,0.8012372255325317,
2946,0.8782967329025269,0.0106658935546875,0.8804291486740112,
2947,0.8402610421180725,0.0114898681640625,0.8425593972206116,
2948,0.906444251537323,0.013214111328125,0.9090878367424011,
2949,0.394133985042572,0.005237579345703125,0.3951811194419861,
2950,0.725495457649231,0.01090240478515625,0.7276755571365356,
2951,0.3871256411075592,0.006683349609375,0.38846269249916077,
2952,0.6239827275276184,0.01409912109375,0.6268017888069153,
2953,0.7338281869888306,0.01044464111328125,0.7359167337417603,
2954,0.5043829083442688,0.01122283935546875,0.5066278576850891,
2955,0.7255483865737915,0.009765625,0.7275015115737915,
2956,0.8114809393882751,0.01214599609375,0.8139109015464783,
2957,0.7682579755783081,0.01227569580078125,0.7707127332687378,
2958,0.548317551612854,0.0129547119140625,0.5509077310562134,
2959,0.576850175857544,0.010894775390625,0.5790283679962158,
2960,0.8924028277397156,0.0106353759765625,0.8945295214653015,
2961,0.2900492250919342,0.00804901123046875,0.29165902733802795,
2962,0.6195809245109558,0.0136566162109375,0.6223122477531433,
2963,0.5150027275085449,0.0116729736328125,0.5173373222351074,
2964,0.4477951228618622,0.009918212890625,0.4497787654399872,
2965,0.34817856550216675,0.01068878173828125,0.35031670331954956,
2966,0.423430472612381,0.01020050048828125,0.42547133564949036,
2967,0.478649377822876,0.01023101806640625,0.4806959629058838,
2968,0.5440954566001892,0.01070404052734375,0.5462355017662048,
2969,0.786022961139679,0.01078033447265625,0.7881782650947571,
2970,0.46863940358161926,0.0123443603515625,0.47110751271247864,
2971,0.9097704887390137,0.01081085205078125,0.911933422088623,
2972,0.8221520185470581,0.009490966796875,0.8240498304367065,
2973,0.507785975933075,0.0083770751953125,0.5094615817070007,
2974,0.43782687187194824,0.01023101806640625,0.43987345695495605,
2975,0.6065952777862549,0.00785064697265625,0.6081650257110596,
2976,0.7838830947875977,0.01348876953125,0.7865800857543945,
2977,0.7376244068145752,0.01389312744140625,0.740403413772583,
2978,0.49626269936561584,0.00867462158203125,0.4979974329471588,
2979,0.9039389491081238,0.0124359130859375,0.9064261317253113,
2980,0.6262881755828857,0.0084991455078125,0.6279876232147217,
2981,0.5684189796447754,0.00848388671875,0.5701155662536621,
2982,0.5739771723747253,0.008575439453125,0.5756918787956238,
2983,0.7015103697776794,0.01117706298828125,0.7037457823753357,
2984,0.2571544349193573,0.0054779052734375,0.2582502067089081,
2985,0.5313586592674255,0.00943756103515625,0.5332459807395935,
2986,0.9376901984214783,0.011199951171875,0.9399294257164001,
2987,0.6418312191963196,0.01013946533203125,0.6438587307929993,
2988,0.6744514107704163,0.01216888427734375,0.676885187625885,
2989,0.3174445927143097,0.0090789794921875,0.3192603886127472,
2990,0.365966796875,0.00926971435546875,0.36782073974609375,
2991,0.4774692952632904,0.0103302001953125,0.47953495383262634,
2992,0.7235109210014343,0.01197052001953125,0.725904643535614,
2993,1.0372624397277832,0.020599365234375,1.0413823127746582,
2994,0.7672231197357178,0.010223388671875,0.7692677974700928,
2995,0.2512020468711853,0.0061187744140625,0.2524256110191345,
2996,0.8114086389541626,0.01239013671875,0.813886284828186,
2997,0.7020009160041809,0.01120758056640625,0.7042420506477356,
2998,0.6683883666992188,0.00934600830078125,0.670257568359375,
2999,0.5661433339118958,0.0084228515625,0.5678275227546692,
3000,0.823594331741333,0.01552581787109375,0.8266994953155518,54.58015267175573
3001,0.3799680471420288,0.006847381591796875,0.3813375234603882,
3002,0.545181155204773,0.01207733154296875,0.5475958585739136,
3003,0.6209812760353088,0.01558685302734375,0.6240978837013245,
3004,0.5984988808631897,0.014617919921875,0.6014228463172913,
3005,0.7467652559280396,0.010345458984375,0.7488347291946411,
3006,0.8986168503761292,0.01192474365234375,0.9010010361671448,
3007,0.49434152245521545,0.010101318359375,0.4963614046573639,
3008,0.3151763081550598,0.006011962890625,0.3163788914680481,
3009,0.9589731097221375,0.0135345458984375,0.9616796374320984,
3010,0.7797442078590393,0.0167694091796875,0.7830973267555237,
3011,0.43568602204322815,0.0064697265625,0.43698015809059143,
3012,0.5849184989929199,0.0152587890625,0.5879702568054199,
3013,0.8294036388397217,0.01245880126953125,0.8318946361541748,
3014,0.4488971531391144,0.0096893310546875,0.4508350193500519,
3015,0.5269791483879089,0.01030731201171875,0.5290409922599792,
3016,0.3644086718559265,0.00801849365234375,0.3660127520561218,
3017,0.7606825232505798,0.0113983154296875,0.7629618048667908,
3018,0.8323355913162231,0.0147857666015625,0.8352919816970825,
3019,1.3217910528182983,0.0144500732421875,1.3246806859970093,
3020,0.6436760425567627,0.01300811767578125,0.646277666091919,
3021,0.47364541888237,0.00936126708984375,0.47551748156547546,
3022,0.48322954773902893,0.009521484375,0.4851340353488922,
3023,0.31157538294792175,0.00620269775390625,0.3128161132335663,
3024,0.701984703540802,0.01065826416015625,0.7041171193122864,
3025,0.6390149593353271,0.0115966796875,0.6413342952728271,
3026,0.6642311811447144,0.01036834716796875,0.6663044691085815,
3027,1.2073861360549927,0.01282501220703125,1.2099515199661255,
3028,0.663353681564331,0.00917816162109375,0.6651895046234131,
3029,0.4625471532344818,0.00958251953125,0.4644640386104584,
3030,0.8043636679649353,0.01253509521484375,0.8068699240684509,
3031,0.9587292671203613,0.00992584228515625,0.9607148170471191,
3032,0.8541384339332581,0.00994110107421875,0.8561258912086487,
3033,1.0614149570465088,0.01739501953125,1.0648939609527588,
3034,0.776519775390625,0.0117950439453125,0.7788791656494141,
3035,1.2039942741394043,0.0159912109375,1.2071928977966309,
3036,0.46328452229499817,0.01161956787109375,0.4656076729297638,
3037,0.510356605052948,0.011016845703125,0.5125595927238464,
3038,0.8584728837013245,0.0120849609375,0.8608894944190979,
3039,0.47318151593208313,0.00860595703125,0.4749028980731964,
3040,0.681969165802002,0.01052093505859375,0.6840729713439941,
3041,0.5475986003875732,0.0092620849609375,0.5494506359100342,
3042,0.6687583327293396,0.01004791259765625,0.670768678188324,
3043,0.5238269567489624,0.00917816162109375,0.5256627798080444,
3044,0.9651758074760437,0.01236724853515625,0.9676496386528015,
3045,0.8069164752960205,0.010986328125,0.8091137409210205,
3046,0.7338786721229553,0.01024627685546875,0.735927164554596,
3047,0.763307511806488,0.011932373046875,0.7656936049461365,
3048,0.8336580991744995,0.0138397216796875,0.8364256620407104,
3049,1.013982892036438,0.01348114013671875,1.0166798830032349,
3050,0.671333909034729,0.010650634765625,0.6734644174575806,
3051,1.0426230430603027,0.01390838623046875,1.0454039573669434,
3052,0.3816898763179779,0.00814056396484375,0.3833177983760834,
3053,1.0857367515563965,0.0117950439453125,1.0880961418151855,
3054,0.4699094891548157,0.01374053955078125,0.4726579785346985,
3055,0.8490769863128662,0.01220703125,0.8515183925628662,
3056,0.45949670672416687,0.007724761962890625,0.461041659116745,
3057,0.3054552972316742,0.006740570068359375,0.30680379271507263,
3058,0.4693860709667206,0.00753021240234375,0.47089192271232605,
3059,0.8161157369613647,0.0166168212890625,0.8194383382797241,
3060,0.520388662815094,0.009307861328125,0.522250235080719,
3061,0.35902145504951477,0.007022857666015625,0.3604262173175812,
3062,0.6241130232810974,0.00899505615234375,0.6259116530418396,
3063,0.6130238175392151,0.009002685546875,0.6148243546485901,
3064,0.7527439594268799,0.010467529296875,0.754838228225708,
3065,0.46246016025543213,0.006805419921875,0.46382105350494385,
3066,0.5424026250839233,0.00927734375,0.5442584753036499,
3067,0.5724970102310181,0.00894927978515625,0.5742870569229126,
3068,0.6913758516311646,0.00830841064453125,0.6930371522903442,
3069,0.47195643186569214,0.007007598876953125,0.4733583331108093,
3070,0.7452657222747803,0.0089874267578125,0.747063398361206,
3071,0.4981372356414795,0.008575439453125,0.49985194206237793,
3072,0.5106940865516663,0.01258087158203125,0.513209879398346,
3073,1.0537880659103394,0.01401519775390625,1.0565918684005737,
3074,0.5426217913627625,0.01084136962890625,0.5447904467582703,
3075,0.41687387228012085,0.00970458984375,0.41881459951400757,
3076,0.679715633392334,0.00859832763671875,0.6814351081848145,
3077,0.6071866154670715,0.01175689697265625,0.6095383763313293,
3078,0.45808786153793335,0.007617950439453125,0.45961183309555054,
3079,0.7088677287101746,0.01363372802734375,0.7115952372550964,
3080,0.9726518988609314,0.01141357421875,0.974934995174408,
3081,0.6434733271598816,0.014373779296875,0.64634770154953,
3082,1.178831934928894,0.0161895751953125,1.1820706129074097,
3083,0.35406163334846497,0.007595062255859375,0.3555808365345001,
3084,0.4271557629108429,0.007068634033203125,0.42856910824775696,
3085,0.590743899345398,0.00981903076171875,0.5927084684371948,
3086,0.4962672293186188,0.0120849609375,0.4986838400363922,
3087,0.28628331422805786,0.0085906982421875,0.2880018353462219,
3088,0.6880979537963867,0.00991058349609375,0.6900796890258789,
3089,0.7711151242256165,0.0111083984375,0.773337185382843,
3090,0.284452885389328,0.01012420654296875,0.2864784896373749,
3091,0.5913413763046265,0.01122283935546875,0.5935863256454468,
3092,0.7900189161300659,0.01219940185546875,0.7924584150314331,
3093,1.032429575920105,0.015777587890625,1.0355843305587769,
3094,0.3644566237926483,0.006832122802734375,0.36582323908805847,
3095,0.44302695989608765,0.007110595703125,0.44444888830184937,
3096,1.0545783042907715,0.0124053955078125,1.0570597648620605,
3097,0.6728876829147339,0.0111541748046875,0.6751192808151245,
3098,0.7131729125976562,0.01265716552734375,0.7157039642333984,
3099,0.46790048480033875,0.009796142578125,0.4698593318462372,
3100,0.4742569327354431,0.00800323486328125,0.4758571982383728,
3101,0.47316160798072815,0.01198577880859375,0.47555914521217346,
3102,0.8916687965393066,0.0121002197265625,0.8940892219543457,
3103,1.492967128753662,0.01444244384765625,1.4958548545837402,
3104,0.6592777967453003,0.00788116455078125,0.6608542203903198,
3105,0.6815770268440247,0.01049041748046875,0.6836751103401184,
3106,0.2584117650985718,0.0085906982421875,0.26013028621673584,
3107,0.4829460680484772,0.00899505615234375,0.48474469780921936,
3108,0.6632644534111023,0.0132598876953125,0.6659156680107117,
3109,0.6677464842796326,0.0112152099609375,0.6699895262718201,
3110,0.37160077691078186,0.007152557373046875,0.37303128838539124,
3111,0.41580063104629517,0.007045745849609375,0.4172101616859436,
3112,0.5460696816444397,0.009765625,0.5480228066444397,
3113,0.3956451714038849,0.0063934326171875,0.39692404866218567,
3114,1.034499168395996,0.01544952392578125,1.0375890731811523,
3115,0.4625653922557831,0.00817108154296875,0.4641999900341034,
3116,0.5074117183685303,0.007144927978515625,0.5088403224945068,
3117,0.6091257929801941,0.00957489013671875,0.6110407710075378,
3118,0.5807919502258301,0.011383056640625,0.5830693244934082,
3119,0.7831142544746399,0.013580322265625,0.7858303189277649,
3120,0.6331673264503479,0.01169586181640625,0.635505735874176,
3121,0.5421664714813232,0.00998687744140625,0.5441634654998779,
3122,1.0466212034225464,0.01206207275390625,1.0490339994430542,
3123,0.45578983426094055,0.0082244873046875,0.45743492245674133,
3124,1.0062075853347778,0.0115509033203125,1.0085173845291138,
3125,0.5773707032203674,0.0106658935546875,0.5795031189918518,
3126,0.84842848777771,0.013641357421875,0.8511559963226318,
3127,0.865993082523346,0.01201629638671875,0.8683963418006897,
3128,0.6121297478675842,0.013671875,0.6148648858070374,
3129,0.8818146586418152,0.0132598876953125,0.8844658732414246,
3130,0.6449510455131531,0.012603759765625,0.6474725604057312,
3131,0.6437129378318787,0.00968170166015625,0.6456488966941833,
3132,0.5150570273399353,0.0087890625,0.516814649105072,
3133,0.8808046579360962,0.01430511474609375,0.8836656808853149,
3134,0.5439339280128479,0.009552001953125,0.5458441376686096,
3135,0.745139479637146,0.0140838623046875,0.7479566335678101,
3136,0.3844242990016937,0.00872802734375,0.38616952300071716,
3137,0.6321681141853333,0.010894775390625,0.6343463063240051,
3138,0.8093255758285522,0.01108551025390625,0.8115419149398804,
3139,0.7864596247673035,0.00882720947265625,0.7882248759269714,
3140,0.5642591714859009,0.00945281982421875,0.5661493539810181,
3141,0.7038191556930542,0.007049560546875,0.7052286863327026,
3142,0.7757989168167114,0.012115478515625,0.7782212495803833,
3143,0.5929262638092041,0.01125335693359375,0.5951769351959229,
3144,0.5461942553520203,0.00974273681640625,0.5481426119804382,
3145,0.45890530943870544,0.006427764892578125,0.46019086241722107,
3146,0.5592281818389893,0.008880615234375,0.5610039234161377,
3147,0.6243053674697876,0.00791168212890625,0.6258875131607056,
3148,0.4369223415851593,0.0089263916015625,0.4387076199054718,
3149,0.5114228129386902,0.00666046142578125,0.5127550959587097,
3150,0.6563999652862549,0.01073455810546875,0.6585476398468018,
3151,0.49488911032676697,0.00766754150390625,0.4964226186275482,
3152,1.2575325965881348,0.013153076171875,1.2601628303527832,
3153,0.9460718035697937,0.01007080078125,0.9480859637260437,
3154,0.44849514961242676,0.0099945068359375,0.45049405097961426,
3155,0.8384159803390503,0.01229095458984375,0.8408745527267456,
3156,0.4454934895038605,0.008453369140625,0.44718435406684875,
3157,0.934833288192749,0.009521484375,0.9367377758026123,
3158,0.7594746947288513,0.01291656494140625,0.7620572447776794,
3159,0.4052608907222748,0.00804901123046875,0.40687069296836853,
3160,0.8491743803024292,0.011077880859375,0.8513907194137573,
3161,0.7220359444618225,0.01126861572265625,0.7242904305458069,
3162,0.5248552560806274,0.00927734375,0.526711106300354,
3163,0.5773088932037354,0.01358795166015625,0.5800268650054932,
3164,0.27021679282188416,0.00551605224609375,0.2713201940059662,
3165,1.0054523944854736,0.01520538330078125,1.0084927082061768,
3166,0.4980529546737671,0.00881195068359375,0.49981534481048584,
3167,0.5288240313529968,0.01025390625,0.5308744311332703,
3168,0.3259991705417633,0.00572967529296875,0.3271454870700836,
3169,0.7749854326248169,0.0115509033203125,0.7772952318191528,
3170,0.8720710277557373,0.0135498046875,0.8747813701629639,
3171,0.9297721982002258,0.01424407958984375,0.9326217770576477,
3172,0.639349639415741,0.01139068603515625,0.6416270136833191,
3173,0.5432435870170593,0.00955963134765625,0.5451557040214539,
3174,0.8099581599235535,0.013336181640625,0.8126246333122253,
3175,0.49312248826026917,0.0105133056640625,0.49522438645362854,
3176,0.5113105773925781,0.01049041748046875,0.5134086608886719,
3177,0.48846617341041565,0.009124755859375,0.4902915060520172,
3178,0.7026143670082092,0.00940704345703125,0.7044959664344788,
3179,0.6571248173713684,0.00952911376953125,0.6590302586555481,
3180,0.6409963965415955,0.01020050048828125,0.6430372595787048,
3181,0.6145018339157104,0.01105499267578125,0.6167124509811401,
3182,0.5527240633964539,0.00795745849609375,0.5543157458305359,
3183,0.5692844986915588,0.0095977783203125,0.5712042450904846,
3184,0.5067938566207886,0.0088043212890625,0.5085543394088745,
3185,0.5682680606842041,0.0115509033203125,0.57057785987854,
3186,0.46894678473472595,0.00872039794921875,0.470691055059433,
3187,0.9731615781784058,0.01177215576171875,0.9755152463912964,
3188,0.5855383276939392,0.0101776123046875,0.5875734686851501,
3189,0.6341579556465149,0.0086517333984375,0.6358879208564758,
3190,0.4683877229690552,0.00872039794921875,0.4701319932937622,
3191,1.3566628694534302,0.01386260986328125,1.3594361543655396,
3192,0.33271324634552,0.00531005859375,0.3337756395339966,
3193,0.27778366208076477,0.00530242919921875,0.2788441479206085,
3194,0.3252254128456116,0.006500244140625,0.3265252709388733,
3195,0.6505980491638184,0.011260986328125,0.6528506278991699,
3196,0.5429072380065918,0.0088348388671875,0.5446743965148926,
3197,0.599294126033783,0.0096588134765625,0.601226270198822,
3198,0.47625550627708435,0.006317138671875,0.47751912474632263,
3199,0.8920769691467285,0.0147857666015625,0.8950333595275879,
3200,0.6343990564346313,0.0113983154296875,0.6366783380508423,
3201,0.6564661860466003,0.009674072265625,0.6584011912345886,
3202,0.6858617067337036,0.01168060302734375,0.6881982088088989,
3203,0.6197885870933533,0.00920867919921875,0.6216301321983337,
3204,0.7424856424331665,0.00872039794921875,0.7442299127578735,
3205,0.7052174210548401,0.0096893310546875,0.7071552872657776,
3206,0.6271466016769409,0.00948333740234375,0.629043459892273,
3207,0.8552770614624023,0.01012420654296875,0.8573026657104492,
3208,0.4790499806404114,0.009857177734375,0.4810221791267395,
3209,0.5151017904281616,0.006927490234375,0.5164874792098999,
3210,0.7854182124137878,0.0095977783203125,0.7873379588127136,
3211,0.7928844690322876,0.01195526123046875,0.7952762842178345,
3212,0.24764741957187653,0.00580596923828125,0.24880899488925934,
3213,0.4894375801086426,0.00954437255859375,0.4913468360900879,
3214,0.6824533343315125,0.00742340087890625,0.683938205242157,
3215,0.8342965841293335,0.01213836669921875,0.8367246389389038,
3216,0.8176404237747192,0.0108489990234375,0.8198109865188599,
3217,0.9389815330505371,0.01152801513671875,0.9412875175476074,
3218,0.9149730205535889,0.01038360595703125,0.9170501232147217,
3219,1.073777437210083,0.012481689453125,1.0762741565704346,
3220,0.6594430804252625,0.01151275634765625,0.6617452502250671,
3221,0.6057021021842957,0.0107269287109375,0.6078478693962097,
3222,0.7375021576881409,0.01027679443359375,0.7395582795143127,
3223,0.6910017132759094,0.01197052001953125,0.6933954358100891,
3224,0.626840353012085,0.009979248046875,0.6288354396820068,
3225,0.5318854451179504,0.0089263916015625,0.5336707234382629,
3226,0.9796391129493713,0.01285552978515625,0.9822102189064026,
3227,0.6638941764831543,0.00820159912109375,0.665534496307373,
3228,0.5579348802566528,0.006923675537109375,0.5593196153640747,
3229,0.4534619152545929,0.006134033203125,0.45468834042549133,
3230,0.598158061504364,0.01140594482421875,0.6004392504692078,
3231,0.6013561487197876,0.01042938232421875,0.6034427881240845,
3232,0.586847186088562,0.01107025146484375,0.5890616178512573,
3233,0.3763938844203949,0.01200103759765625,0.378793329000473,
3234,0.49487587809562683,0.0082550048828125,0.49652668833732605,
3235,0.8667718768119812,0.0092315673828125,0.8686181902885437,
3236,0.32555532455444336,0.006710052490234375,0.32689714431762695,
3237,0.7856470942497253,0.00980377197265625,0.7876078486442566,
3238,0.6416686773300171,0.0097198486328125,0.643612265586853,
3239,0.8306500911712646,0.01158905029296875,0.8329675197601318,
3240,0.6140796542167664,0.00872802734375,0.6158248782157898,
3241,0.5461400151252747,0.0080108642578125,0.5477421879768372,
3242,0.803641676902771,0.0122528076171875,0.8060926198959351,
3243,0.7882566452026367,0.01226043701171875,0.7907094955444336,
3244,0.608463704586029,0.0095367431640625,0.6103710532188416,
3245,0.6240560412406921,0.009429931640625,0.6259424090385437,
3246,0.9408745765686035,0.01097869873046875,0.9430699348449707,
3247,0.4962432384490967,0.0092620849609375,0.4980952739715576,
3248,0.6355942487716675,0.01140594482421875,0.6378754377365112,
3249,0.7877962589263916,0.01097869873046875,0.7899916172027588,
3250,0.5663334727287292,0.011077880859375,0.5685498118400574,
3251,0.4417375326156616,0.009765625,0.4436906576156616,
3252,0.9431113600730896,0.0137939453125,0.9458693861961365,
3253,0.8088865876197815,0.01303863525390625,0.8114939332008362,
3254,0.7545880675315857,0.00980377197265625,0.7565488219261169,
3255,0.751452624797821,0.0121307373046875,0.7538787722587585,
3256,0.9756110906600952,0.0175323486328125,0.9791167974472046,
3257,0.6038665771484375,0.010986328125,0.6060638427734375,
3258,1.030257225036621,0.01206207275390625,1.032670021057129,
3259,0.7758262157440186,0.01207733154296875,0.7782409191131592,
3260,0.6733845472335815,0.00937652587890625,0.6752594709396362,
3261,1.1288273334503174,0.01654052734375,1.1321346759796143,
3262,0.44472017884254456,0.00890350341796875,0.446500688791275,
3263,0.43824756145477295,0.007434844970703125,0.4397343397140503,
3264,0.6902326941490173,0.011138916015625,0.6924604773521423,
3265,0.46990689635276794,0.008880615234375,0.4716826379299164,
3266,1.1231461763381958,0.01213836669921875,1.1255742311477661,
3267,0.6015307307243347,0.0084991455078125,0.6032301783561707,
3268,0.6819564700126648,0.00957489013671875,0.6838714480400085,
3269,0.47663286328315735,0.007549285888671875,0.47814252972602844,
3270,0.8058846592903137,0.01198577880859375,0.808282196521759,
3271,0.7574217319488525,0.01324462890625,0.7600710391998291,
3272,0.5673179030418396,0.006916046142578125,0.5687007308006287,
3273,0.506231427192688,0.00890350341796875,0.5080119371414185,
3274,0.7289566993713379,0.00879669189453125,0.7307162284851074,
3275,0.7094685435295105,0.0093841552734375,0.711345374584198,
3276,0.6690017580986023,0.0096588134765625,0.6709339022636414,
3277,0.7646828293800354,0.01067352294921875,0.7668171525001526,
3278,0.9505111575126648,0.01013946533203125,0.9525386691093445,
3279,0.5312947630882263,0.01171112060546875,0.5336369872093201,
3280,0.5773261189460754,0.01287841796875,0.5799010396003723,
3281,0.5939673781394958,0.00870513916015625,0.5957087874412537,
3282,0.3887232542037964,0.009552001953125,0.3906334638595581,
3283,0.5022323727607727,0.00930023193359375,0.5040920376777649,
3284,0.6004273295402527,0.0076904296875,0.601965606212616,
3285,0.45778417587280273,0.00812530517578125,0.459409236907959,
3286,0.7154067754745483,0.015716552734375,0.7185500860214233,
3287,0.590615451335907,0.00897216796875,0.5924102663993835,
3288,0.5764288306236267,0.01036834716796875,0.5785021185874939,
3289,0.3563707172870636,0.007293701171875,0.35782983899116516,
3290,0.5531818270683289,0.00861358642578125,0.5549041628837585,
3291,0.7545585036277771,0.01001739501953125,0.7565612196922302,
3292,0.7124583125114441,0.00942230224609375,0.7143427729606628,
3293,0.4797627329826355,0.00714111328125,0.48119133710861206,
3294,0.4539516270160675,0.007289886474609375,0.45540979504585266,
3295,0.6513093709945679,0.00891876220703125,0.6530927419662476,
3296,0.8034277558326721,0.008392333984375,0.8051062226295471,
3297,0.6835179924964905,0.012420654296875,0.6860013604164124,
3298,0.7796645760536194,0.00968170166015625,0.7816005349159241,
3299,0.4302707016468048,0.00803375244140625,0.43187764286994934,
3300,0.8400847315788269,0.010833740234375,0.8422514796257019,
3301,0.437362402677536,0.00714874267578125,0.438791960477829,
3302,0.3945252299308777,0.007259368896484375,0.395976722240448,
3303,0.9458501935005188,0.012481689453125,0.9483469128608704,
3304,0.7628009915351868,0.0131683349609375,0.7654350399971008,
3305,0.43626537919044495,0.0081939697265625,0.4379037916660309,
3306,1.1888551712036133,0.01483154296875,1.1918210983276367,
3307,0.7448849081993103,0.00940704345703125,0.7467665076255798,
3308,1.0139715671539307,0.01169586181640625,1.0163099765777588,
3309,0.46032485365867615,0.0077056884765625,0.46186599135398865,
3310,0.8257163166999817,0.0106201171875,0.8278411030769348,
3311,0.32008984684944153,0.0081939697265625,0.32172825932502747,
3312,0.5487179160118103,0.0087890625,0.550475537776947,
3313,0.6246151328086853,0.00998687744140625,0.62661212682724,
3314,0.29694125056266785,0.00681304931640625,0.2983040511608124,
3315,0.6193293929100037,0.01171875,0.6216735243797302,
3316,0.940462589263916,0.011077880859375,0.9426789283752441,
3317,0.5707110166549683,0.0087890625,0.572468638420105,
3318,0.5372769236564636,0.0088653564453125,0.5390498042106628,
3319,0.5486021637916565,0.01256561279296875,0.5511160492897034,
3320,0.5863775610923767,0.009521484375,0.58828204870224,
3321,0.6559830904006958,0.011505126953125,0.6582833528518677,
3322,1.0071313381195068,0.0128936767578125,1.0097100734710693,
3323,0.5395359992980957,0.00823974609375,0.5411839485168457,
3324,0.7599958181381226,0.01192474365234375,0.7623800039291382,
3325,0.3848222494125366,0.007106781005859375,0.38624322414398193,
3326,0.6127641797065735,0.00931549072265625,0.6146276593208313,
3327,0.8298776745796204,0.01052093505859375,0.8319814801216125,
3328,0.6483254432678223,0.0091094970703125,0.6501469612121582,
3329,0.8948448896408081,0.0111846923828125,0.8970822095870972,
3330,0.6406304240226746,0.009368896484375,0.6425043940544128,
3331,0.4322415888309479,0.00806427001953125,0.43385425209999084,
3332,0.5517420768737793,0.010955810546875,0.5539336204528809,
3333,0.9485669732093811,0.01270294189453125,0.9511075615882874,
3334,0.5739281177520752,0.01062774658203125,0.5760529041290283,
3335,0.5901962518692017,0.00901031494140625,0.5919986963272095,
3336,1.2793806791305542,0.0137939453125,1.282138705253601,
3337,1.062882423400879,0.01355743408203125,1.0655946731567383,
3338,0.8458510637283325,0.011016845703125,0.848054051399231,
3339,0.7142542004585266,0.012603759765625,0.7167757153511047,
3340,0.6428000926971436,0.00966644287109375,0.644733190536499,
3341,0.6058604121208191,0.0123748779296875,0.6083361506462097,
3342,0.7077988982200623,0.0107879638671875,0.7099561095237732,
3343,0.4886976480484009,0.01078033447265625,0.490852952003479,
3344,0.6498768925666809,0.01256561279296875,0.6523907780647278,
3345,0.8625189065933228,0.0200958251953125,0.8665395975112915,
3346,0.5061894059181213,0.00853729248046875,0.5078964829444885,
3347,0.600227415561676,0.01294708251953125,0.6028175950050354,
3348,0.37695077061653137,0.0078125,0.3785128891468048,
3349,0.8607980608940125,0.01352691650390625,0.8635026812553406,
3350,0.9972008466720581,0.0125732421875,0.999714732170105,
3351,1.0168498754501343,0.01329803466796875,1.019508719444275,
3352,0.6376039981842041,0.0088348388671875,0.6393711566925049,
3353,0.5959689021110535,0.01078033447265625,0.5981242060661316,
3354,0.3912803530693054,0.00616455078125,0.3925134539604187,
3355,0.6044117212295532,0.01374053955078125,0.607160210609436,
3356,0.4028930068016052,0.00994110107421875,0.40488046407699585,
3357,1.0489097833633423,0.016082763671875,1.0521255731582642,
3358,0.61351478099823,0.00798797607421875,0.6151121854782104,
3359,0.8476487398147583,0.01361083984375,0.8503705263137817,
3360,0.5356108546257019,0.01001739501953125,0.537613570690155,
3361,0.6898494958877563,0.01042938232421875,0.6919361352920532,
3362,0.531514585018158,0.0086517333984375,0.5332445502281189,
3363,0.3336558938026428,0.0068817138671875,0.33503204584121704,
3364,0.5350257158279419,0.0070343017578125,0.5364323854446411,
3365,0.9614366888999939,0.0160675048828125,0.964650571346283,
3366,0.652094304561615,0.0091552734375,0.653925359249115,
3367,1.0333162546157837,0.0128173828125,1.0358797311782837,
3368,1.1524409055709839,0.01097869873046875,1.154636263847351,
3369,0.6005703210830688,0.0074310302734375,0.6020561456680298,
3370,0.49599960446357727,0.0087890625,0.497757226228714,
3371,0.49620744585990906,0.00914764404296875,0.49803659319877625,
3372,0.8625778555870056,0.01172637939453125,0.864923894405365,
3373,0.34281763434410095,0.007778167724609375,0.34437307715415955,
3374,0.837218701839447,0.013397216796875,0.8398985266685486,
3375,0.7766503095626831,0.01285552978515625,0.7792214155197144,
3376,1.104866623878479,0.01381683349609375,1.1076303720474243,
3377,0.7701982259750366,0.0102996826171875,0.7722581624984741,
3378,0.6877349615097046,0.01016998291015625,0.6897681951522827,
3379,0.4549379050731659,0.00907135009765625,0.4567517936229706,
3380,0.38604864478111267,0.00685882568359375,0.38742002844810486,
3381,1.2378066778182983,0.0156707763671875,1.2409404516220093,
3382,0.8287268877029419,0.01007843017578125,0.8307429552078247,
3383,0.7899981737136841,0.0113677978515625,0.7922717332839966,
3384,0.3365142345428467,0.007106781005859375,0.337935209274292,
3385,0.510135293006897,0.00867462158203125,0.5118700265884399,
3386,0.6975704431533813,0.01052093505859375,0.6996742486953735,
3387,0.6858123540878296,0.009124755859375,0.6876376867294312,
3388,0.59575355052948,0.011138916015625,0.597981333732605,
3389,0.6301990151405334,0.01071929931640625,0.6323428750038147,
3390,0.7285091876983643,0.01000213623046875,0.7305099964141846,
3391,0.8750619888305664,0.01081085205078125,0.8772249221801758,
3392,0.6779071688652039,0.0094451904296875,0.6797963976860046,
3393,0.6728692650794983,0.01275634765625,0.6754212975502014,
3394,0.6794722080230713,0.0089111328125,0.6812546253204346,
3395,0.49009969830513,0.00818634033203125,0.49173715710639954,
3396,0.444925457239151,0.01168060302734375,0.4472619593143463,
3397,0.6965311169624329,0.0121307373046875,0.6989572644233704,
3398,0.8389954566955566,0.011993408203125,0.8413949012756348,
3399,0.8607744574546814,0.01224517822265625,0.8632234930992126,
3400,0.6997514963150024,0.011749267578125,0.7021013498306274,
3401,0.3131043612957001,0.007965087890625,0.3146969974040985,
3402,0.63163161277771,0.00859832763671875,0.6333510875701904,
3403,0.7726749181747437,0.01114654541015625,0.7749046087265015,
3404,0.3566080629825592,0.00803375244140625,0.35821500420570374,
3405,0.8496017456054688,0.0116424560546875,0.8519306182861328,
3406,0.45587247610092163,0.008514404296875,0.4575757384300232,
3407,0.6333921551704407,0.01065826416015625,0.635524570941925,
3408,0.5619869828224182,0.00836944580078125,0.5636606812477112,
3409,0.5722743272781372,0.00833892822265625,0.5739423036575317,
3410,0.7219186425209045,0.00984954833984375,0.7238889336585999,
3411,0.7208421230316162,0.01151275634765625,0.7231442928314209,
3412,0.7800777554512024,0.01389312744140625,0.7828567624092102,
3413,0.560377299785614,0.01232147216796875,0.5628415942192078,
3414,0.5282766222953796,0.00875091552734375,0.5300266146659851,
3415,0.9151872992515564,0.01232147216796875,0.9176515936851501,
3416,0.6056380271911621,0.0119781494140625,0.6080336570739746,
3417,0.6771786212921143,0.01134490966796875,0.6794483661651611,
3418,0.49976053833961487,0.0081024169921875,0.5013808012008667,
3419,0.9895912408828735,0.0124664306640625,0.9920841455459595,
3420,0.44936707615852356,0.007476806640625,0.45086243748664856,
3421,1.035654067993164,0.01151275634765625,1.0379562377929688,
3422,0.34130123257637024,0.00765228271484375,0.34283187985420227,
3423,0.41285595297813416,0.0094757080078125,0.4147509038448334,
3424,0.7248201966285706,0.01116180419921875,0.7270517945289612,
3425,0.4818706512451172,0.01043701171875,0.48395729064941406,
3426,0.4354991614818573,0.0079498291015625,0.4370889365673065,
3427,0.8856152892112732,0.0122528076171875,0.8880662322044373,
3428,0.600068211555481,0.0117034912109375,0.6024085283279419,
3429,0.2625506818294525,0.00629425048828125,0.26380953192710876,
3430,0.6747158765792847,0.01169586181640625,0.6770542860031128,
3431,0.681969404220581,0.0106048583984375,0.6840903759002686,
3432,0.4996563792228699,0.0121917724609375,0.5020939707756042,
3433,0.3976432681083679,0.009552001953125,0.39955347776412964,
3434,0.7068111896514893,0.00946807861328125,0.7087051868438721,
3435,0.3575959801673889,0.007404327392578125,0.3590770363807678,
3436,0.6082428693771362,0.0100555419921875,0.6102532148361206,
3437,1.186301589012146,0.014739990234375,1.1892503499984741,
3438,0.5645524263381958,0.00907135009765625,0.5663663148880005,
3439,0.5115925669670105,0.00859832763671875,0.513312041759491,
3440,0.3257923722267151,0.0079193115234375,0.32737642526626587,
3441,0.8788045644760132,0.0107421875,0.8809522390365601,
3442,0.4151601493358612,0.0070037841796875,0.416561096906662,
3443,0.63095623254776,0.0087432861328125,0.6327052712440491,
3444,0.5671870112419128,0.0093536376953125,0.5690581202507019,
3445,0.356159508228302,0.007358551025390625,0.35763102769851685,
3446,0.748732328414917,0.010406494140625,0.7508132457733154,
3447,0.4825614094734192,0.0102386474609375,0.4846099019050598,
3448,0.7792158722877502,0.01073455810546875,0.7813635468482971,
3449,0.37591227889060974,0.00640106201171875,0.37719210982322693,
3450,0.6869836449623108,0.01064300537109375,0.6891122460365295,
3451,0.39498454332351685,0.01016998291015625,0.39701777696609497,
3452,0.7117754220962524,0.0093536376953125,0.7136465311050415,
3453,0.4835921823978424,0.008758544921875,0.4853440821170807,
3454,0.254365473985672,0.005352020263671875,0.2554354965686798,
3455,0.4624015986919403,0.008331298828125,0.464067667722702,
3456,0.505061686038971,0.007171630859375,0.506496012210846,
3457,0.7605035901069641,0.00946807861328125,0.7623975872993469,
3458,0.5924497246742249,0.00859832763671875,0.5941691994667053,
3459,0.23152600228786469,0.0069427490234375,0.23291455209255219,
3460,1.070009708404541,0.01229095458984375,1.0724682807922363,
3461,0.43911245465278625,0.00954437255859375,0.44102171063423157,
3462,0.27847224473953247,0.00489044189453125,0.2794507145881653,
3463,0.45676717162132263,0.00540924072265625,0.4578486382961273,
3464,0.8553492426872253,0.00962066650390625,0.8572737574577332,
3465,0.8349401354789734,0.012420654296875,0.8374235033988953,
3466,0.6437519788742065,0.0075836181640625,0.6452683210372925,
3467,1.5507192611694336,0.0130157470703125,1.5533227920532227,
3468,0.5092366337776184,0.0074920654296875,0.5107348561286926,
3469,0.528449535369873,0.00958251953125,0.5303664207458496,
3470,0.7851336002349854,0.00943756103515625,0.7870209217071533,
3471,1.1486927270889282,0.0177154541015625,1.1522365808486938,
3472,0.8009129166603088,0.01103973388671875,0.8031216263771057,
3473,0.4582669734954834,0.00970458984375,0.4602077007293701,
3474,1.0765668153762817,0.0159454345703125,1.0797559022903442,
3475,0.8427420854568481,0.0175933837890625,0.8462611436843872,
3476,0.42375195026397705,0.0107421875,0.4258996248245239,
3477,0.44546595215797424,0.0084228515625,0.4471501410007477,
3478,0.5713601112365723,0.01010894775390625,0.5733819007873535,
3479,0.4487801790237427,0.00957489013671875,0.4506951570510864,
3480,0.8094208836555481,0.0146026611328125,0.812341034412384,
3481,0.523034930229187,0.01343536376953125,0.5257223844528198,
3482,1.3453497886657715,0.014404296875,1.3482298851013184,
3483,0.5424625873565674,0.0113067626953125,0.544724702835083,
3484,0.8887773752212524,0.00959014892578125,0.8906952142715454,
3485,0.5395990014076233,0.01212310791015625,0.542023241519928,
3486,0.4945072531700134,0.01128387451171875,0.4967636466026306,
3487,0.969829261302948,0.0121612548828125,0.9722611308097839,
3488,0.3898979723453522,0.01059722900390625,0.39201703667640686,
3489,0.2637302279472351,0.005462646484375,0.26482313871383667,
3490,0.43962568044662476,0.0098876953125,0.4416036009788513,
3491,0.7759530544281006,0.01140594482421875,0.7782342433929443,
3492,0.6582334637641907,0.01032257080078125,0.6602972149848938,
3493,1.0239956378936768,0.0142669677734375,1.0268490314483643,
3494,0.7531049251556396,0.0107269287109375,0.7552506923675537,
3495,0.5132191181182861,0.0131072998046875,0.5158398151397705,
3496,0.6456102132797241,0.00933074951171875,0.6474765539169312,
3497,0.9668030738830566,0.01055145263671875,0.9689126014709473,
3498,0.5357559323310852,0.01035308837890625,0.5378273129463196,
3499,0.3921445310115814,0.0079193115234375,0.3937285840511322,
3500,0.33832821249961853,0.0101776123046875,0.34036335349082947,
3501,0.4578256905078888,0.008331298828125,0.4594917595386505,
3502,0.4757908582687378,0.00943756103515625,0.47767817974090576,
3503,0.6843322515487671,0.00916290283203125,0.6861652135848999,
3504,0.45606133341789246,0.01000213623046875,0.45806214213371277,
3505,0.5777967572212219,0.007709503173828125,0.5793388485908508,
3506,0.7425132989883423,0.01247406005859375,0.745008111000061,
3507,0.5709433555603027,0.007297515869140625,0.5724024772644043,
3508,0.34090113639831543,0.007396697998046875,0.3423802852630615,
3509,0.3458951413631439,0.00750732421875,0.34739622473716736,
3510,0.9211567640304565,0.01372528076171875,0.9239014387130737,
3511,0.6617099642753601,0.0097808837890625,0.6636669039726257,
3512,0.5912367105484009,0.0089111328125,0.5930191278457642,
3513,0.759615957736969,0.00945281982421875,0.7615061402320862,
3514,0.4415246248245239,0.007678985595703125,0.443060040473938,
3515,0.418129026889801,0.009613037109375,0.420051634311676,
3516,0.6845617294311523,0.01177215576171875,0.686915397644043,
3517,0.48354285955429077,0.01168060302734375,0.4858793616294861,
3518,0.5956820845603943,0.0103607177734375,0.5977534651756287,
3519,0.5124278664588928,0.008697509765625,0.5141673684120178,
3520,0.5136993527412415,0.0090484619140625,0.5155094265937805,
3521,0.37317386269569397,0.006740570068359375,0.3745223581790924,
3522,0.7512684464454651,0.011077880859375,0.7534847855567932,
3523,0.5724414587020874,0.01151275634765625,0.5747436285018921,
3524,0.7998808026313782,0.01055145263671875,0.8019903302192688,
3525,0.3365746736526489,0.006626129150390625,0.3379002809524536,
3526,0.5979134440422058,0.01032257080078125,0.5999771952629089,
3527,0.3962858021259308,0.01059722900390625,0.3984048664569855,
3528,0.5063024163246155,0.00786590576171875,0.5078759789466858,
3529,0.7700831294059753,0.0121917724609375,0.7725207209587097,
3530,0.5088788270950317,0.0097198486328125,0.5108224153518677,
3531,0.3552122414112091,0.0068206787109375,0.35657599568367004,
3532,0.6831498146057129,0.01297760009765625,0.6857457160949707,
3533,0.3907531797885895,0.011444091796875,0.3930419981479645,
3534,0.5833485722541809,0.01155853271484375,0.5856602787971497,
3535,0.8331621885299683,0.01215362548828125,0.8355921506881714,
3536,0.9648206233978271,0.01030731201171875,0.9668824672698975,
3537,0.6497234106063843,0.01239013671875,0.6522010564804077,
3538,0.6219683289527893,0.0100860595703125,0.6239863038063049,
3539,0.3537806570529938,0.00821685791015625,0.35542383790016174,
3540,0.6137683987617493,0.01202392578125,0.6161735653877258,
3541,0.5513177514076233,0.010833740234375,0.5534844994544983,
3542,0.6578477025032043,0.01100921630859375,0.66004878282547,
3543,0.9400323033332825,0.01204681396484375,0.9424412846565247,
3544,0.37284722924232483,0.0112762451171875,0.3751017153263092,
3545,0.4124957025051117,0.00908660888671875,0.414313405752182,
3546,0.3414447009563446,0.0073394775390625,0.3429124057292938,
3547,0.6553819179534912,0.009857177734375,0.6573541164398193,
3548,0.5797379612922668,0.00907135009765625,0.5815518498420715,
3549,0.682500422000885,0.01166534423828125,0.6848331093788147,
3550,0.28729894757270813,0.00701904296875,0.28870275616645813,
3551,0.45456114411354065,0.007556915283203125,0.45607271790504456,
3552,0.9162206649780273,0.01152801513671875,0.9185266494750977,
3553,0.6250607967376709,0.009307861328125,0.6269223690032959,
3554,0.29060637950897217,0.00494384765625,0.29159533977508545,
3555,0.6147210001945496,0.01251220703125,0.6172234416007996,
3556,0.5330179929733276,0.00911712646484375,0.5348414182662964,
3557,0.5645617842674255,0.0097198486328125,0.5665053725242615,
3558,0.3019874691963196,0.006145477294921875,0.30321675539016724,
3559,0.5837690234184265,0.00737762451171875,0.585244357585907,
3560,0.47671079635620117,0.0098114013671875,0.47867345809936523,
3561,0.49344709515571594,0.010162353515625,0.49548032879829407,
3562,0.33083686232566833,0.007221221923828125,0.3322807252407074,
3563,0.523752748966217,0.009307861328125,0.525614321231842,
3564,0.6135758757591248,0.00823211669921875,0.6152219176292419,
3565,0.6944140195846558,0.00978851318359375,0.6963709592819214,
3566,0.3579076826572418,0.007556915283203125,0.3594192564487457,
3567,0.5396631956100464,0.0093231201171875,0.5415276288986206,
3568,0.3184627890586853,0.00923919677734375,0.3203110098838806,
3569,0.6052526831626892,0.00865936279296875,0.606984555721283,
3570,0.926329493522644,0.01236724853515625,0.9288033246994019,
3571,0.4536663293838501,0.01087188720703125,0.45584070682525635,
3572,0.7228813767433167,0.01259613037109375,0.725400984287262,
3573,0.4235357940196991,0.007526397705078125,0.42504069209098816,
3574,1.2370319366455078,0.012115478515625,1.2394542694091797,
3575,0.5075471997261047,0.00890350341796875,0.5093277096748352,
3576,0.5739265084266663,0.01267242431640625,0.5764613747596741,
3577,0.6521228551864624,0.01392364501953125,0.6549075841903687,
3578,0.587655782699585,0.01398468017578125,0.5904519557952881,
3579,0.3875104784965515,0.01033782958984375,0.38957804441452026,
3580,0.6166555881500244,0.0112457275390625,0.6189043521881104,
3581,0.3905746340751648,0.00778961181640625,0.3921329379081726,
3582,0.5634328126907349,0.00908660888671875,0.5652505159378052,
3583,0.4702765941619873,0.00994873046875,0.47226595878601074,
3584,0.3886621296405792,0.0089263916015625,0.3904474079608917,
3585,0.8787636160850525,0.0137176513671875,0.8815063834190369,
3586,0.39465197920799255,0.00821685791015625,0.3962951600551605,
3587,0.6703424453735352,0.00905609130859375,0.6721534729003906,
3588,0.37355396151542664,0.006603240966796875,0.3748748004436493,
3589,0.49251788854599,0.00919342041015625,0.49435657262802124,
3590,0.4181579053401947,0.007114410400390625,0.4195807874202728,
3591,0.5243327617645264,0.00978851318359375,0.526289701461792,
3592,0.5998361706733704,0.0099029541015625,0.6018159985542297,
3593,0.5765218734741211,0.007354736328125,0.5779924392700195,
3594,0.9603582620620728,0.0153045654296875,0.9634195566177368,
3595,0.9003729224205017,0.0099334716796875,0.9023603796958923,
3596,0.7829612493515015,0.01157379150390625,0.7852767705917358,
3597,0.6595606803894043,0.00970458984375,0.661501407623291,
3598,0.757440984249115,0.010986328125,0.759638249874115,
3599,0.602892279624939,0.0101470947265625,0.6049216985702515,
3600,0.4199591279029846,0.00986480712890625,0.42193132638931274,
3601,0.9184883832931519,0.01049041748046875,0.9205864667892456,
3602,0.7318548560142517,0.0114288330078125,0.7341398596763611,
3603,0.41511276364326477,0.006290435791015625,0.4163706600666046,
3604,0.31880983710289,0.00708770751953125,0.3202269971370697,
3605,0.9344324469566345,0.01082611083984375,0.9365972876548767,
3606,0.3753395080566406,0.0055694580078125,0.3764533996582031,
3607,1.3009854555130005,0.0146026611328125,1.3039056062698364,
3608,0.947698712348938,0.0126800537109375,0.9502354860305786,
3609,0.445167601108551,0.00823211669921875,0.4468136429786682,
3610,1.0249065160751343,0.011566162109375,1.0272201299667358,
3611,0.5083195567131042,0.007221221923828125,0.5097634196281433,
3612,0.5962820053100586,0.00890350341796875,0.5980625152587891,
3613,0.5685772895812988,0.01073455810546875,0.5707249641418457,
3614,0.6532977819442749,0.01038360595703125,0.6553748846054077,
3615,0.822131335735321,0.01099395751953125,0.8243305087089539,
3616,0.6313812136650085,0.0102081298828125,0.6334220767021179,
3617,0.7241656184196472,0.01282501220703125,0.72673100233078,
3618,0.601332426071167,0.00951385498046875,0.6032350063323975,
3619,0.515487015247345,0.00794219970703125,0.5170758366584778,
3620,0.389009952545166,0.0078277587890625,0.3905758857727051,
3621,0.8964676856994629,0.01125335693359375,0.8987183570861816,
3622,0.6450192928314209,0.0074920654296875,0.6465175151824951,
3623,0.49522003531455994,0.00804901123046875,0.4968298375606537,
3624,0.2795349657535553,0.00743865966796875,0.28102269768714905,
3625,0.6850264072418213,0.00782012939453125,0.6865904331207275,
3626,0.5203081965446472,0.006946563720703125,0.5216977000236511,
3627,0.5775244832038879,0.01126861572265625,0.5797789692878723,
3628,0.7225176095962524,0.00966644287109375,0.7244507074356079,
3629,0.6605346202850342,0.0102386474609375,0.6625831127166748,
3630,0.7085354328155518,0.00846099853515625,0.7102272510528564,
3631,0.5877532362937927,0.0104217529296875,0.5898379683494568,
3632,0.8036490678787231,0.01049041748046875,0.8057471513748169,
3633,0.7813393473625183,0.0155029296875,0.7844406962394714,
3634,0.7671725153923035,0.010528564453125,0.7692782282829285,
3635,0.2742987871170044,0.00804901123046875,0.27590858936309814,
3636,0.7497425675392151,0.00989532470703125,0.7517223954200745,
3637,1.0475289821624756,0.0167999267578125,1.0508897304534912,
3638,0.6698980331420898,0.009613037109375,0.6718206405639648,
3639,0.6092026233673096,0.00925445556640625,0.6110537052154541,
3640,0.548902690410614,0.01061248779296875,0.5510255694389343,
3641,0.746579110622406,0.01097869873046875,0.7487744688987732,
3642,0.43943071365356445,0.00630950927734375,0.4406924247741699,
3643,0.6961608529090881,0.0102081298828125,0.6982017159461975,
3644,0.6624124050140381,0.014129638671875,0.6652390956878662,
3645,0.6782288551330566,0.00901031494140625,0.6800312995910645,
3646,0.6902327537536621,0.0105133056640625,0.6923346519470215,
3647,0.9131513237953186,0.01265716552734375,0.9156823754310608,
3648,0.9506952166557312,0.01219940185546875,0.9531347155570984,
3649,0.6615182757377625,0.00933074951171875,0.6633846163749695,
3650,0.5798538327217102,0.00864410400390625,0.5815828442573547,
3651,0.9362337589263916,0.01277923583984375,0.9387896060943604,
3652,0.8021420836448669,0.011260986328125,0.8043946623802185,
3653,0.4394646883010864,0.009185791015625,0.44130146503448486,
3654,1.3057994842529297,0.01433563232421875,1.3086662292480469,
3655,0.4787156879901886,0.00836181640625,0.48038843274116516,
3656,0.2942870557308197,0.005580902099609375,0.295402854681015,
3657,0.9400686621665955,0.0126190185546875,0.9425920844078064,
3658,0.3400081396102905,0.006954193115234375,0.34139859676361084,
3659,0.6019284129142761,0.01094818115234375,0.6041180491447449,
3660,0.5981969833374023,0.01097869873046875,0.6003923416137695,
3661,0.9848456978797913,0.01137542724609375,0.9871211647987366,
3662,0.5790539979934692,0.0077362060546875,0.5806008577346802,
3663,0.6062397360801697,0.011505126953125,0.6085399985313416,
3664,0.48412537574768066,0.007415771484375,0.4856083393096924,
3665,0.8439949154853821,0.0093231201171875,0.8458593487739563,
3666,0.3446539044380188,0.0061798095703125,0.3458898663520813,
3667,0.448380708694458,0.00811004638671875,0.45000290870666504,
3668,0.60845947265625,0.00811004638671875,0.610081672668457,
3669,0.5282903909683228,0.008575439453125,0.5300050973892212,
3670,0.33525508642196655,0.007198333740234375,0.33669513463974,
3671,0.41076964139938354,0.00901031494140625,0.41257208585739136,
3672,1.0144233703613281,0.01514434814453125,1.0174522399902344,
3673,0.3680369555950165,0.0077972412109375,0.3695962131023407,
3674,0.38414227962493896,0.005840301513671875,0.3853105306625366,
3675,0.8516181111335754,0.01227569580078125,0.8540728688240051,
3676,0.487801730632782,0.00910186767578125,0.4896222949028015,
3677,0.6333553791046143,0.01134490966796875,0.6356251239776611,
3678,0.668015718460083,0.0111541748046875,0.6702473163604736,
3679,0.5314226746559143,0.00768280029296875,0.5329590439796448,
3680,0.7037608623504639,0.010406494140625,0.7058417797088623,
3681,0.6688204407691956,0.00989532470703125,0.6708002686500549,
3682,0.6845390796661377,0.00836181640625,0.6862118244171143,
3683,0.3681456446647644,0.00594329833984375,0.3693339228630066,
3684,0.264972984790802,0.005157470703125,0.26600486040115356,
3685,0.5159139633178711,0.0076904296875,0.5174522399902344,
3686,0.8255192637443542,0.01329803466796875,0.8281781077384949,
3687,0.7197348475456238,0.01055145263671875,0.7218443751335144,
3688,0.6528016328811646,0.00974273681640625,0.6547499895095825,
3689,0.43390321731567383,0.007144927978515625,0.4353318214416504,
3690,0.9227859377861023,0.01409912109375,0.9256049990653992,
3691,0.6689656972885132,0.00940704345703125,0.6708472967147827,
3692,0.5362766981124878,0.0093841552734375,0.5381535291671753,
3693,0.7348961234092712,0.01013946533203125,0.7369236350059509,
3694,0.30094507336616516,0.0084228515625,0.3026292622089386,
3695,0.7410864233970642,0.00908660888671875,0.7429041266441345,
3696,0.7695096731185913,0.009246826171875,0.771358847618103,
3697,0.81023770570755,0.01213836669921875,0.8126657605171204,
3698,1.500132441520691,0.01727294921875,1.5035866498947144,
3699,0.935918390750885,0.01309967041015625,0.9385390877723694,
3700,0.4909448027610779,0.008941650390625,0.4927329421043396,
3701,0.6360702514648438,0.010223388671875,0.6381149291992188,
3702,0.6690372228622437,0.0107269287109375,0.6711829900741577,
3703,0.4479161500930786,0.006439208984375,0.44920361042022705,
3704,0.5319991111755371,0.007965087890625,0.5335917472839355,
3705,0.46141573786735535,0.007442474365234375,0.4629044234752655,
3706,0.407508909702301,0.011962890625,0.4099007248878479,
3707,0.5322737693786621,0.00795745849609375,0.5338654518127441,
3708,1.0000895261764526,0.015655517578125,1.0032213926315308,
3709,0.6478670835494995,0.0131378173828125,0.6504954099655151,
3710,0.47742053866386414,0.007663726806640625,0.478953093290329,
3711,0.6215502619743347,0.014617919921875,0.6244742274284363,
3712,0.5658443570137024,0.0078582763671875,0.5674160122871399,
3713,0.6494411826133728,0.01151275634765625,0.6517433524131775,
3714,0.6594887971878052,0.0090484619140625,0.6612988710403442,
3715,0.5666947364807129,0.00746917724609375,0.5681881904602051,
3716,0.6597020030021667,0.01251983642578125,0.6622063517570496,
3717,0.3029197156429291,0.00664520263671875,0.3042491376399994,
3718,0.8221834897994995,0.0118255615234375,0.824548602104187,
3719,0.8101537823677063,0.01361846923828125,0.8128774762153625,
3720,0.8808879256248474,0.0170745849609375,0.8843020796775818,
3721,0.7178524136543274,0.0138092041015625,0.7206142544746399,
3722,0.7829639315605164,0.01422119140625,0.7858077883720398,
3723,0.5478853583335876,0.008697509765625,0.5496248602867126,
3724,0.6818318367004395,0.01323699951171875,0.6844792366027832,
3725,0.5956746935844421,0.0118408203125,0.5980436205863953,
3726,0.520817220211029,0.008056640625,0.5224289298057556,
3727,0.6113488674163818,0.0136871337890625,0.6140859127044678,
3728,0.6375817060470581,0.010986328125,0.6397789716720581,
3729,1.1106466054916382,0.01320648193359375,1.1132882833480835,
3730,0.6901880502700806,0.010040283203125,0.6921964883804321,
3731,0.6900515556335449,0.00992584228515625,0.6920371055603027,
3732,0.5707488656044006,0.014373779296875,0.5736232399940491,
3733,0.6808184385299683,0.016571044921875,0.6841334104537964,
3734,0.5735190510749817,0.0132598876953125,0.5761702656745911,
3735,0.6426726579666138,0.011322021484375,0.6449366807937622,
3736,0.5802371501922607,0.01102447509765625,0.582442045211792,
3737,1.0032243728637695,0.0113983154296875,1.0055036544799805,
3738,0.6929829120635986,0.0100860595703125,0.6950008869171143,
3739,0.4018413722515106,0.008270263671875,0.40349504351615906,
3740,0.6287164688110352,0.00888824462890625,0.6304941177368164,
3741,0.629318356513977,0.0097198486328125,0.631261944770813,
3742,0.6661339998245239,0.01148223876953125,0.6684304475784302,
3743,0.518979012966156,0.00933837890625,0.5208463072776794,
3744,0.3651075065135956,0.007595062255859375,0.36662670969963074,
3745,0.4722265899181366,0.0099334716796875,0.4742140471935272,
3746,0.7549576759338379,0.01031494140625,0.757021427154541,
3747,0.4147952198982239,0.0096588134765625,0.41672736406326294,
3748,0.8344184160232544,0.01045989990234375,0.8365107774734497,
3749,0.5130068063735962,0.010284423828125,0.5150629281997681,
3750,0.8011613488197327,0.01291656494140625,0.8037438988685608,
3751,0.9547106623649597,0.01108551025390625,0.9569270014762878,
3752,0.5831699967384338,0.01016998291015625,0.585203230381012,
3753,0.758384108543396,0.0105743408203125,0.7604993581771851,
3754,0.8186956644058228,0.010955810546875,0.8208872079849243,
3755,0.6154970526695251,0.01416015625,0.6183294653892517,
3756,0.5596174001693726,0.01100921630859375,0.5618184804916382,
3757,0.5123060941696167,0.0107574462890625,0.5144575834274292,
3758,0.9675707221031189,0.0135040283203125,0.9702715277671814,
3759,0.8486316800117493,0.008941650390625,0.850419819355011,
3760,1.0554147958755493,0.0129547119140625,1.0580049753189087,
3761,0.6245666742324829,0.008636474609375,0.6262937784194946,
3762,0.47028234601020813,0.00864410400390625,0.47201135754585266,
3763,0.9043976068496704,0.01271820068359375,0.9069420099258423,
3764,0.6438711881637573,0.01053619384765625,0.6459788084030151,
3765,0.564033031463623,0.0085601806640625,0.5657448768615723,
3766,0.7181056141853333,0.01255035400390625,0.7206156849861145,
3767,0.5659968256950378,0.01194000244140625,0.5683848261833191,
3768,0.6374596953392029,0.0104827880859375,0.6395558714866638,
3769,0.3963142931461334,0.007781982421875,0.3978706896305084,
3770,0.2695941627025604,0.005603790283203125,0.27071473002433777,
3771,1.0026310682296753,0.009765625,1.0045841932296753,
3772,0.5090948343276978,0.00865936279296875,0.5108267068862915,
3773,0.8948470950126648,0.01155853271484375,0.8971588015556335,
3774,0.46930012106895447,0.0102691650390625,0.47135433554649353,
3775,0.431028813123703,0.006832122802734375,0.43239542841911316,
3776,0.5001820921897888,0.00836181640625,0.5018548369407654,
3777,0.7775886058807373,0.00984954833984375,0.7795588970184326,
3778,0.9057465195655823,0.0164337158203125,0.9090328812599182,
3779,0.5651374459266663,0.010986328125,0.5673347115516663,
3780,0.32015570998191833,0.00850677490234375,0.3218570649623871,
3781,0.4944521486759186,0.008575439453125,0.496166855096817,
3782,1.1000676155090332,0.0091705322265625,1.1019015312194824,
3783,1.0774856805801392,0.015777587890625,1.080640435218811,
3784,0.8501572608947754,0.0104827880859375,0.8522534370422363,
3785,0.5830106139183044,0.0097198486328125,0.5849542021751404,
3786,0.39800727367401123,0.00827789306640625,0.3996628522872925,
3787,0.35011401772499084,0.006938934326171875,0.35150161385536194,
3788,0.8165286779403687,0.01190185546875,0.8189090490341187,
3789,0.4023648798465729,0.007038116455078125,0.4037725031375885,
3790,0.44515374302864075,0.00820159912109375,0.4467940628528595,
3791,0.8097443580627441,0.01348876953125,0.812441349029541,
3792,0.7012760043144226,0.01181793212890625,0.7036392092704773,
3793,0.5908696055412292,0.010009765625,0.5928723216056824,
3794,0.505143940448761,0.010894775390625,0.5073221325874329,
3795,0.37604770064353943,0.008087158203125,0.37766513228416443,
3796,0.3096567988395691,0.005664825439453125,0.3107897639274597,
3797,0.5392130613327026,0.01013946533203125,0.5412405729293823,
3798,1.0513625144958496,0.01442718505859375,1.054248332977295,
3799,0.5580769181251526,0.0079345703125,0.5596638321876526,
3800,0.42614099383354187,0.009033203125,0.4279472529888153,
3801,0.584161102771759,0.00853729248046875,0.5858681797981262,
3802,0.9448760747909546,0.01080322265625,0.9470371007919312,
3803,0.3906572759151459,0.00821685791015625,0.39230045676231384,
3804,0.7768592834472656,0.01016998291015625,0.7788925170898438,
3805,0.6544287800788879,0.0107269287109375,0.656574547290802,
3806,0.8418867588043213,0.011871337890625,0.8442614078521729,
3807,0.5300779938697815,0.00833892822265625,0.531745970249176,
3808,0.7542544603347778,0.00995635986328125,0.7562457323074341,
3809,0.8445225358009338,0.00811767578125,0.8461456894874573,
3810,0.527184247970581,0.00769805908203125,0.5287234783172607,
3811,0.7929325699806213,0.010223388671875,0.7949772477149963,
3812,0.6662711501121521,0.0106048583984375,0.6683921217918396,
3813,0.6169870495796204,0.00799560546875,0.6185863614082336,
3814,0.6764004230499268,0.01474761962890625,0.6793491840362549,
3815,0.8577057123184204,0.01544189453125,0.8607937097549438,
3816,0.6150161027908325,0.01202392578125,0.6174212694168091,
3817,1.1056803464889526,0.01207733154296875,1.1080950498580933,
3818,0.5791593194007874,0.01029205322265625,0.581217348575592,
3819,0.3360804319381714,0.0059661865234375,0.3372734785079956,
3820,0.4010103940963745,0.00714111328125,0.4024389982223511,
3821,0.9757761359214783,0.01241302490234375,0.9782595038414001,
3822,0.3916061818599701,0.00652313232421875,0.39291080832481384,
3823,0.9444406628608704,0.01043701171875,0.9465273022651672,
3824,0.7312241792678833,0.0090484619140625,0.7330342531204224,
3825,0.896005392074585,0.01122283935546875,0.8982503414154053,
3826,0.4643781781196594,0.00833892822265625,0.46604615449905396,
3827,1.0187886953353882,0.0162200927734375,1.0220330953598022,
3828,0.5576349496841431,0.012786865234375,0.5601927042007446,
3829,0.4780259430408478,0.006664276123046875,0.4793591797351837,
3830,0.5643216371536255,0.00885772705078125,0.5660935640335083,
3831,0.6967464685440063,0.013519287109375,0.6994510889053345,
3832,0.858692467212677,0.010650634765625,0.8608229756355286,
3833,0.7490736842155457,0.015716552734375,0.7522169947624207,
3834,0.5184898376464844,0.00887298583984375,0.5202646255493164,
3835,0.8571431636810303,0.01247406005859375,0.859637975692749,
3836,0.3263551890850067,0.005817413330078125,0.32751867175102234,
3837,0.9817909598350525,0.01325225830078125,0.9844421744346619,
3838,0.9431014060974121,0.01446533203125,0.9459948539733887,
3839,0.6744393110275269,0.00951385498046875,0.6763418912887573,
3840,0.5434102416038513,0.0136566162109375,0.5461415648460388,
3841,0.6093579530715942,0.01337432861328125,0.6120320558547974,
3842,0.44735801219940186,0.0093536376953125,0.4492291212081909,
3843,0.917822003364563,0.01415252685546875,0.9206525087356567,
3844,0.6017309427261353,0.01129150390625,0.6039892435073853,
3845,0.7782527208328247,0.012420654296875,0.7807360887527466,
3846,0.6522027850151062,0.0094146728515625,0.6540853381156921,
3847,0.5518063902854919,0.01282501220703125,0.5543717741966248,
3848,0.8687621355056763,0.01169586181640625,0.8711005449295044,
3849,0.5308082103729248,0.0091552734375,0.5326392650604248,
3850,1.0097044706344604,0.01093292236328125,1.0118902921676636,
3851,0.45196643471717834,0.008636474609375,0.45369353890419006,
3852,0.5370587706565857,0.01103973388671875,0.5392674803733826,
3853,0.860457181930542,0.00974273681640625,0.86240553855896,
3854,0.3137170374393463,0.006397247314453125,0.3149968683719635,
3855,0.6703615784645081,0.01190185546875,0.6727419495582581,
3856,0.7707384824752808,0.0124664306640625,0.7732313871383667,
3857,0.5164703726768494,0.0085906982421875,0.5181888937950134,
3858,0.31052449345588684,0.0066375732421875,0.31185200810432434,
3859,0.76884925365448,0.01214599609375,0.7712792158126831,
3860,0.6303635835647583,0.00894927978515625,0.6321536302566528,
3861,0.4123954772949219,0.00873565673828125,0.4141426086425781,
3862,0.5095971822738647,0.01088714599609375,0.5117753744125366,
3863,0.6552262306213379,0.00868988037109375,0.6569638252258301,
3864,0.49411988258361816,0.00811004638671875,0.4957420825958252,
3865,0.7352241277694702,0.00994873046875,0.7372134923934937,
3866,0.899451494216919,0.01129913330078125,0.9017117023468018,
3867,1.0322892665863037,0.01213836669921875,1.034717321395874,
3868,0.5728713870048523,0.01068115234375,0.5750076174736023,
3869,0.46656468510627747,0.00832366943359375,0.4682298004627228,
3870,0.6691884994506836,0.009307861328125,0.6710500717163086,
3871,0.5007573366165161,0.00904083251953125,0.5025655031204224,
3872,0.7466282844543457,0.01064300537109375,0.7487568855285645,
3873,0.3670060932636261,0.00577545166015625,0.36816099286079407,
3874,0.6752675771713257,0.0098724365234375,0.6772416830062866,
3875,0.6029239296913147,0.00799560546875,0.604523241519928,
3876,0.5181800723075867,0.00664520263671875,0.519509494304657,
3877,0.6995869278907776,0.0088958740234375,0.7013664841651917,
3878,1.1856616735458374,0.010986328125,1.1878589391708374,
3879,0.8855840563774109,0.0103912353515625,0.8876630663871765,
3880,1.0574997663497925,0.01146697998046875,1.059792399406433,
3881,0.6908719539642334,0.00551605224609375,0.6919753551483154,
3882,0.5904054045677185,0.010406494140625,0.5924863219261169,
3883,0.7153007984161377,0.01216888427734375,0.7177345752716064,
3884,0.6089625358581543,0.010894775390625,0.6111407279968262,
3885,0.40870726108551025,0.0101776123046875,0.4107424020767212,
3886,0.72539883852005,0.01512908935546875,0.7284238934516907,
3887,0.4498710036277771,0.010772705078125,0.4520263075828552,
3888,0.6846931576728821,0.012054443359375,0.6871040463447571,
3889,0.7729475498199463,0.013336181640625,0.7756140232086182,
3890,0.7745032906532288,0.015716552734375,0.7776466012001038,
3891,0.8578534722328186,0.01107025146484375,0.8600679039955139,
3892,0.31738799810409546,0.00609588623046875,0.31860679388046265,
3893,0.40472060441970825,0.00791168212890625,0.4063027501106262,
3894,0.4139687716960907,0.008392333984375,0.4156472384929657,
3895,0.4750600755214691,0.00699615478515625,0.4764591157436371,
3896,0.572640061378479,0.0095977783203125,0.5745598077774048,
3897,0.604511559009552,0.008819580078125,0.6062758564949036,
3898,0.46866825222969055,0.01190948486328125,0.47105053067207336,
3899,0.7645118236541748,0.00982666015625,0.7664763927459717,
3900,0.43147024512290955,0.008697509765625,0.43320974707603455,
3901,0.7631794214248657,0.01328277587890625,0.7658363580703735,
3902,0.9109655618667603,0.01287078857421875,0.9135404825210571,
3903,0.6433233618736267,0.01248931884765625,0.6458219885826111,
3904,0.9646918773651123,0.0122222900390625,0.9671370983123779,
3905,0.41052210330963135,0.00722503662109375,0.4119669198989868,
3906,0.5151252150535583,0.00927734375,0.5169810652732849,
3907,0.6419536471366882,0.00939178466796875,0.6438323855400085,
3908,0.7477176785469055,0.011260986328125,0.7499702572822571,
3909,0.7842214703559875,0.00905609130859375,0.786032497882843,
3910,0.997109591960907,0.01395416259765625,0.9999000430107117,
3911,0.6057581305503845,0.009521484375,0.6076626181602478,
3912,0.8622916340827942,0.01120758056640625,0.8645327687263489,
3913,0.5241292119026184,0.01047515869140625,0.5262234807014465,
3914,0.33159172534942627,0.007534027099609375,0.33309853076934814,
3915,0.7531765103340149,0.0114898681640625,0.755474865436554,
3916,0.6804038286209106,0.01158905029296875,0.6827212572097778,
3917,0.7437928318977356,0.011627197265625,0.746117889881134,
3918,0.4310256242752075,0.00681304931640625,0.43238842487335205,
3919,0.609316885471344,0.00992584228515625,0.6113024353981018,
3920,1.0868045091629028,0.01419830322265625,1.0896445512771606,
3921,0.918005645275116,0.00994873046875,0.9199950098991394,
3922,0.5474486351013184,0.0083465576171875,0.5491175651550293,
3923,0.3864217698574066,0.00682830810546875,0.38778743147850037,
3924,0.6685413718223572,0.007965087890625,0.6701340079307556,
3925,0.5546688437461853,0.0099945068359375,0.5566677451133728,
3926,0.7163736820220947,0.00917816162109375,0.7182095050811768,
3927,0.8547593355178833,0.01288604736328125,0.857336163520813,
3928,0.5982262492179871,0.01080322265625,0.6003872752189636,
3929,0.4693167507648468,0.00870513916015625,0.4710581600666046,
3930,0.8181027770042419,0.00916290283203125,0.8199357390403748,
3931,0.8394876718521118,0.01134490966796875,0.8417574167251587,
3932,0.5173447132110596,0.006866455078125,0.5187180042266846,
3933,0.7901355624198914,0.011474609375,0.7924301028251648,
3934,0.6538070440292358,0.00937652587890625,0.6556819677352905,
3935,0.7473039031028748,0.01222991943359375,0.7497491240501404,
3936,0.43844956159591675,0.0086822509765625,0.44018620252609253,
3937,0.3381161391735077,0.005458831787109375,0.33920809626579285,
3938,0.8121346235275269,0.01270294189453125,0.8146752119064331,
3939,0.6495794653892517,0.012603759765625,0.6521009802818298,
3940,0.8917854428291321,0.00952911376953125,0.8936908841133118,
3941,0.6719034910202026,0.01161956787109375,0.6742266416549683,
3942,0.4953606128692627,0.00843048095703125,0.49704670906066895,
3943,0.4328806698322296,0.0081787109375,0.43451622128486633,
3944,0.9410772323608398,0.01140594482421875,0.9433584213256836,
3945,0.558481752872467,0.00806427001953125,0.56009441614151,
3946,0.5536428689956665,0.00635528564453125,0.554914116859436,
3947,0.7214276790618896,0.014129638671875,0.7242543697357178,
3948,0.6261109709739685,0.006977081298828125,0.6275061964988708,
3949,0.35556963086128235,0.004608154296875,0.356491357088089,
3950,0.735308825969696,0.010528564453125,0.737414538860321,
3951,0.3591200113296509,0.005886077880859375,0.3602968454360962,
3952,0.43266761302948,0.007373809814453125,0.43414199352264404,
3953,0.46607765555381775,0.00684356689453125,0.4674461781978607,
3954,0.5754028558731079,0.0087127685546875,0.5771452188491821,
3955,0.4832143187522888,0.0091705322265625,0.48504823446273804,
3956,0.9607313871383667,0.010498046875,0.9628313779830933,
3957,0.6755643486976624,0.00827789306640625,0.6772199273109436,
3958,1.0207265615463257,0.0103607177734375,1.02279794216156,
3959,0.41902583837509155,0.00518798828125,0.42006343603134155,
3960,0.6677085161209106,0.00909423828125,0.6695271730422974,
3961,0.6013223528862,0.00998687744140625,0.6033193469047546,
3962,0.8524206876754761,0.01493072509765625,0.8554075956344604,
3963,0.38447824120521545,0.006793975830078125,0.38583722710609436,
3964,0.4149091839790344,0.00823974609375,0.4165571331977844,
3965,0.28069740533828735,0.004863739013671875,0.28167015314102173,
3966,0.5432167649269104,0.0128021240234375,0.5457764267921448,
3967,0.4645316004753113,0.0101776123046875,0.4665667414665222,
3968,0.3820731043815613,0.00788116455078125,0.3836495280265808,
3969,0.5451846718788147,0.00728607177734375,0.5466418862342834,
3970,0.4954276382923126,0.006992340087890625,0.4968257248401642,
3971,0.569963812828064,0.00775909423828125,0.5715154409408569,
3972,0.5216810703277588,0.007129669189453125,0.5231068134307861,
3973,0.9620971083641052,0.01197052001953125,0.9644908308982849,
3974,0.5936440825462341,0.00859832763671875,0.5953635573387146,
3975,0.9679823517799377,0.01041412353515625,0.970065176486969,
3976,0.7049980759620667,0.01071929931640625,0.7071419358253479,
3977,0.5015382766723633,0.00909423828125,0.50335693359375,
3978,0.537272036075592,0.006748199462890625,0.5386214852333069,
3979,0.7334801554679871,0.01143646240234375,0.7357670664787292,
3980,0.3425655663013458,0.00936126708984375,0.3444376289844513,
3981,0.9142062067985535,0.00920867919921875,0.9160477519035339,
3982,0.8264398574829102,0.01004791259765625,0.8284502029418945,
3983,0.46941033005714417,0.0073089599609375,0.47087231278419495,
3984,0.6250487565994263,0.007648468017578125,0.6265784502029419,
3985,0.9812189936637878,0.0111236572265625,0.9834429621696472,
3986,0.8492966890335083,0.00921630859375,0.8511401414871216,
3987,0.5605615377426147,0.0074615478515625,0.5620540380477905,
3988,0.4276169240474701,0.006786346435546875,0.4289740025997162,
3989,0.39731037616729736,0.006130218505859375,0.3985368013381958,
3990,0.3472379446029663,0.004852294921875,0.34820830821990967,
3991,0.7215178608894348,0.01073455810546875,0.7236655354499817,
3992,0.5497555136680603,0.0140380859375,0.5525631308555603,
3993,0.3543589413166046,0.00789642333984375,0.35593822598457336,
3994,1.0977776050567627,0.0160980224609375,1.1009972095489502,
3995,0.7027753591537476,0.0121002197265625,0.7051957845687866,
3996,0.286641001701355,0.00580596923828125,0.2878025770187378,
3997,1.0592761039733887,0.01236724853515625,1.0617499351501465,
3998,0.7133163213729858,0.01313018798828125,0.7159427404403687,
3999,0.761482834815979,0.00838470458984375,0.7631593942642212,
4000,0.4742753803730011,0.00939178466796875,0.4761541187763214,51.52671755725191
